Адрес,Title 1,Description 1,Индексация,H1-1,Статус индексации,H1-1 длина,H2-1,H2-1 длина,H2-2,H2-2 длина,Meta Robots 1,X-Robots-Tag 1,Meta Refresh 1,Canonical 1,"rel=""next"" 1","rel=""prev"" 1","HTTP rel=""next"" 1","HTTP rel=""prev"" 1",amphtml,Передано (байт),Всего передано (байт),CO2 (мг),Рейтинг углерода,Количество слов,Количество предложений,Среднее количество слов в предложении,Оценка удобочитаемости по шкале Flesch,Читабельность,Соотношение текста,Глубина парсинга,Глубина папки,Link Score,Внутренние ссылки,Уникальные входящие ссылки,Уникальные входящие ссылки JS,% от общего,Исходящие ссылки,Уникальные исходящие ссылки,Уникальные исходящие ссылки JS,Внешние ссылки,Уникальные внешние ссылки,Уникальные внешние ссылки JS,Ближайшее сходство,Кол-во близких дубликатов,Орфографические ошибки,Грамматические ошибки,Hash,Время отклика,Last Modified,Redirect URL,Тип редиректа,Cookies,Language,HTTP версия,Альтернативная мобильная ссылка,Кодированный адрес URL,Временная метка парсинга
https://cpp-globez.ru/,"Центр профессиональной подготовки — обучение охранников, лицензии, стрельба","Центр профессиональной подготовки охранников в Мытищах. Обучение стрельбе, повышение квалификации охранников, получение разрешения на оружие и продление лицензии. Курсы ЧОУ ДПО «ЦПП» с 1998 года — профессиональная подготовка и аттестация частных охранников.",Неиндексируемое,Центр профессиональной подготовки и обучения,Неканонический,44,"Обучение стрельбе, получение лицензии, разрешение на оружие",59,Преподавательский состав,24,"INDEX,FOLLOW",,,https://cpp-globez.ru/получение-лицензии-на-оружие,,,,,,15193,15193,"5,385994465",,974,238,"4,092436975",100,Очень легко,"12,111502",0,0,,703,144,0,100,101,47,0,6,6,0,,,,,a4fb74cc928a9463d13cb05d30658b89,"0,339","Wed, 08 Apr 2026 18:57:57 GMT",,,,ru-ru,1.1,,https://cpp-globez.ru/,2026-04-08 19:57:57
https://cpp-globez.ru/приказы/распоряжение-во-исполнение-приказа-мвд-россии-от-19-06-2006-№-447-по-организации-и-приёму-квалификационного-экзамена-у-граждан-необходимого-для-приобретения-правового-статуса-частного-охранника,"распоряжение-во-исполнение-приказа-мвд-россии-от-19-06-2006-№-447-«по-организации-и-приёму-квалификационного-экзамена-у-граждан,-необходимого-для-приобретения-правового-статуса-частного-охранника» | prikaz",от 20.01.2021 года,Индексируемое,"Распоряжение: Во исполнение приказа МВД России от 19.06.2006 № 447 «По организации и приёму квалификационного экзамена у граждан, необходимого для приобретения правового статуса частного охранника»",,197,,0,,0,"max-snippet:-1, max-image-preview:large, max-video-preview:-1",,,https://cpp-globez.ru/приказы/распоряжение-во-исполнение-приказа-мвд-россии-от-19-06-2006-№-447-по-организации-и-приёму-квалификационного-экзамена-у-граждан-необходимого-для-приобретения-правового-статуса-частного-охранника,,,,,,7865,7865,"2,788181825",,251,74,"3,391891892",100,Очень легко,"8,7589035",1,1,,8,4,0,"2,78",82,36,0,1,1,0,,,,,da151b0475a7d338dc4c3e96b266aa39,"0,595","Wed, 08 Apr 2026 18:58:01 GMT",,,,ru-ru,1.1,,https://cpp-globez.ru/%D0%BF%D1%80%D0%B8%D0%BA%D0%B0%D0%B7%D1%8B/%D1%80%D0%B0%D1%81%D0%BF%D0%BE%D1%80%D1%8F%D0%B6%D0%B5%D0%BD%D0%B8%D0%B5-%D0%B2%D0%BE-%D0%B8%D1%81%D0%BF%D0%BE%D0%BB%D0%BD%D0%B5%D0%BD%D0%B8%D0%B5-%D0%BF%D1%80%D0%B8%D0%BA%D0%B0%D0%B7%D0%B0-%D0%BC%D0%B2%D0%B4-%D1%80%D0%BE%D1%81%D1%81%D0%B8%D0%B8-%D0%BE%D1%82-19-06-2006-%E2%84%96-447-%D0%BF%D0%BE-%D0%BE%D1%80%D0%B3%D0%B0%D0%BD%D0%B8%D0%B7%D0%B0%D1%86%D0%B8%D0%B8-%D0%B8-%D0%BF%D1%80%D0%B8%D1%91%D0%BC%D1%83-%D0%BA%D0%B2%D0%B0%D0%BB%D0%B8%D1%84%D0%B8%D0%BA%D0%B0%D1%86%D0%B8%D0%BE%D0%BD%D0%BD%D0%BE%D0%B3%D0%BE-%D1%8D%D0%BA%D0%B7%D0%B0%D0%BC%D0%B5%D0%BD%D0%B0-%D1%83-%D0%B3%D1%80%D0%B0%D0%B6%D0%B4%D0%B0%D0%BD-%D0%BD%D0%B5%D0%BE%D0%B1%D1%85%D0%BE%D0%B4%D0%B8%D0%BC%D0%BE%D0%B3%D0%BE-%D0%B4%D0%BB%D1%8F-%D0%BF%D1%80%D0%B8%D0%BE%D0%B1%D1%80%D0%B5%D1%82%D0%B5%D0%BD%D0%B8%D1%8F-%D0%BF%D1%80%D0%B0%D0%B2%D0%BE%D0%B2%D0%BE%D0%B3%D0%BE-%D1%81%D1%82%D0%B0%D1%82%D1%83%D1%81%D0%B0-%D1%87%D0%B0%D1%81%D1%82%D0%BD%D0%BE%D0%B3%D0%BE-%D0%BE%D1%85%D1%80%D0%B0%D0%BD%D0%BD%D0%B8%D0%BA%D0%B0,2026-04-08 19:58:01
https://cpp-globez.ru/info/stipendii-mery-podderzhki-obuchayushchikhsya,stipendii-mery-podderzhki-obuchayushchikhsya | info,"Информация о наличии и условиях предоставления стипендий Стипендия обучающимся не выплачивается ввиду отсутствия на текущий период реализации программ, предусматривающих выплату стипендии. Информация о наличии общежития, интерната, количестве жилых п...",Индексируемое,Стипендии меры поддержки обучающихся,,36,,0,,0,"max-snippet:-1, max-image-preview:large, max-video-preview:-1",,,https://cpp-globez.ru/info/stipendii-mery-podderzhki-obuchayushchikhsya,,,,,,7765,7765,"2,752731325",,308,78,"3,948717949",100,Очень легко,"11,72338",1,1,,294,144,0,100,80,34,0,1,1,0,,,,,93df692efedc8c1ac0e9680adeb00714,"0,362","Wed, 08 Apr 2026 18:58:01 GMT",,,,ru-ru,1.1,,https://cpp-globez.ru/info/stipendii-mery-podderzhki-obuchayushchikhsya,2026-04-08 19:58:01
https://cpp-globez.ru/voprhosy-i-otvety-dlya-podgotovki-k-sdachi-kvalifikacionnogo-ekzamena-chastnymi-ohrannikami,Вопросы и ответы к квалификационному экзамену частных охранников — ЧОУ ДПО «Центр профессиональной подготовки» (Мытищи),"Подготовка к квалификационному экзамену частных охранников: основные вопросы и ответы, нормативные акты, рекомендации и примеры. Помощь в обучении и повышении квалификации охранников в ЧОУ ДПО «ЦПП», г. Мытищи.",Индексируемое,Вопросы и ответы для подготовки к сдачи квалификационного экзамена частными охранниками,,87,1. Общие сведения о квалификационном экзамене,45,2. Основные нормативные документы,33,"max-snippet:-1, max-image-preview:large, max-video-preview:-1",,,https://cpp-globez.ru/voprhosy-i-otvety-dlya-podgotovki-k-sdachi-kvalifikacionnogo-ekzamena-chastnymi-ohrannikami,,,,,,10368,10368,"3,67550784",,774,171,"4,526315789",100,Очень легко,"20,064804",1,0,,293,144,0,100,80,35,0,1,1,0,,,,,25020939181771dcd124697e18c77154,"0,628","Wed, 08 Apr 2026 18:58:01 GMT",,,,ru-ru,1.1,,https://cpp-globez.ru/voprhosy-i-otvety-dlya-podgotovki-k-sdachi-kvalifikacionnogo-ekzamena-chastnymi-ohrannikami,2026-04-08 19:58:01
https://cpp-globez.ru/приказы/приказ-541-20-542-20-543-20,приказ-541-20-542-20-543-20 | prikaz,"ПРИКАЗ 541-20/542-20/543-20 г. Мытищи, М.О. «О выпуске слушателей, прошедших обучение по программе «Подготовки частных охранников».",Индексируемое,,,0,,0,,0,"max-snippet:-1, max-image-preview:large, max-video-preview:-1",,,https://cpp-globez.ru/приказы/приказ-541-20-542-20-543-20,,,,,,7168,7168,"2,54109184",,204,64,"3,1875",100,Очень легко,"8,652856",1,1,,8,4,0,"2,78",79,36,0,1,1,0,,,,,9798c790794ca6987252141d026c3aae,"0,27","Wed, 08 Apr 2026 18:58:01 GMT",,,,ru-ru,1.1,,https://cpp-globez.ru/%D0%BF%D1%80%D0%B8%D0%BA%D0%B0%D0%B7%D1%8B/%D0%BF%D1%80%D0%B8%D0%BA%D0%B0%D0%B7-541-20-542-20-543-20,2026-04-08 19:58:01
https://cpp-globez.ru/dokumenty-organizatsii,dokumenty-organizatsii,Документы организации Свидетельство о постановке на учёт юридического лица в налоговом органе по месту нахождения на территории Российской Федерации Свидетельство о государственной регистрации юридического лица Свидетельство о государственной регистр...,Индексируемое,,,0,,0,,0,"max-snippet:-1, max-image-preview:large, max-video-preview:-1",,,https://cpp-globez.ru/dokumenty-organizatsii,,,,,,7471,7471,"2,648506855",,242,69,"3,507246377",100,Очень легко,"9,316641",1,0,,292,144,0,100,87,43,0,1,1,0,,,,,43b8329e5d48ff4d7fa202d65539e96b,"0,341","Wed, 08 Apr 2026 18:58:02 GMT",,,,ru-ru,1.1,,https://cpp-globez.ru/dokumenty-organizatsii,2026-04-08 19:58:02
https://cpp-globez.ru/litsenzii,ЦПП охранников в Мытищах имеет все необходимые разрешительные документы и лицензии. - ЦПП,Обучение охранников происходит в центре профессиональной подготовки охранников в Мытищах.,Индексируемое,,,0,,0,,0,"max-snippet:-1, max-image-preview:large, max-video-preview:-1",,,https://cpp-globez.ru/litsenzii,,,,,,7582,7582,"2,68785691",,209,62,"3,370967742",100,Очень легко,"7,7327156",1,0,,436,144,0,100,83,39,0,1,1,0,,,,,e0fb2e4a4922d16c8f6026a0c4bb5f6e,"0,409","Wed, 08 Apr 2026 18:58:02 GMT",,,,ru-ru,1.1,,https://cpp-globez.ru/litsenzii,2026-04-08 19:58:02
https://cpp-globez.ru/приказы/распоряжение-от-30-09-2020,распоряжение-от-30-09-2020 | prikaz,РАСПОРЯЖЕНИЕ: ОТ 30.09.2020,Индексируемое,,,0,,0,,0,"max-snippet:-1, max-image-preview:large, max-video-preview:-1",,,https://cpp-globez.ru/приказы/распоряжение-от-30-09-2020,,,,,,6967,6967,"2,469836335",,191,60,"3,183333333",100,Очень легко,"8,732497",1,1,,8,4,0,"2,78",79,36,0,1,1,0,,,,,910059effe0284b9bfa2ad93147a6737,"0,342","Wed, 08 Apr 2026 18:58:03 GMT",,,,ru-ru,1.1,,https://cpp-globez.ru/%D0%BF%D1%80%D0%B8%D0%BA%D0%B0%D0%B7%D1%8B/%D1%80%D0%B0%D1%81%D0%BF%D0%BE%D1%80%D1%8F%D0%B6%D0%B5%D0%BD%D0%B8%D0%B5-%D0%BE%D1%82-30-09-2020,2026-04-08 19:58:03
https://cpp-globez.ru/приказы/распоряжение-во-исполнение-приказа-мвд-россии-от-19-06-2006-№-447,распоряжение-во-исполнение-приказа-мвд-россии-от-19-06-2006-№-447 | prikaz,Распоряжение: от 14.01.2021,Индексируемое,Распоряжение: Во исполнение приказа МВД России от 19.06.2006 № 447,,66,,0,,0,"max-snippet:-1, max-image-preview:large, max-video-preview:-1",,,https://cpp-globez.ru/приказы/распоряжение-во-исполнение-приказа-мвд-россии-от-19-06-2006-№-447,,,,,,7446,7446,"2,63964423",,221,71,"3,112676056",100,Очень легко,"8,750604",1,1,,7,4,0,"2,78",82,36,0,1,1,0,,,,,20ab324c77906d927928820625094766,"0,601","Wed, 08 Apr 2026 18:58:03 GMT",,,,ru-ru,1.1,,https://cpp-globez.ru/%D0%BF%D1%80%D0%B8%D0%BA%D0%B0%D0%B7%D1%8B/%D1%80%D0%B0%D1%81%D0%BF%D0%BE%D1%80%D1%8F%D0%B6%D0%B5%D0%BD%D0%B8%D0%B5-%D0%B2%D0%BE-%D0%B8%D1%81%D0%BF%D0%BE%D0%BB%D0%BD%D0%B5%D0%BD%D0%B8%D0%B5-%D0%BF%D1%80%D0%B8%D0%BA%D0%B0%D0%B7%D0%B0-%D0%BC%D0%B2%D0%B4-%D1%80%D0%BE%D1%81%D1%81%D0%B8%D0%B8-%D0%BE%D1%82-19-06-2006-%E2%84%96-447,2026-04-08 19:58:03
https://cpp-globez.ru/info/metodicheskie-materialy,metodicheskie-materialy | info,Методические материалы Огневая подготовка № 1. план-конспект по огневой подготовке. № 2. план-конспект по огневой подготовке Первая помощь план-конспект по мед.подготовке Право план-конспект по праву Психология план-конспект по психологии Спецсредств...,Индексируемое,,,0,,0,,0,"max-snippet:-1, max-image-preview:large, max-video-preview:-1",,,https://cpp-globez.ru/info/metodicheskie-materialy,,,,,,7551,7551,"2,676867255",,252,87,"2,896551724",100,Очень легко,"7,821327",1,1,,294,144,0,100,89,45,0,1,1,0,,,,,a0ddc370083357cb99eb26a08a88346a,"0,384","Wed, 08 Apr 2026 18:58:03 GMT",,,,ru-ru,1.1,,https://cpp-globez.ru/info/metodicheskie-materialy,2026-04-08 19:58:03
https://cpp-globez.ru/приказы/распоряжение-от-07-10-2020,распоряжение-от-07-10-2020 | prikaz,Распоряжение: от 07.10.2020,Индексируемое,Распоряжение: от 07.10.2020,,27,,0,,0,"max-snippet:-1, max-image-preview:large, max-video-preview:-1",,,https://cpp-globez.ru/приказы/распоряжение-от-07-10-2020,,,,,,7256,7256,"2,57228828",,207,71,"2,915492958",100,Очень легко,"8,72666",1,1,,7,4,0,"2,78",82,36,0,1,1,0,,,,,723c790ef41510bb0e0c368549a58a4d,"0,329","Wed, 08 Apr 2026 18:58:04 GMT",,,,ru-ru,1.1,,https://cpp-globez.ru/%D0%BF%D1%80%D0%B8%D0%BA%D0%B0%D0%B7%D1%8B/%D1%80%D0%B0%D1%81%D0%BF%D0%BE%D1%80%D1%8F%D0%B6%D0%B5%D0%BD%D0%B8%D0%B5-%D0%BE%D1%82-07-10-2020,2026-04-08 19:58:04
https://cpp-globez.ru/kontakty,Контакты центра профессиональной подготовки охранников в Мытищах - ЦПП,"График работы, Прием на гражданское оружие, График приема на гражданское оружие в ЦПП Мытищи",Индексируемое,КОНТАКТЫ ЦЕНТРА ПРОФЕССИОНАЛЬНОЙ ПОДГОТОВКИ,,43,,0,,0,"max-snippet:-1, max-image-preview:large, max-video-preview:-1",,,https://cpp-globez.ru/kontakty,,,,,,7592,7592,"2,69140196",,231,73,"3,164383562",100,Очень легко,"9,232519",1,0,,439,144,0,100,78,34,0,1,1,0,,,,,380f6cddedab2b4803c1c144b946e133,"0,686","Wed, 08 Apr 2026 18:58:04 GMT",,,,ru-ru,1.1,,https://cpp-globez.ru/kontakty,2026-04-08 19:58:04
https://cpp-globez.ru/info/obrazovatel-nye-standarty,obrazovatel-nye-standarty | info,Сведения об образовательной организации Уставом ЧОУ ДПО «ЦПП» не предусмотрена образовательная деятельность по подготовке в рамках федеральных государственных образовательных стандартов. С содержанием федеральных государственных образовательных станд...,Индексируемое,Образовательные стандарты,,25,,0,,0,"max-snippet:-1, max-image-preview:large, max-video-preview:-1",,,https://cpp-globez.ru/info/obrazovatel-nye-standarty,,,,,,7417,7417,"2,629363585",,243,69,"3,52173913",100,Очень легко,"9,996226",1,1,,293,144,0,100,80,34,0,1,1,0,,,,,ad680b1107da75d6671cd9fdbabfdd79,"0,684","Wed, 08 Apr 2026 18:58:04 GMT",,,,ru-ru,1.1,,https://cpp-globez.ru/info/obrazovatel-nye-standarty,2026-04-08 19:58:04
https://cpp-globez.ru/приказы/приказ-1-21-1-а,приказ-1-21-1-а | prikaz,Приказ 1-21-1/А,Индексируемое,Приказ 1-21-1/А от 12.01.2021,,29,,0,,0,"max-snippet:-1, max-image-preview:large, max-video-preview:-1",,,https://cpp-globez.ru/приказы/приказ-1-21-1-а,,,,,,7219,7219,"2,559171595",,208,66,"3,151515152",100,Очень легко,"8,763863",1,1,,7,4,0,"2,78",82,36,0,1,1,0,,,,,cfe45923eb9cac6ceda8ececeeec6375,"0,574","Wed, 08 Apr 2026 18:58:05 GMT",,,,ru-ru,1.1,,https://cpp-globez.ru/%D0%BF%D1%80%D0%B8%D0%BA%D0%B0%D0%B7%D1%8B/%D0%BF%D1%80%D0%B8%D0%BA%D0%B0%D0%B7-1-21-1-%D0%B0,2026-04-08 19:58:04
https://cpp-globez.ru/novosti/,Новостная лента событий Центра подготовки охранников в Мытищах - ЦПП,"Новости Центра профессиональной подготовки охранников в Мытищах, обзоры, статьи.",Индексируемое,,,0,Семинары для сотрудников личной охраны,38,Центру Профессиональной Подготовки Объединения «Глобал-Безопасность» 20 лет!,76,"max-snippet:-1, max-image-preview:large, max-video-preview:-1",,,,https://cpp-globez.ru/новости/page-2-5,,,,,9977,9977,"3,536896385",,485,113,"4,292035398",100,Очень легко,"12,482022",1,1,,476,144,0,100,97,46,0,1,1,0,,,,,38358eb19f50c9d86653414edd3939e8,"0,429","Wed, 08 Apr 2026 18:58:05 GMT",,,,ru-ru,1.1,,https://cpp-globez.ru/novosti/,2026-04-08 19:58:04
https://cpp-globez.ru/vakantnye-mesta-dlya-priema,Вакантные места для приёма (перевода) — ЧОУ ДПО «Центр профессиональной подготовки» (Мытищи),"Актуальная информация о вакантных местах для приёма и перевода в ЧОУ ДПО «Центр профессиональной подготовки». Обучение охранников, повышение квалификации, продление удостоверений и лицензий. Мытищи, Московская область.",Индексируемое,Вакантные места для приема (перевода),,37,"Образовательные программы, реализуемые ЧОУ ДПО «Центр профессиональной подготовки»",82,Примечание,10,"max-snippet:-1, max-image-preview:large, max-video-preview:-1",,,https://cpp-globez.ru/vakantnye-mesta-dlya-priema,,,,,,7772,7772,"2,75521286",,309,77,"4,012987013",100,Очень легко,"11,728902",1,0,,293,144,0,100,80,34,0,1,1,0,,,,,80412b1b0873eaca6c9cc64ca1ac9eeb,"0,659","Wed, 08 Apr 2026 18:58:05 GMT",,,,ru-ru,1.1,,https://cpp-globez.ru/vakantnye-mesta-dlya-priema,2026-04-08 19:58:05
https://cpp-globez.ru/voprosy-i-otvety-dlya-podgotovki-k-sdachi-kvalifikatsionnogo-ekzamena-chastnymi-okhrannikami,Вопросы и ответы к квалификационному экзамену частных охранников — ЧОУ ДПО «Центр профессиональной подготовки» (Мытищи),"Подготовка к квалификационному экзамену частных охранников: основные вопросы и ответы, нормативные акты, рекомендации и примеры. Помощь в обучении и повышении квалификации охранников в ЧОУ ДПО «ЦПП», г. Мытищи.",Индексируемое,Вопросы и ответы для подготовки к сдачи квалификационного экзамена частными охранниками,,87,1. Общие сведения о квалификационном экзамене,45,2. Основные нормативные документы,33,"max-snippet:-1, max-image-preview:large, max-video-preview:-1",,,https://cpp-globez.ru/voprosy-i-otvety-dlya-podgotovki-k-sdachi-kvalifikatsionnogo-ekzamena-chastnymi-okhrannikami,,,,,,10378,10378,"3,67905289",,774,171,"4,526315789",100,Очень легко,"20,062963",1,0,,5,2,0,"1,39",80,36,0,1,1,0,,,,,4c3d74b692d3999030e12cfb160d114e,"0,343","Wed, 08 Apr 2026 18:58:05 GMT",,,,ru-ru,1.1,,https://cpp-globez.ru/voprosy-i-otvety-dlya-podgotovki-k-sdachi-kvalifikatsionnogo-ekzamena-chastnymi-okhrannikami,2026-04-08 19:58:05
https://cpp-globez.ru/info/predpisaniya,predpisaniya | info,Предписания Скачать,Индексируемое,,,0,,0,,0,"max-snippet:-1, max-image-preview:large, max-video-preview:-1",,,https://cpp-globez.ru/info/predpisaniya,,,,,,6953,6953,"2,464873265",,190,58,"3,275862069",100,Очень легко,"8,7365265",1,1,,295,144,0,100,79,35,0,1,1,0,,,,,2bf1a5f29606a9e96c150973fb386425,"0,351","Wed, 08 Apr 2026 18:58:05 GMT",,,,ru-ru,1.1,,https://cpp-globez.ru/info/predpisaniya,2026-04-08 19:58:05
https://cpp-globez.ru/info/finansovo-khozyajstvennaya-deyatel-nost,finansovo-khozyajstvennaya-deyatel-nost | info,"Финансово-хозяйственная деятельность Образовательная организация не ведёт образовательной деятельности, финансовое обеспечение которой осуществляется за счет бюджетных ассигнований федерального бюджета, бюджетов субъектов Российской Федерации, местны...",Индексируемое,,,0,,0,,0,"max-snippet:-1, max-image-preview:large, max-video-preview:-1",,,https://cpp-globez.ru/info/finansovo-khozyajstvennaya-deyatel-nost,,,,,,8405,8405,"2,979614525",,484,108,"4,481481481",100,Очень легко,"15,99873",1,1,,295,144,0,100,79,35,0,1,1,0,,,,,d9adc3c682b1c871f0b09a510fd4471a,"0,348","Wed, 08 Apr 2026 18:58:05 GMT",,,,ru-ru,1.1,,https://cpp-globez.ru/info/finansovo-khozyajstvennaya-deyatel-nost,2026-04-08 19:58:05
https://cpp-globez.ru/info/mezhdunarodnoe-sotrudnichestvo2,mezhdunarodnoe-sotrudnichestvo2 | info,В ЧОУ ДПО «ЦПП» нет заключенных и планируемых к заключению договоров с иностранными международными организациями по вопросам образования и науки.,Индексируемое,Международное сотрудничество,,28,,0,,0,"max-snippet:-1, max-image-preview:large, max-video-preview:-1",,,https://cpp-globez.ru/info/mezhdunarodnoe-sotrudnichestvo2,,,,,,7276,7276,"2,57937838",,220,62,"3,548387097",100,Очень легко,"9,184969",1,1,,292,144,0,100,80,34,0,1,1,0,,,,,e4a9de49d3dacae4035bf49167f0f503,"0,391","Wed, 08 Apr 2026 18:58:05 GMT",,,,ru-ru,1.1,,https://cpp-globez.ru/info/mezhdunarodnoe-sotrudnichestvo2,2026-04-08 19:58:05
https://cpp-globez.ru/platnye-obrazovatel-nye-uslugi,platnye-obrazovatel-nye-uslugi,"Наш Центр проводит обучение, переподготовку и повышение квалификации специалистов в сфере безопасности. Все программы разработаны с учётом действующих требований Росгвардии и законодательства РФ. Ниже представлены основные направления обучения с крат...",Индексируемое,Платные образовательные услуги,,30,,0,,0,"max-snippet:-1, max-image-preview:large, max-video-preview:-1",,,https://cpp-globez.ru/platnye-obrazovatel-nye-uslugi,,,,,,9190,9190,"3,25790095",,499,126,"3,96031746",100,Очень легко,"14,998714",1,0,,151,144,0,100,88,34,0,1,1,0,,,,,6a5cf45cda1dbea16e65a7f3dafd1f7c,"0,335","Wed, 08 Apr 2026 18:58:06 GMT",,,,ru-ru,1.1,,https://cpp-globez.ru/platnye-obrazovatel-nye-uslugi,2026-04-08 19:58:06
https://cpp-globez.ru/политика-конфиденциальности-|-пользовательское-соглашение,Политика конфиденциальности | Пользовательское соглашение - ЦПП,,Индексируемое,,,0,Политика конфиденциальности,27,Пользовательское Соглашение,27,"max-snippet:-1, max-image-preview:large, max-video-preview:-1",,,,,,,,,11706,11706,"4,14983553",,1177,218,"5,399082569",100,Очень легко,"28,980307",1,0,,148,144,0,100,81,36,0,1,1,0,,,,,9c33195c749d945ae194b72e4154a94,"0,37","Wed, 08 Apr 2026 18:58:06 GMT",,,,ru-ru,1.1,,https://cpp-globez.ru/%D0%BF%D0%BE%D0%BB%D0%B8%D1%82%D0%B8%D0%BA%D0%B0-%D0%BA%D0%BE%D0%BD%D1%84%D0%B8%D0%B4%D0%B5%D0%BD%D1%86%D0%B8%D0%B0%D0%BB%D1%8C%D0%BD%D0%BE%D1%81%D1%82%D0%B8-%7C-%D0%BF%D0%BE%D0%BB%D1%8C%D0%B7%D0%BE%D0%B2%D0%B0%D1%82%D0%B5%D0%BB%D1%8C%D1%81%D0%BA%D0%BE%D0%B5-%D1%81%D0%BE%D0%B3%D0%BB%D0%B0%D1%88%D0%B5%D0%BD%D0%B8%D0%B5,2026-04-08 19:58:06
https://cpp-globez.ru/получение-лицензии-на-оружие,"Обучение стрельбе, лицензия на оружие и травматику, продление лицензии на оружие и травмат - ЦПП","Лицензия на травматику, Обучение безопасному обращению с оружие ,  Продление разрешения на оружие, Обучение на травматическое оружие.",Индексируемое,Обучение безопасному обращению с оружием,,40,Что требуется для получения лицензии на травматику?,51,Где пройти учебный курс?,24,"max-snippet:-1, max-image-preview:large, max-video-preview:-1",,,https://cpp-globez.ru/получение-лицензии-на-оружие,,,,,,13788,13788,"4,88791494",,1098,232,"4,732758621",100,Очень легко,"19,346798",1,0,,4,1,0,"0,69",82,38,0,1,1,0,,,,,c712e0b30f063fe3120bd833f74a4a3b,"0,324","Wed, 08 Apr 2026 18:58:06 GMT",,,,ru-ru,1.1,,https://cpp-globez.ru/%D0%BF%D0%BE%D0%BB%D1%83%D1%87%D0%B5%D0%BD%D0%B8%D0%B5-%D0%BB%D0%B8%D1%86%D0%B5%D0%BD%D0%B7%D0%B8%D0%B8-%D0%BD%D0%B0-%D0%BE%D1%80%D1%83%D0%B6%D0%B8%D0%B5,2026-04-08 19:58:06
https://cpp-globez.ru/info/otchety,otchety | info,Отчеты Скачать,Индексируемое,,,0,,0,,0,"max-snippet:-1, max-image-preview:large, max-video-preview:-1",,,https://cpp-globez.ru/info/otchety,,,,,,6936,6936,"2,45884668",,190,58,"3,275862069",100,Очень легко,"8,732543",1,1,,295,144,0,100,79,35,0,1,1,0,,,,,50c030b196aa84bb617b1467f8f78549,"0,338","Wed, 08 Apr 2026 18:58:06 GMT",,,,ru-ru,1.1,,https://cpp-globez.ru/info/otchety,2026-04-08 19:58:06
https://cpp-globez.ru/приказы/распоряжение-от-27-01-2021-года,распоряжение-от-27-01-2021-года | prikaz,Распоряжение: от 27.01.2021 года,Индексируемое,Распоряжение: от 27.01.2021 года,,32,,0,,0,"max-snippet:-1, max-image-preview:large, max-video-preview:-1",,,https://cpp-globez.ru/приказы/распоряжение-от-27-01-2021-года,,,,,,7286,7286,"2,58292343",,210,71,"2,957746479",100,Очень легко,"8,738271",1,1,,8,4,0,"2,78",82,36,0,1,1,0,,,,,1e55220b98ca25479520ce89d70b3ef6,"0,342","Wed, 08 Apr 2026 18:58:06 GMT",,,,ru-ru,1.1,,https://cpp-globez.ru/%D0%BF%D1%80%D0%B8%D0%BA%D0%B0%D0%B7%D1%8B/%D1%80%D0%B0%D1%81%D0%BF%D0%BE%D1%80%D1%8F%D0%B6%D0%B5%D0%BD%D0%B8%D0%B5-%D0%BE%D1%82-27-01-2021-%D0%B3%D0%BE%D0%B4%D0%B0,2026-04-08 19:58:07
https://cpp-globez.ru/podgotovka-po-specialnosti-gbr-uslugi-inkassacii-lichnaya-ohrana,"Подготовка сотрудников ГБР, инкассаторов и телохранителей — ЧОУ ДПО «Центр профессиональной подготовки»","Обучение по специальностям ГБР, инкассация и личная охрана в ЧОУ ДПО «ЦПП». Практические занятия, огневая и тактическая подготовка, аттестация и повышение квалификации охранников. Мытищи, Московская область.",Индексируемое,"Подготовка по специальности ГБР, услуги инкассации, личная охрана",,65,Организация учебного процесса,29,Преимущества Центра,19,"max-snippet:-1, max-image-preview:large, max-video-preview:-1",,,https://cpp-globez.ru/podgotovka-po-specialnosti-gbr-uslugi-inkassacii-lichnaya-ohrana,,,,,,9418,9418,"3,33872809",,567,118,"4,805084746",100,Очень легко,"17,87311",1,0,,293,144,0,100,80,35,0,1,1,0,,,,,cfedd303f34361003fa7d41a48f7df83,"0,621","Wed, 08 Apr 2026 18:58:07 GMT",,,,ru-ru,1.1,,https://cpp-globez.ru/podgotovka-po-specialnosti-gbr-uslugi-inkassacii-lichnaya-ohrana,2026-04-08 19:58:06
https://cpp-globez.ru/svedeniya-ob-obrazovatel-noj-organizatsii,Сведения об образовательной организации - ЦПП,Сведения об образовательной организации ЦЕНТР ПРОФЕССИОНАЛЬНОЙ ПОДГОТОВКИ,Индексируемое,Сведения об образовательной организации,,39,Основные сведения,17,,0,"max-snippet:-1, max-image-preview:large, max-video-preview:-1",,,https://cpp-globez.ru/svedeniya-ob-obrazovatel-noj-organizatsii,,,,,,8389,8389,"2,973942445",,353,100,"3,53",100,Очень легко,"12,396035",1,0,,350,144,0,100,93,36,0,1,1,0,,,,,8edbdc1c3d1d0bcc73d8a3f2904104d5,"0,385","Wed, 08 Apr 2026 18:58:07 GMT",,,,ru-ru,1.1,,https://cpp-globez.ru/svedeniya-ob-obrazovatel-noj-organizatsii,2026-04-08 19:58:07
https://cpp-globez.ru/povyshenie-kvalifikacii-rukovoditeley,Повышение квалификации руководителей частных охранных организаций — обучение 20 и 80 часов | ЧОУ ДПО «Центр профессиональной подготовки»,"Курсы повышения квалификации руководителей ЧОО в ЧОУ ДПО «ЦПП». Обучение 20 и 80 часов по приказу МВД №442. Лицензия Росгвардии, аттестация, выдача свидетельства установленного образца.",Индексируемое,Повышение квалификации руководителей частных охранных организаций (ЧОО),,71,Цель программы,14,Кто может пройти обучение,25,"max-snippet:-1, max-image-preview:large, max-video-preview:-1",,,https://cpp-globez.ru/povyshenie-kvalifikacii-rukovoditeley,,,,,,9403,9403,"3,333410515",,613,127,"4,826771654",100,Очень легко,"18,141464",1,0,,294,144,0,100,78,34,0,1,1,0,,,,,1ac57dbd55ad4dc8d46510b2f3b59f2e,"0,303","Wed, 08 Apr 2026 18:58:07 GMT",,,,ru-ru,1.1,,https://cpp-globez.ru/povyshenie-kvalifikacii-rukovoditeley,2026-04-08 19:58:07
https://cpp-globez.ru/predostavlenie-uchebno-metodicheskoy-bazy,Учебно методическая база с полным спектром услуг в ЦПП Мытищи - ЦПП,"Тренажерный зал Спортивно-Стрелкового Комплекса «ЦПП» оснащен современным профессиональным оборудованием, отвечающим самым высоким мировым стандартам.",Индексируемое,Центр профессиональной подготовки предоставляет следующие услуги:,,65,,0,,0,"max-snippet:-1, max-image-preview:large, max-video-preview:-1",,,https://cpp-globez.ru/predostavlenie-uchebno-metodicheskoy-bazy,,,,,,8127,8127,"2,881062135",,282,72,"3,916666667",100,Очень легко,"8,925799",1,0,,293,144,0,100,87,43,0,1,1,0,,,,,2cf91a088b7ae57f1cfd7262b5d0022d,"0,343","Wed, 08 Apr 2026 18:58:07 GMT",,,,ru-ru,1.1,,https://cpp-globez.ru/predostavlenie-uchebno-metodicheskoy-bazy,2026-04-08 19:58:07
https://cpp-globez.ru/info/mat-tekh-obespechenie,mat-tekh-obespechenie | info,"Сведения о наличии библиотек, объектов спорта, средств обучения и воспитания Имеется библиотека печатных изданий и электронная библиотека. Обучающимся по всем образовательным программам в режиме читального зала выдается литература и методические посо...",Индексируемое,мат тех обеспечение,,19,,0,,0,"max-snippet:-1, max-image-preview:large, max-video-preview:-1",,,https://cpp-globez.ru/info/mat-tekh-obespechenie,,,,,,9069,9069,"3,215005845",,602,144,"4,180555556",100,Очень легко,"18,485523",1,1,,293,144,0,100,80,34,0,1,1,0,,,,,120a78c33cecfe7531971617a49af510,"0,354","Wed, 08 Apr 2026 18:58:07 GMT",,,,ru-ru,1.1,,https://cpp-globez.ru/info/mat-tekh-obespechenie,2026-04-08 19:58:07
https://cpp-globez.ru/info/sreda3,sreda3 | info,В ЧОУ ДПО «ЦПП» нет условий для обучения инвалидов и лиц с ограниченными возможностями.,Индексируемое,Доступная среда,,15,,0,,0,"max-snippet:-1, max-image-preview:large, max-video-preview:-1",,,https://cpp-globez.ru/info/sreda3,,,,,,7227,7227,"2,562007635",,214,62,"3,451612903",100,Очень легко,"8,987361",1,1,,292,144,0,100,80,34,0,1,1,0,,,,,ace07b93258a030446517a8af8f0bff7,"0,349","Wed, 08 Apr 2026 18:58:08 GMT",,,,ru-ru,1.1,,https://cpp-globez.ru/info/sreda3,2026-04-08 19:58:08
https://cpp-globez.ru/obrazovanie,,,Неиндексируемое,,Редирект,0,,0,,0,,,,,,,,,,0,0,0,,0,,,,,0,1,0,,289,144,0,100,0,0,0,0,0,0,,,,,,"0,178",,https://cpp-globez.ru/obuchenie-ohrannikov-4-5-i-6-razryadov,HTTP Redirect,,,1.1,,https://cpp-globez.ru/obrazovanie,2026-04-08 19:58:08
https://cpp-globez.ru/приказы/распоряжение-чоу-дпо-цпп-от-03-02-2021-года-присвоена-квалификация-частного-охранника-следующим-гражданам,"распоряжение-чоу-дпо-«цпп»-от-03-02-2021-года,-присвоена-квалификация-частного-охранника-следующим-гражданам | prikaz",Распоряжение: ЧОУ ДПО «ЦПП» от 03.02.2021,Индексируемое,"Распоряжение: ЧОУ ДПО «ЦПП» от 03.02.2021 года, присвоена квалификация частного охранника следующим гражданам",,109,,0,,0,"max-snippet:-1, max-image-preview:large, max-video-preview:-1",,,https://cpp-globez.ru/приказы/распоряжение-чоу-дпо-цпп-от-03-02-2021-года-присвоена-квалификация-частного-охранника-следующим-гражданам,,,,,,7567,7567,"2,682539335",,230,73,"3,150684932",100,Очень легко,"8,795383",1,1,,8,4,0,"2,78",82,36,0,1,1,0,,,,,8c4c964d38ff6a823b3bd869b6ef187b,"0,314","Wed, 08 Apr 2026 18:58:08 GMT",,,,ru-ru,1.1,,https://cpp-globez.ru/%D0%BF%D1%80%D0%B8%D0%BA%D0%B0%D0%B7%D1%8B/%D1%80%D0%B0%D1%81%D0%BF%D0%BE%D1%80%D1%8F%D0%B6%D0%B5%D0%BD%D0%B8%D0%B5-%D1%87%D0%BE%D1%83-%D0%B4%D0%BF%D0%BE-%D1%86%D0%BF%D0%BF-%D0%BE%D1%82-03-02-2021-%D0%B3%D0%BE%D0%B4%D0%B0-%D0%BF%D1%80%D0%B8%D1%81%D0%B2%D0%BE%D0%B5%D0%BD%D0%B0-%D0%BA%D0%B2%D0%B0%D0%BB%D0%B8%D1%84%D0%B8%D0%BA%D0%B0%D1%86%D0%B8%D1%8F-%D1%87%D0%B0%D1%81%D1%82%D0%BD%D0%BE%D0%B3%D0%BE-%D0%BE%D1%85%D1%80%D0%B0%D0%BD%D0%BD%D0%B8%D0%BA%D0%B0-%D1%81%D0%BB%D0%B5%D0%B4%D1%83%D1%8E%D1%89%D0%B8%D0%BC-%D0%B3%D1%80%D0%B0%D0%B6%D0%B4%D0%B0%D0%BD%D0%B0%D0%BC,2026-04-08 19:58:08
https://cpp-globez.ru/obuchenie-ohrannikov-4-5-i-6-razryadov,"Обучение охранников 4, 5 и 6 разрядов — курсы охранников с правом ношения оружия | ЧОУ ДПО «Центр профессиональной подготовки»","Курсы подготовки частных охранников 4, 5 и 6 разрядов в ЧОУ ДПО «Центр профессиональной подготовки». Обучение с оружием, огневая и тактико-специальная подготовка, лицензия Росгвардии, выдача удостоверения охранника. Мытищи.",Индексируемое,"Обучение охранников 4, 5 и 6 разрядов",,37,Цель курса,10,Категории подготовки,20,"max-snippet:-1, max-image-preview:large, max-video-preview:-1",,,https://cpp-globez.ru/obuchenie-ohrannikov-4-5-i-6-razryadov,,,,,,9806,9806,"3,47627603",,692,146,"4,739726027",100,Очень легко,"17,276215",1,0,,293,144,0,100,84,40,0,1,1,0,,,,,3f0b3d3c5041e67fb1ad72c572f2659b,"0,603","Wed, 08 Apr 2026 18:58:09 GMT",,,,ru-ru,1.1,,https://cpp-globez.ru/obuchenie-ohrannikov-4-5-i-6-razryadov,2026-04-08 19:58:08
https://cpp-globez.ru/o-nas,"Центр профессиональной подготовки — о нас | история, миссия, команда","«Центр профессиональной подготовки» — ведущее учебное учреждение в области подготовки частных охранников с 1998 года. Узнайте об опыте, миссии, методиках и преподавателях нашего центра.",Индексируемое,Центр Профессиональной подготовки,,33,Общие сведения о Центре,23,Опыт и деятельность,19,"max-snippet:-1, max-image-preview:large, max-video-preview:-1",,,https://cpp-globez.ru/o-nas,,,,,,9511,9511,"3,371697055",,501,107,"4,682242991",100,Очень легко,"15,780899",1,0,,438,144,0,100,79,35,0,1,1,0,,,,,22589cb5b37c66d6fb110283f56e89fd,"0,341","Wed, 08 Apr 2026 18:58:09 GMT",,,,ru-ru,1.1,,https://cpp-globez.ru/o-nas,2026-04-08 19:58:09
https://cpp-globez.ru/info/rukovodstvo-pedagogicheskij-sostav,rukovodstvo-pedagogicheskij-sostav | info,1.Руководство Директор ЧОУ ДПО «ЦПП» - Гончаров Александр Михайлович 8-495-582-42-91 mail@cpp-globez.ru Заместитель директора ЧОУ ДПО «ЦПП» - Деревянко Сергей Николаевич 8-495-582-42-91 mail@cpp-globez.ru 2.Преподаватели Ф.И.О. Должность Дисциплина О...,Индексируемое,Руководство. Педагогический состав,,34,,0,,0,"max-snippet:-1, max-image-preview:large, max-video-preview:-1",,,https://cpp-globez.ru/info/rukovodstvo-pedagogicheskij-sostav,,,,,,8781,8781,"3,112908405",,417,183,"2,278688525",100,Очень легко,"12,016263",1,1,,292,144,0,100,80,34,0,1,1,0,,,,,439e4b17a57196f0350d6bb480923403,"0,372","Wed, 08 Apr 2026 18:58:09 GMT",,,,ru-ru,1.1,,https://cpp-globez.ru/info/rukovodstvo-pedagogicheskij-sostav,2026-04-08 19:58:09
https://cpp-globez.ru/приказы/приказ-544-20-545-20-546-20,приказ-544-20-545-20-546-20 | prikaz,"Приказ 544-20/545-20/546-20 г. Мытищи, М.О. «О выпуске слушателей, прошедших обучение по программе «Подготовки частных охранников».",Индексируемое,Приказ 544-20/545-20/546-20,,27,,0,,0,"max-snippet:-1, max-image-preview:large, max-video-preview:-1",,,https://cpp-globez.ru/приказы/приказ-544-20-545-20-546-20,,,,,,7363,7363,"2,610220315",,217,68,"3,191176471",100,Очень легко,"8,857133",1,1,,8,4,0,"2,78",82,36,0,1,1,0,,,,,f65509a7b2b1e1e0aa4edf903648b355,"0,581","Wed, 08 Apr 2026 18:58:09 GMT",,,,ru-ru,1.1,,https://cpp-globez.ru/%D0%BF%D1%80%D0%B8%D0%BA%D0%B0%D0%B7%D1%8B/%D0%BF%D1%80%D0%B8%D0%BA%D0%B0%D0%B7-544-20-545-20-546-20,2026-04-08 19:58:09
https://cpp-globez.ru/test,ПЕРИОДИЧЕСКАЯ ПРОВЕРКА ЧАСТНЫХ ОХРАННИКОВ - Тест Росгвардии ОНЛАЙН,,Индексируемое,,,0,,0,,0,"max-snippet:-1, max-image-preview:large, max-video-preview:-1",,,,,,,,,24212,24212,"8,58327506",,292,74,"3,945945946",100,Очень легко,"2,696117",1,0,,293,144,0,100,79,34,0,2,2,0,,,,,e130f14385296023d17d872afcb10b59,"0,665","Wed, 08 Apr 2026 18:58:09 GMT",,,,ru-ru,1.1,,https://cpp-globez.ru/test,2026-04-08 19:58:09
https://cpp-globez.ru/приказы/приказ-8-21-1-а-9-21-1-в-10-21-1-в-г-мытищи-м-о-о-выпуске-слушателей-прошедших-обучение-по-программе-подготовки-частных-охранников,"приказ-8-21-1-а-9-21-1-в-10-21-1-в-г-мытищи,-м-о-						-«о-выпуске-слушателей,-прошедших-обучение-по-программе-«подготовки-частных-охранников» | prikaz",Приказ 8-21-1/А; 9-21-1/В; 10-21-1/В,Индексируемое,"Приказ 8-21-1/А; 9-21-1/В; 10-21-1/В г. Мытищи, М.О. «О выпуске слушателей, прошедших обучение по программе «Подготовки частных охранников».",,140,,0,,0,"max-snippet:-1, max-image-preview:large, max-video-preview:-1",,,https://cpp-globez.ru/приказы/приказ-8-21-1-а-9-21-1-в-10-21-1-в-г-мытищи-м-о-о-выпуске-слушателей-прошедших-обучение-по-программе-подготовки-частных-охранников,,,,,,7601,7601,"2,694592505",,236,71,"3,323943662",100,Очень легко,"8,853395",1,1,,8,4,0,"2,78",82,36,0,1,1,0,,,,,35cba08df03130302f1f869c34dbdea3,"0,353","Wed, 08 Apr 2026 18:58:09 GMT",,,,ru-ru,1.1,,https://cpp-globez.ru/%D0%BF%D1%80%D0%B8%D0%BA%D0%B0%D0%B7%D1%8B/%D0%BF%D1%80%D0%B8%D0%BA%D0%B0%D0%B7-8-21-1-%D0%B0-9-21-1-%D0%B2-10-21-1-%D0%B2-%D0%B3-%D0%BC%D1%8B%D1%82%D0%B8%D1%89%D0%B8-%D0%BC-%D0%BE-%D0%BE-%D0%B2%D1%8B%D0%BF%D1%83%D1%81%D0%BA%D0%B5-%D1%81%D0%BB%D1%83%D1%88%D0%B0%D1%82%D0%B5%D0%BB%D0%B5%D0%B9-%D0%BF%D1%80%D0%BE%D1%88%D0%B5%D0%B4%D1%88%D0%B8%D1%85-%D0%BE%D0%B1%D1%83%D1%87%D0%B5%D0%BD%D0%B8%D0%B5-%D0%BF%D0%BE-%D0%BF%D1%80%D0%BE%D0%B3%D1%80%D0%B0%D0%BC%D0%BC%D0%B5-%D0%BF%D0%BE%D0%B4%D0%B3%D0%BE%D1%82%D0%BE%D0%B2%D0%BA%D0%B8-%D1%87%D0%B0%D1%81%D1%82%D0%BD%D1%8B%D1%85-%D0%BE%D1%85%D1%80%D0%B0%D0%BD%D0%BD%D0%B8%D0%BA%D0%BE%D0%B2,2026-04-08 19:58:09
https://cpp-globez.ru/приказы/приказ-5-21-1-а-6-21-1-б-7-21-1-в,приказ-5-21-1-а-6-21-1-б-7-21-1-в | prikaz,Приказ 5-21-1/А; 6-21-1/Б; 7-21-1/В,Индексируемое,Приказ 5-21-1/А; 6-21-1/Б; 7-21-1/В,,35,,0,,0,"max-snippet:-1, max-image-preview:large, max-video-preview:-1",,,https://cpp-globez.ru/приказы/приказ-5-21-1-а-6-21-1-б-7-21-1-в,,,,,,7255,7255,"2,571933775",,210,62,"3,387096774",100,Очень легко,"8,808886",1,1,,8,4,0,"2,78",82,36,0,1,1,0,,,,,ea4257fa27df01cfb2ad72c1091f5da0,"0,523","Wed, 08 Apr 2026 18:58:09 GMT",,,,ru-ru,1.1,,https://cpp-globez.ru/%D0%BF%D1%80%D0%B8%D0%BA%D0%B0%D0%B7%D1%8B/%D0%BF%D1%80%D0%B8%D0%BA%D0%B0%D0%B7-5-21-1-%D0%B0-6-21-1-%D0%B1-7-21-1-%D0%B2,2026-04-08 19:58:09
https://cpp-globez.ru/kurs-inkassatorov,Курс обучения охранника-инкассатора в ЦПП Мытищи  - ЦПП,"Курс направлен на приобретение теоретических знаний и получение практических навыков по инкассации и перевозке ценностей, а также умение правильно действовать при возникновении чрезвычайных ситуаций.",Индексируемое,Курс Инкассаторов,,17,Что включает программа обучения,31,Чему вы научитесь,17,"max-snippet:-1, max-image-preview:large, max-video-preview:-1",,,https://cpp-globez.ru/kurs-inkassatorov,,,,,,8929,8929,"3,165375145",,502,103,"4,873786408",100,Очень легко,"16,104881",1,0,,583,144,0,100,80,35,0,1,1,0,,,,,22113e1fb8dad7517585d07f0abcddf5,"0,304","Wed, 08 Apr 2026 18:58:09 GMT",,,,ru-ru,1.1,,https://cpp-globez.ru/kurs-inkassatorov,2026-04-08 19:58:10
https://cpp-globez.ru/povyshenie-kvalifikacii-ohrannikov,Повышение квалификации охранников — ЧОУ ДПО «Центр профессиональной подготовки» (Мытищи),"Курсы повышения квалификации для охранников 4, 5 и 6 разрядов в ЧОУ ДПО «ЦПП» (Мытищи). Обучение, аттестация, продление удостоверений и допуск к службе с правом применения оружия и специальных средств.",Индексируемое,"ПОВЫШЕНИЕ КВАЛИФИКАЦИИ ОХРАННИКОВ 4, 5 и 6 разрядов",,51,Продолжительность обучения,26,Условия обучения,16,"max-snippet:-1, max-image-preview:large, max-video-preview:-1",,,https://cpp-globez.ru/povyshenie-kvalifikacii-ohrannikov,,,,,,8402,8402,"2,97855101",,438,93,"4,709677419",100,Очень легко,"14,470378",1,0,,294,144,0,100,79,34,0,1,1,0,,,,,42f3c25b2d2d3e428722c01f5d54edc9,"0,661","Wed, 08 Apr 2026 18:58:10 GMT",,,,ru-ru,1.1,,https://cpp-globez.ru/povyshenie-kvalifikacii-ohrannikov,2026-04-08 19:58:09
https://cpp-globez.ru/приказы/приказ-3-21-1-а-4-21-1-в-г-мытищи-м-о-о-выпуске-слушателей-прошедших-обучение-по-программе-подготовки-частных-охранников,"приказ-3-21-1-а-4-21-1-в-г-мытищи,-м-о-«о-выпуске-слушателей,-прошедших-обучение-по-программе-«подготовки-частных-охранников» | prikaz",Приказ 3-21-1/А; 4-21-1/В,Индексируемое,"Приказ 3-21-1/А; 4-21-1/В г. Мытищи, М.О. «О выпуске слушателей, прошедших обучение по программе «Подготовки частных охранников».",,129,,0,,0,"max-snippet:-1, max-image-preview:large, max-video-preview:-1",,,https://cpp-globez.ru/приказы/приказ-3-21-1-а-4-21-1-в-г-мытищи-м-о-о-выпуске-слушателей-прошедших-обучение-по-программе-подготовки-частных-охранников,,,,,,7584,7584,"2,68856592",,233,70,"3,328571429",100,Очень легко,"8,808787",1,1,,8,4,0,"2,78",82,36,0,1,1,0,,,,,3f541458287c13e0a768bfbea5574e26,"0,298","Wed, 08 Apr 2026 18:58:10 GMT",,,,ru-ru,1.1,,https://cpp-globez.ru/%D0%BF%D1%80%D0%B8%D0%BA%D0%B0%D0%B7%D1%8B/%D0%BF%D1%80%D0%B8%D0%BA%D0%B0%D0%B7-3-21-1-%D0%B0-4-21-1-%D0%B2-%D0%B3-%D0%BC%D1%8B%D1%82%D0%B8%D1%89%D0%B8-%D0%BC-%D0%BE-%D0%BE-%D0%B2%D1%8B%D0%BF%D1%83%D1%81%D0%BA%D0%B5-%D1%81%D0%BB%D1%83%D1%88%D0%B0%D1%82%D0%B5%D0%BB%D0%B5%D0%B9-%D0%BF%D1%80%D0%BE%D1%88%D0%B5%D0%B4%D1%88%D0%B8%D1%85-%D0%BE%D0%B1%D1%83%D1%87%D0%B5%D0%BD%D0%B8%D0%B5-%D0%BF%D0%BE-%D0%BF%D1%80%D0%BE%D0%B3%D1%80%D0%B0%D0%BC%D0%BC%D0%B5-%D0%BF%D0%BE%D0%B4%D0%B3%D0%BE%D1%82%D0%BE%D0%B2%D0%BA%D0%B8-%D1%87%D0%B0%D1%81%D1%82%D0%BD%D1%8B%D1%85-%D0%BE%D1%85%D1%80%D0%B0%D0%BD%D0%BD%D0%B8%D0%BA%D0%BE%D0%B2,2026-04-08 19:58:10
https://cpp-globez.ru/info/struktura-i-organy-upravleniya-obrazovatel-noj-organizatsii,struktura-i-organy-upravleniya-obrazovatel-noj-organizatsii | info,Организационной структурой Частного образовательного учереждения дополнительного профессионального образования «Центр профессиональной подготовки» руководит директор ЧОУ ДПО «ЦПП». Директор ЧОУ ДПО «ЦПП» - Гончаров Александр Михайлович Директору орга...,Индексируемое,Структура и органы управления образовательной организации,,57,,0,,0,"max-snippet:-1, max-image-preview:large, max-video-preview:-1",,,https://cpp-globez.ru/info/struktura-i-organy-upravleniya-obrazovatel-noj-organizatsii,,,,,,8245,8245,"2,922893725",,431,93,"4,634408602",100,Очень легко,"14,968793",1,1,,294,144,0,100,80,34,0,1,1,0,,,,,a8d7d69eb6bbeb2e2ef016d01199473a,"0,331","Wed, 08 Apr 2026 18:58:10 GMT",,,,ru-ru,1.1,,https://cpp-globez.ru/info/struktura-i-organy-upravleniya-obrazovatel-noj-organizatsii,2026-04-08 19:58:10
https://cpp-globez.ru/poluchenie-licenzii-na-oruzhie,"Обучение стрельбе, лицензия на оружие и травматику, продление лицензии на оружие и травмат - ЦПП","Лицензия на травматику, Обучение безопасному обращению с оружие ,  Продление разрешения на оружие, Обучение на травматическое оружие.",Индексируемое,Обучение безопасному обращению с оружием,,40,Что требуется для получения лицензии на травматику?,51,Где пройти учебный курс?,24,"max-snippet:-1, max-image-preview:large, max-video-preview:-1",,,https://cpp-globez.ru/poluchenie-licenzii-na-oruzhie,,,,,,13723,13723,"4,864872115",,1098,232,"4,732758621",100,Очень легко,"19,49752",1,0,,294,144,0,100,82,37,0,1,1,0,,,,,df772399585a0bb717ce5bfb9e341695,"0,531","Wed, 08 Apr 2026 18:58:10 GMT",,,,ru-ru,1.1,,https://cpp-globez.ru/poluchenie-licenzii-na-oruzhie,2026-04-08 19:58:10
https://cpp-globez.ru/obuchenie-strelbe-iz-ognestrelnogo-oruzhiya,"Обучение стрельбе из огнестрельного оружия (пистолет, карабин) в ЦПП Мытищи - ЦПП","В «Центре Профессиональной подготовки» вы пройдете обучение стрельбе из огнестрельного оружия, здесь вы сможете найти максимально комфортные условия для учебы.",Индексируемое,ОБУЧЕНИЕ СТРЕЛЬБЕ ИЗ ОГНЕСТРЕЛЬНОГО ОРУЖИЯ,,42,Служебный пистолет MP-71,24,Карабин «Сайга-410»,19,"max-snippet:-1, max-image-preview:large, max-video-preview:-1",,,https://cpp-globez.ru/obuchenie-strelbe-iz-ognestrelnogo-oruzhiya,,,,,,9771,9771,"3,463868355",,572,132,"4,333333333",100,Очень легко,"16,717245",1,0,,296,144,0,100,82,34,0,1,1,0,,,,,74e282e6199b1d8333e21c1c8f778cce,"0,343","Wed, 08 Apr 2026 18:58:10 GMT",,,,ru-ru,1.1,,https://cpp-globez.ru/obuchenie-strelbe-iz-ognestrelnogo-oruzhiya,2026-04-08 19:58:10
https://cpp-globez.ru/dokumenty,dokumenty,"Документы AKT самообследования ЧОУ ДПО ЦПП Положение о комиссии по урегулированию споров Положение о порядке прекращения отношений между частными образовательными учреждениями Положение о порядке текущего контроля успеваемости Положение о приеме,пере...",Индексируемое,,,0,,0,,0,"max-snippet:-1, max-image-preview:large, max-video-preview:-1",,,https://cpp-globez.ru/dokumenty,,,,,,7537,7537,"2,671904185",,255,71,"3,591549296",100,Очень легко,"9,011165",1,0,,293,144,0,100,91,47,0,1,1,0,,,,,5fb27b11264030d07fc800e6847017a3,"0,299","Wed, 08 Apr 2026 18:58:10 GMT",,,,ru-ru,1.1,,https://cpp-globez.ru/dokumenty,2026-04-08 19:58:10
https://cpp-globez.ru/приказы/,prikaz,,Индексируемое,,,0,ПРИКАЗ № 71/21/1 ОТ 19.11.2021Г.,32,Приказ № 71/21/1 от 22.09.2021г.,32,"max-snippet:-1, max-image-preview:large, max-video-preview:-1",,,,https://cpp-globez.ru/приказы/page-2-4,,,,,8202,8202,"2,90765001",,325,122,"2,663934426",100,Очень легко,"9,269783",1,1,,335,144,0,100,116,66,0,1,1,0,,,,,77124ad10ace23ddddd819adfb91891c,"0,578","Wed, 08 Apr 2026 18:58:11 GMT",,,,ru-ru,1.1,,https://cpp-globez.ru/%D0%BF%D1%80%D0%B8%D0%BA%D0%B0%D0%B7%D1%8B/,2026-04-08 19:58:10
https://cpp-globez.ru/prikaz/prikazy-o-prisvoenii-ot-avgust-2021-2,prikazy-o-prisvoenii-ot-avgust-2021-2 | prikaz,от Приказ 01.09.2021 от Выпуск 74-21-1-А. от Выпуск 76-21-1-В от Зачисление 74-21-А от Зачисление 75-21-В от Зачисление 76-21-В,Индексируемое,ПРИКАЗЫ О ПРИСВОЕНИИ ОТ АВГУСТ 2021 Приказ № 67/21/1 от 01.09.2021г.,,68,,0,,0,"max-snippet:-1, max-image-preview:large, max-video-preview:-1",,,https://cpp-globez.ru/prikaz/prikazy-o-prisvoenii-ot-avgust-2021-2,,,,,,7415,7415,"2,628654575",,238,73,"3,260273973",100,Очень легко,"9,20289",2,1,,6,2,0,"1,39",87,41,0,1,1,0,,,,,64d73541e4289e0528a5c0b06078eaf6,"0,571","Wed, 08 Apr 2026 18:58:11 GMT",,,,ru-ru,1.1,,https://cpp-globez.ru/prikaz/prikazy-o-prisvoenii-ot-avgust-2021-2,2026-04-08 19:58:11
https://cpp-globez.ru/prikaz/prikaz-71-21-1-ot-19-11-2021g,prikaz-71-21-1-ot-19-11-2021g | prikaz,Приказ № 83/21/1 от 17.11.2021г Выпуск 97-21-1-А Выпуск 98-21-1-В.PDF Зачисление 97-21-А.PDF Зачисление 98-21-В.PDF,Индексируемое,ПРИКАЗ № 71/21/1 ОТ 19.11.2021Г.,,32,,0,,0,"max-snippet:-1, max-image-preview:large, max-video-preview:-1",,,https://cpp-globez.ru/prikaz/prikaz-71-21-1-ot-19-11-2021g,,,,,,7352,7352,"2,60632076",,221,75,"2,946666667",100,Очень легко,"9,007094",2,1,,6,2,0,"1,39",86,40,0,1,1,0,,,,,2d9d714639355ae79052e644ff9d51b4,"0,314","Wed, 08 Apr 2026 18:58:12 GMT",,,,ru-ru,1.1,,https://cpp-globez.ru/prikaz/prikaz-71-21-1-ot-19-11-2021g,2026-04-08 19:58:12
https://cpp-globez.ru/prikaz/prikazy-o-prisvoenii,prikazy-o-prisvoenii | prikaz,от 15.06.2021 от 16.06.2021 от 17.06.2021,Индексируемое,Приказы о присвоении,,20,,0,,0,"max-snippet:-1, max-image-preview:large, max-video-preview:-1",,,https://cpp-globez.ru/prikaz/prikazy-o-prisvoenii,,,,,,7225,7225,"2,561298625",,210,70,3,100,Очень легко,"8,797835",2,1,,7,3,0,"2,08",84,38,0,1,1,0,,,,,d0d3d3d6627ad6ed4fd897c871bfaf37,"0,284","Wed, 08 Apr 2026 18:58:12 GMT",,,,ru-ru,1.1,,https://cpp-globez.ru/prikaz/prikazy-o-prisvoenii,2026-04-08 19:58:12
https://cpp-globez.ru/приказы/page-4-4,prikaz | Page 3-5,,Индексируемое,,,0,Распоряжение о присвоении квалификации от 07.04.2021,52,Присвоение квалификации охранника от 06.04.2021 года,52,"max-snippet:-1, max-image-preview:large, max-video-preview:-1",,,,https://cpp-globez.ru/prikaz/page-5-4,https://cpp-globez.ru/приказы/page-3-4,,,,8211,8211,"2,910840555",,308,106,"2,905660377",100,Очень легко,"9,171752",2,1,,12,7,0,"4,86",104,52,0,1,1,0,,,,,3519e203789bc729cbdfe0901da9c2c,"0,324","Wed, 08 Apr 2026 18:58:12 GMT",,,,ru-ru,1.1,,https://cpp-globez.ru/%D0%BF%D1%80%D0%B8%D0%BA%D0%B0%D0%B7%D1%8B/page-4-4,2026-04-08 19:58:12
https://cpp-globez.ru/prikaz/prikaz-69-21-1-ot-15-09-2021g,prikaz-69-21-1-ot-15-09-2021g | prikaz,Приказ № 69/21/1 от 15.09.2021г Приказ № 69/21/1 от 16.09.2021г Выпуск 80-21-1-А Зачисление 80-21-1-А,Индексируемое,Приказ № 69/21/1 от 15.09.2021г,,31,,0,,0,"max-snippet:-1, max-image-preview:large, max-video-preview:-1",,,https://cpp-globez.ru/prikaz/prikaz-69-21-1-ot-15-09-2021g,,,,,,7297,7297,"2,586822985",,222,73,"3,04109589",100,Очень легко,"8,993821",2,1,,5,2,0,"1,39",85,39,0,1,1,0,,,,,8583a45b1d23926fc405445734255b7f,"0,264","Wed, 08 Apr 2026 18:58:12 GMT",,,,ru-ru,1.1,,https://cpp-globez.ru/prikaz/prikaz-69-21-1-ot-15-09-2021g,2026-04-08 19:58:12
https://cpp-globez.ru/prikaz/prikazy-o-prisvoenii-5,prikazy-o-prisvoenii-5 | prikaz,от выпуск 66 А от выпуск 67 B от зачисление 66А от зачисление 67B,Индексируемое,Приказы о присвоении от август 2021,,35,,0,,0,"max-snippet:-1, max-image-preview:large, max-video-preview:-1",,,https://cpp-globez.ru/prikaz/prikazy-o-prisvoenii-5,,,,,,7309,7309,"2,591077045",,224,65,"3,446153846",100,Очень легко,"8,921734",2,1,,7,3,0,"2,08",85,39,0,1,1,0,,,,,be3d1b95d0cdcb9f9c0a15ed796deef2,"0,261","Wed, 08 Apr 2026 18:58:12 GMT",,,,ru-ru,1.1,,https://cpp-globez.ru/prikaz/prikazy-o-prisvoenii-5,2026-04-08 19:58:12
https://cpp-globez.ru/images/prikaz/Выпуск%2098-21-1-В.PDF,,,Неиндексируемое,,Редирект,0,,0,,0,,,,,,,,,,0,0,0,,0,,,,,0,2,2,,2,2,0,"1,39",0,0,0,0,0,0,,,,,,"0,249",,https://cpp-globez.ru/en/prikaz/приказ-1-21-1-а,HTTP Redirect,,,1.1,,https://cpp-globez.ru/images/prikaz/%D0%92%D1%8B%D0%BF%D1%83%D1%81%D0%BA%2098-21-1-%D0%92.PDF,2026-04-08 19:58:12
https://cpp-globez.ru/prikaz/prikazy-o-prisvoenii-2,prikazy-o-prisvoenii-2 | prikaz,от 22.06.2021 от 23.06.2021 от 24.06.2021 от 25.06.2021,Индексируемое,Приказы о присвоении от июнь 2021,,33,,0,,0,"max-snippet:-1, max-image-preview:large, max-video-preview:-1",,,https://cpp-globez.ru/prikaz/prikazy-o-prisvoenii-2,,,,,,7258,7258,"2,57299729",,218,73,"2,98630137",100,Очень легко,"8,899477",2,1,,7,3,0,"2,08",85,39,0,1,1,0,,,,,b74135a67bdb39dbd2e7bc7c4a3c0197,"0,311","Wed, 08 Apr 2026 18:58:12 GMT",,,,ru-ru,1.1,,https://cpp-globez.ru/prikaz/prikazy-o-prisvoenii-2,2026-04-08 19:58:12
https://cpp-globez.ru/prikaz/prikazy-o-prisvoenii-3,prikazy-o-prisvoenii-3 | prikaz,от выпуск 54А от выпуск 55В от зачисление 54А от зачисление 55В,Индексируемое,Приказы о присвоении от июнь 2021 (2),,37,,0,,0,"max-snippet:-1, max-image-preview:large, max-video-preview:-1",,,https://cpp-globez.ru/prikaz/prikazy-o-prisvoenii-3,,,,,,7286,7286,"2,58292343",,224,65,"3,446153846",100,Очень легко,"8,946863",2,1,,7,3,0,"2,08",85,39,0,1,1,0,,,,,68d2cf8494b1a996a2271720107ce2f8,"0,531","Wed, 08 Apr 2026 18:58:13 GMT",,,,ru-ru,1.1,,https://cpp-globez.ru/prikaz/prikazy-o-prisvoenii-3,2026-04-08 19:58:12
https://cpp-globez.ru/приказы/page-2-4,prikaz | Page 1-5,,Индексируемое,,,0,Приказы о присвоении от август 2021,35,Приказы о присвоении,20,"max-snippet:-1, max-image-preview:large, max-video-preview:-1",,,,https://cpp-globez.ru/приказы/page-3-4,https://cpp-globez.ru/приказы/,,,,8112,8112,"2,87574456",,308,118,"2,610169492",100,Очень легко,"8,773938",2,1,,10,5,0,"3,47",113,61,0,1,1,0,,,,,14f4cd5290031679369d805b001d5659,"0,306","Wed, 08 Apr 2026 18:58:13 GMT",,,,ru-ru,1.1,,https://cpp-globez.ru/%D0%BF%D1%80%D0%B8%D0%BA%D0%B0%D0%B7%D1%8B/page-2-4,2026-04-08 19:58:13
https://cpp-globez.ru/prikaz/prikaz-71-21-1-ot-22-09-2021g,prikaz-71-21-1-ot-22-09-2021g | prikaz,Приказ № 71/21/1 от 22.09.2021г Приказ № 72/21/1 от 24.09.2021г Выпуск 81-21-1-А Выпуск 82-21-1-В.PDF Зачисление 81-21-А.PDF Зачисление 82-21-В.PDF,Индексируемое,Приказ № 71/21/1 от 22.09.2021г.,,32,,0,,0,"max-snippet:-1, max-image-preview:large, max-video-preview:-1",,,https://cpp-globez.ru/prikaz/prikaz-71-21-1-ot-22-09-2021g,,,,,,7349,7349,"2,605257245",,226,78,"2,897435897",100,Очень легко,"9,0665865",2,1,,6,2,0,"1,39",87,41,0,1,1,0,,,,,ab6b53e9e02733a2ef7e63b0e316b36e,"0,539","Wed, 08 Apr 2026 18:58:13 GMT",,,,ru-ru,1.1,,https://cpp-globez.ru/prikaz/prikaz-71-21-1-ot-22-09-2021g,2026-04-08 19:58:13
https://cpp-globez.ru/приказы/page-3-4,prikaz | Page 2-5,,Индексируемое,,,0,Приказы о присвоении от июль 2021,33,"Распоряжение от 14.04.2021 года, присвоена квалификация частного охранника",74,"max-snippet:-1, max-image-preview:large, max-video-preview:-1",,,,https://cpp-globez.ru/приказы/page-4-4,https://cpp-globez.ru/приказы/page-2-4,,,,8281,8281,"2,935655905",,314,118,"2,661016949",100,Очень легко,"9,035997",2,1,,11,6,0,"4,17",110,58,0,1,1,0,,,,,affb2ca83902a752c4a5164da0fc3834,"0,571","Wed, 08 Apr 2026 18:58:13 GMT",,,,ru-ru,1.1,,https://cpp-globez.ru/%D0%BF%D1%80%D0%B8%D0%BA%D0%B0%D0%B7%D1%8B/page-3-4,2026-04-08 19:58:13
https://cpp-globez.ru/pedagogicheskij-sostav,pedagogicheskij-sostav,Педагогический состав Руководство Королев Михаил Иванович Председатель правленияОбъединения 'Глобал - Безопасность' Почта: mail@cpp-globez.ru Гончаров Александр Михайлович ДиректорЧОУ ДПО'ЦПП' Почта: mail@cpp-globez.ru ПРЕПОДАВАТЕЛИ Светочев Иван Ива...,Индексируемое,Педагогический состав,,21,Руководство,11,ПРЕПОДАВАТЕЛИ,13,"max-snippet:-1, max-image-preview:large, max-video-preview:-1",,,https://cpp-globez.ru/pedagogicheskij-sostav,,,,,,10985,10985,"3,894237425",,613,167,"3,670658683",100,Очень легко,"10,9035",2,0,,5,2,0,"1,39",78,35,0,1,1,0,,,,,d196799e9d659078d3a0e215f32b047d,"0,595","Wed, 08 Apr 2026 18:58:19 GMT",,,,ru-ru,1.1,,https://cpp-globez.ru/pedagogicheskij-sostav,2026-04-08 19:58:18
https://cpp-globez.ru/uslugi/получение-лицензии-на-оружие-лицензия-на-травматику-обучение-на-оружие.html,,,Неиндексируемое,,Редирект,0,,0,,0,,,,,,,,,,0,0,0,,0,,,,,0,2,1,,23,23,0,"15,97",0,0,0,0,0,0,,,,,,"0,5",,https://cpp-globez.ru/получение-лицензии-на-оружие,HTTP Redirect,,,1.1,,https://cpp-globez.ru/uslugi/%D0%BF%D0%BE%D0%BB%D1%83%D1%87%D0%B5%D0%BD%D0%B8%D0%B5-%D0%BB%D0%B8%D1%86%D0%B5%D0%BD%D0%B7%D0%B8%D0%B8-%D0%BD%D0%B0-%D0%BE%D1%80%D1%83%D0%B6%D0%B8%D0%B5-%D0%BB%D0%B8%D1%86%D0%B5%D0%BD%D0%B7%D0%B8%D1%8F-%D0%BD%D0%B0-%D1%82%D1%80%D0%B0%D0%B2%D0%BC%D0%B0%D1%82%D0%B8%D0%BA%D1%83-%D0%BE%D0%B1%D1%83%D1%87%D0%B5%D0%BD%D0%B8%D0%B5-%D0%BD%D0%B0-%D0%BE%D1%80%D1%83%D0%B6%D0%B8%D0%B5.html,2026-04-08 19:58:19
https://cpp-globez.ru/lokal-nye-akty,lokal-nye-akty,"Локальные акты Организационно-правовые документы определяют статус организации, наделяют ее полномочиями (предоставляют права) в осуществлении той или иной деятельности, устанавливают порядок ее работы. В образовательной организации к таким документа...",Индексируемое,,,0,,0,,0,"max-snippet:-1, max-image-preview:large, max-video-preview:-1",,,https://cpp-globez.ru/lokal-nye-akty,,,,,,7538,7538,"2,67225869",,256,71,"3,605633803",100,Очень легко,"9,680421",2,0,,5,2,0,"1,39",85,42,0,1,1,0,,,,,7c1b23e4db948c8465e9d42f9c6674a,"0,573","Wed, 08 Apr 2026 18:58:19 GMT",,,,ru-ru,1.1,,https://cpp-globez.ru/lokal-nye-akty,2026-04-08 19:58:19
https://cpp-globez.ru/test.html,,,Неиндексируемое,,Редирект,0,,0,,0,,,,,,,,,,0,0,0,,0,,,,,0,2,0,,2,2,0,"1,39",0,0,0,0,0,0,,,,,,"0,241",,https://cpp-globez.ru/test,HTTP Redirect,,,1.1,,https://cpp-globez.ru/test.html,2026-04-08 19:58:19
https://cpp-globez.ru/uslugi/обучение-стрельбе-из-огнестрельного-оружия.html,,,Неиндексируемое,,Редирект,0,,0,,0,,,,,,,,,,0,0,0,,0,,,,,0,2,1,,2,2,0,"1,39",0,0,0,0,0,0,,,,,,"0,232",,https://cpp-globez.ru/en/обучение-стрельбе-из-огнестрельного-оружия,HTTP Redirect,,,1.1,,https://cpp-globez.ru/uslugi/%D0%BE%D0%B1%D1%83%D1%87%D0%B5%D0%BD%D0%B8%D0%B5-%D1%81%D1%82%D1%80%D0%B5%D0%BB%D1%8C%D0%B1%D0%B5-%D0%B8%D0%B7-%D0%BE%D0%B3%D0%BD%D0%B5%D1%81%D1%82%D1%80%D0%B5%D0%BB%D1%8C%D0%BD%D0%BE%D0%B3%D0%BE-%D0%BE%D1%80%D1%83%D0%B6%D0%B8%D1%8F.html,2026-04-08 19:58:19
https://cpp-globez.ru/kontakty.html,,,Неиндексируемое,,Редирект,0,,0,,0,,,,,,,,,,0,0,0,,0,,,,,0,2,0,,4,2,0,"1,39",0,0,0,0,0,0,,,,,,"0,456",,https://cpp-globez.ru/kontakty,HTTP Redirect,,,1.1,,https://cpp-globez.ru/kontakty.html,2026-04-08 19:58:19
https://cpp-globez.ru/новости/за-и-против,«за-и-против» | novosti,"Новости Центра профессиональной подготовки охранников в Мытищах, обзоры, статьи.",Индексируемое,«За и против»,,13,,0,,0,"max-snippet:-1, max-image-preview:large, max-video-preview:-1",,,https://cpp-globez.ru/новости/за-и-против,,,,,,10854,10854,"3,84779727",,812,148,"5,486486486",100,Очень легко,"21,309809",2,1,,8,3,0,"2,08",81,36,0,1,1,0,,,,,238fa6bd69e689e97eae6f9c78339057,"0,297","Wed, 08 Apr 2026 18:58:20 GMT",,,,ru-ru,1.1,,https://cpp-globez.ru/%D0%BD%D0%BE%D0%B2%D0%BE%D1%81%D1%82%D0%B8/%D0%B7%D0%B0-%D0%B8-%D0%BF%D1%80%D0%BE%D1%82%D0%B8%D0%B2,2026-04-08 19:58:20
https://cpp-globez.ru/новости/page-2-5,novosti | Page 2-5,"Новости Центра профессиональной подготовки охранников в Мытищах, обзоры, статьи.",Индексируемое,,,0,Предложение Росгвардии,22,Открытый турнир по тактико-циклической стрельбе среди подразделений специального назначения Росгвардии на призы директора Федеральной службы войск национальной гвардии Российской Федерации памяти Героя России капитана Д.А. Серкова.,231,"max-snippet:-1, max-image-preview:large, max-video-preview:-1",,,,https://cpp-globez.ru/новости/page-3-5,https://cpp-globez.ru/новости/,,,,9143,9143,"3,241239215",,341,93,"3,666666667",100,Очень легко,"9,380857",2,1,,12,6,0,"4,17",99,48,0,2,2,0,,,,,16a70e2962a090e4a8b538c2d86c286a,"0,304","Wed, 08 Apr 2026 18:58:20 GMT",,,,ru-ru,1.1,,https://cpp-globez.ru/%D0%BD%D0%BE%D0%B2%D0%BE%D1%81%D1%82%D0%B8/page-2-5,2026-04-08 19:58:20
https://cpp-globez.ru/новости/page-3-5,novosti | Page 3-5,"Новости Центра профессиональной подготовки охранников в Мытищах, обзоры, статьи.",Индексируемое,,,0,Соглашение о сотрудничестве с Федеральной службой войск национальной гвардии,76,"Вооруженная охрана грузов, сопровождение ценностей.",51,"max-snippet:-1, max-image-preview:large, max-video-preview:-1",,,,https://cpp-globez.ru/новости/page-4-5,https://cpp-globez.ru/новости/page-2-5,,,,11413,11413,"4,045965565",,759,154,"4,928571429",100,Очень легко,"17,279354",2,1,,12,7,0,"4,86",100,50,0,1,1,0,,,,,5f0729f0a2d8753d3da1f000e255f860,"0,357","Wed, 08 Apr 2026 18:58:20 GMT",,,,ru-ru,1.1,,https://cpp-globez.ru/%D0%BD%D0%BE%D0%B2%D0%BE%D1%81%D1%82%D0%B8/page-3-5,2026-04-08 19:58:20
https://cpp-globez.ru/новости/page-4-5,novosti | Page 4-5,"Новости Центра профессиональной подготовки охранников в Мытищах, обзоры, статьи.",Индексируемое,,,0,Военно-прикладное значение Федерации Тактико-циклической стрельбы.,66,"Новый закон об оружии: что изменится, и станет ли лучше",55,"max-snippet:-1, max-image-preview:large, max-video-preview:-1",,,,https://cpp-globez.ru/новости/page-5-5,https://cpp-globez.ru/новости/page-3-5,,,,13359,13359,"4,735832295",,928,184,"5,043478261",100,Очень легко,"17,064089",2,1,,14,8,0,"5,56",108,57,0,1,1,0,,,,,c6a52d193620a71a99a3f69f956e4f13,"0,317","Wed, 08 Apr 2026 18:58:20 GMT",,,,ru-ru,1.1,,https://cpp-globez.ru/%D0%BD%D0%BE%D0%B2%D0%BE%D1%81%D1%82%D0%B8/page-4-5,2026-04-08 19:58:20
https://cpp-globez.ru/новости/выстрел-без-отдачи,выстрел-без-отдачи | novosti,"Новости Центра профессиональной подготовки охранников в Мытищах, обзоры, статьи.",Индексируемое,Выстрел без отдачи,,18,,0,,0,"max-snippet:-1, max-image-preview:large, max-video-preview:-1",,,https://cpp-globez.ru/новости/выстрел-без-отдачи,,,,,,14672,14672,"5,20129736",,1701,297,"5,727272727",100,Очень легко,"33,681103",2,1,,8,4,0,"2,78",81,36,0,1,1,0,,,,,f78fc8c5a4553a79d04a31f54f37c7e4,"0,304","Wed, 08 Apr 2026 18:58:20 GMT",,,,ru-ru,1.1,,https://cpp-globez.ru/%D0%BD%D0%BE%D0%B2%D0%BE%D1%81%D1%82%D0%B8/%D0%B2%D1%8B%D1%81%D1%82%D1%80%D0%B5%D0%BB-%D0%B1%D0%B5%D0%B7-%D0%BE%D1%82%D0%B4%D0%B0%D1%87%D0%B8,2026-04-08 19:58:20
https://cpp-globez.ru/новости/открытый-турнир-по-тактико-циклической-стрельбе-среди-подразделений-специального-назначения-росгвардии-на-призы-директора-федеральной-службы-войск-национальной-гвардии-российской-федерации-памяти-героя-россии-капитана-д-а-серкова,открытый-турнир-по-тактико-циклической-стрельбе-среди-подразделений-специального-назначения-росгвардии-на-призы-директора-федеральной-службы-войск-национальной-гвардии-российской-федерации-памяти-героя-россии-капитана-д-а-серкова | novosti,"Новости Центра профессиональной подготовки охранников в Мытищах, обзоры, статьи.",Индексируемое,Открытый турнир по тактико-циклической стрельбе среди подразделений специального назначения Росгвардии на призы директора Федеральной службы войск национальной гвардии Российской Федерации памяти Героя России капитана Д.А. Серкова.,,231,,0,,0,"max-snippet:-1, max-image-preview:large, max-video-preview:-1",,,https://cpp-globez.ru/новости/открытый-турнир-по-тактико-циклической-стрельбе-среди-подразделений-специального-назначения-росгвардии-на-призы-директора-федеральной-службы-войск-национальной-гвардии-российской-федерации-памяти-героя-россии-капитана-д-а-серкова,,,,,,15638,15638,"5,54374919",,2184,369,"5,918699187",100,Очень легко,"34,122505",2,1,,8,4,0,"2,78",82,37,0,1,1,0,,,,,f6bd4d705bdcb49308ed26c048793603,"0,328","Wed, 08 Apr 2026 18:58:21 GMT",,,,ru-ru,1.1,,https://cpp-globez.ru/%D0%BD%D0%BE%D0%B2%D0%BE%D1%81%D1%82%D0%B8/%D0%BE%D1%82%D0%BA%D1%80%D1%8B%D1%82%D1%8B%D0%B9-%D1%82%D1%83%D1%80%D0%BD%D0%B8%D1%80-%D0%BF%D0%BE-%D1%82%D0%B0%D0%BA%D1%82%D0%B8%D0%BA%D0%BE-%D1%86%D0%B8%D0%BA%D0%BB%D0%B8%D1%87%D0%B5%D1%81%D0%BA%D0%BE%D0%B9-%D1%81%D1%82%D1%80%D0%B5%D0%BB%D1%8C%D0%B1%D0%B5-%D1%81%D1%80%D0%B5%D0%B4%D0%B8-%D0%BF%D0%BE%D0%B4%D1%80%D0%B0%D0%B7%D0%B4%D0%B5%D0%BB%D0%B5%D0%BD%D0%B8%D0%B9-%D1%81%D0%BF%D0%B5%D1%86%D0%B8%D0%B0%D0%BB%D1%8C%D0%BD%D0%BE%D0%B3%D0%BE-%D0%BD%D0%B0%D0%B7%D0%BD%D0%B0%D1%87%D0%B5%D0%BD%D0%B8%D1%8F-%D1%80%D0%BE%D1%81%D0%B3%D0%B2%D0%B0%D1%80%D0%B4%D0%B8%D0%B8-%D0%BD%D0%B0-%D0%BF%D1%80%D0%B8%D0%B7%D1%8B-%D0%B4%D0%B8%D1%80%D0%B5%D0%BA%D1%82%D0%BE%D1%80%D0%B0-%D1%84%D0%B5%D0%B4%D0%B5%D1%80%D0%B0%D0%BB%D1%8C%D0%BD%D0%BE%D0%B9-%D1%81%D0%BB%D1%83%D0%B6%D0%B1%D1%8B-%D0%B2%D0%BE%D0%B9%D1%81%D0%BA-%D0%BD%D0%B0%D1%86%D0%B8%D0%BE%D0%BD%D0%B0%D0%BB%D1%8C%D0%BD%D0%BE%D0%B9-%D0%B3%D0%B2%D0%B0%D1%80%D0%B4%D0%B8%D0%B8-%D1%80%D0%BE%D1%81%D1%81%D0%B8%D0%B9%D1%81%D0%BA%D0%BE%D0%B9-%D1%84%D0%B5%D0%B4%D0%B5%D1%80%D0%B0%D1%86%D0%B8%D0%B8-%D0%BF%D0%B0%D0%BC%D1%8F%D1%82%D0%B8-%D0%B3%D0%B5%D1%80%D0%BE%D1%8F-%D1%80%D0%BE%D1%81%D1%81%D0%B8%D0%B8-%D0%BA%D0%B0%D0%BF%D0%B8%D1%82%D0%B0%D0%BD%D0%B0-%D0%B4-%D0%B0-%D1%81%D0%B5%D1%80%D0%BA%D0%BE%D0%B2%D0%B0,2026-04-08 19:58:21
https://cpp-globez.ru/новости/повышение-квалификации-руководящего-состава-среднего-звена-подразделение-ведомственной-охраны-государственно-корпорации-ростех,повышение-квалификации-руководящего-состава-среднего-звена-подразделение-ведомственной-охраны-государственно-корпорации-«ростех» | novosti,"Новости Центра профессиональной подготовки охранников в Мытищах, обзоры, статьи.",Индексируемое,Повышение квалификации руководящего состава среднего звена подразделение ведомственной охраны Государственно корпорации «Ростех»,,128,,0,,0,"max-snippet:-1, max-image-preview:large, max-video-preview:-1",,,https://cpp-globez.ru/новости/повышение-квалификации-руководящего-состава-среднего-звена-подразделение-ведомственной-охраны-государственно-корпорации-ростех,,,,,,9776,9776,"3,46564088",,394,90,"4,377777778",100,Очень легко,"12,562428",2,1,,9,3,0,"2,08",85,39,0,1,1,0,,,,,1d7e9e2164fe8004417fb5bec1162454,"0,305","Wed, 08 Apr 2026 18:58:21 GMT",,,,ru-ru,1.1,,https://cpp-globez.ru/%D0%BD%D0%BE%D0%B2%D0%BE%D1%81%D1%82%D0%B8/%D0%BF%D0%BE%D0%B2%D1%8B%D1%88%D0%B5%D0%BD%D0%B8%D0%B5-%D0%BA%D0%B2%D0%B0%D0%BB%D0%B8%D1%84%D0%B8%D0%BA%D0%B0%D1%86%D0%B8%D0%B8-%D1%80%D1%83%D0%BA%D0%BE%D0%B2%D0%BE%D0%B4%D1%8F%D1%89%D0%B5%D0%B3%D0%BE-%D1%81%D0%BE%D1%81%D1%82%D0%B0%D0%B2%D0%B0-%D1%81%D1%80%D0%B5%D0%B4%D0%BD%D0%B5%D0%B3%D0%BE-%D0%B7%D0%B2%D0%B5%D0%BD%D0%B0-%D0%BF%D0%BE%D0%B4%D1%80%D0%B0%D0%B7%D0%B4%D0%B5%D0%BB%D0%B5%D0%BD%D0%B8%D0%B5-%D0%B2%D0%B5%D0%B4%D0%BE%D0%BC%D1%81%D1%82%D0%B2%D0%B5%D0%BD%D0%BD%D0%BE%D0%B9-%D0%BE%D1%85%D1%80%D0%B0%D0%BD%D1%8B-%D0%B3%D0%BE%D1%81%D1%83%D0%B4%D0%B0%D1%80%D1%81%D1%82%D0%B2%D0%B5%D0%BD%D0%BD%D0%BE-%D0%BA%D0%BE%D1%80%D0%BF%D0%BE%D1%80%D0%B0%D1%86%D0%B8%D0%B8-%D1%80%D0%BE%D1%81%D1%82%D0%B5%D1%85,2026-04-08 19:58:21
https://cpp-globez.ru/новости/рабочая-встреча-в-центре-профессиональной-подготовки,рабочая-встреча-в-«центре-профессиональной-подготовки» | novosti,"Новости Центра профессиональной подготовки охранников в Мытищах, обзоры, статьи.",Индексируемое,Рабочая встреча в «Центре Профессиональной Подготовки»,,54,,0,,0,"max-snippet:-1, max-image-preview:large, max-video-preview:-1",,,https://cpp-globez.ru/новости/рабочая-встреча-в-центре-профессиональной-подготовки,,,,,,8925,8925,"3,163957125",,451,104,"4,336538462",100,Очень легко,"14,039654",2,1,,8,3,0,"2,08",80,35,0,1,1,0,,,,,dcce3f36314fe4902482ecf76cc6e30c,"0,602","Wed, 08 Apr 2026 18:58:21 GMT",,,,ru-ru,1.1,,https://cpp-globez.ru/%D0%BD%D0%BE%D0%B2%D0%BE%D1%81%D1%82%D0%B8/%D1%80%D0%B0%D0%B1%D0%BE%D1%87%D0%B0%D1%8F-%D0%B2%D1%81%D1%82%D1%80%D0%B5%D1%87%D0%B0-%D0%B2-%D1%86%D0%B5%D0%BD%D1%82%D1%80%D0%B5-%D0%BF%D1%80%D0%BE%D1%84%D0%B5%D1%81%D1%81%D0%B8%D0%BE%D0%BD%D0%B0%D0%BB%D1%8C%D0%BD%D0%BE%D0%B9-%D0%BF%D0%BE%D0%B4%D0%B3%D0%BE%D1%82%D0%BE%D0%B2%D0%BA%D0%B8,2026-04-08 19:58:21
https://cpp-globez.ru/новости/предложение-росгвардии,предложение-росгвардии | novosti,"Новости Центра профессиональной подготовки охранников в Мытищах, обзоры, статьи.",Индексируемое,Предложение Росгвардии,,22,,0,,0,"max-snippet:-1, max-image-preview:large, max-video-preview:-1",,,https://cpp-globez.ru/новости/предложение-росгвардии,,,,,,11792,11792,"4,18032296",,1050,183,"5,737704918",100,Очень легко,"25,667168",2,1,,8,4,0,"2,78",81,36,0,1,1,0,,,,,62674e12f5b2888232ec11e028db2c38,"0,367","Wed, 08 Apr 2026 18:58:21 GMT",,,,ru-ru,1.1,,https://cpp-globez.ru/%D0%BD%D0%BE%D0%B2%D0%BE%D1%81%D1%82%D0%B8/%D0%BF%D1%80%D0%B5%D0%B4%D0%BB%D0%BE%D0%B6%D0%B5%D0%BD%D0%B8%D0%B5-%D1%80%D0%BE%D1%81%D0%B3%D0%B2%D0%B0%D1%80%D0%B4%D0%B8%D0%B8,2026-04-08 19:58:21
https://cpp-globez.ru/новости/семинары-для-сотрудников-личной-охраны,семинары-для-сотрудников-личной-охраны | novosti,"Новости Центра профессиональной подготовки охранников в Мытищах, обзоры, статьи.",Индексируемое,,,0,,0,,0,"max-snippet:-1, max-image-preview:large, max-video-preview:-1",,,https://cpp-globez.ru/новости/семинары-для-сотрудников-личной-охраны,,,,,,7509,7509,"2,661978045",,267,69,"3,869565217",100,Очень легко,"11,014101",2,1,,8,3,0,"2,08",78,35,0,1,1,0,,,,,3e84206693eec1945fd03ff8eb6cab03,"0,278","Wed, 08 Apr 2026 18:58:22 GMT",,,,ru-ru,1.1,,https://cpp-globez.ru/%D0%BD%D0%BE%D0%B2%D0%BE%D1%81%D1%82%D0%B8/%D1%81%D0%B5%D0%BC%D0%B8%D0%BD%D0%B0%D1%80%D1%8B-%D0%B4%D0%BB%D1%8F-%D1%81%D0%BE%D1%82%D1%80%D1%83%D0%B4%D0%BD%D0%B8%D0%BA%D0%BE%D0%B2-%D0%BB%D0%B8%D1%87%D0%BD%D0%BE%D0%B9-%D0%BE%D1%85%D1%80%D0%B0%D0%BD%D1%8B,2026-04-08 19:58:22
https://cpp-globez.ru/новости/заглянуть-я-в-ствол-хочу-вдруг-чего-увижу…,"заглянуть-я-в-ствол-хочу,-вдруг-чего-увижу… | novosti","Новости Центра профессиональной подготовки охранников в Мытищах, обзоры, статьи.",Индексируемое,"Заглянуть я в ствол хочу, вдруг чего увижу…",,43,,0,,0,"max-snippet:-1, max-image-preview:large, max-video-preview:-1",,,https://cpp-globez.ru/новости/заглянуть-я-в-ствол-хочу-вдруг-чего-увижу…,,,,,,11809,11809,"4,186349545",,1037,179,"5,793296089",100,Очень легко,"23,706034",2,1,,8,4,0,"2,78",81,36,0,2,2,0,,,,,cda502a6fe354ffcadc14ae55736fdce,"0,299","Wed, 08 Apr 2026 18:58:22 GMT",,,,ru-ru,1.1,,https://cpp-globez.ru/%D0%BD%D0%BE%D0%B2%D0%BE%D1%81%D1%82%D0%B8/%D0%B7%D0%B0%D0%B3%D0%BB%D1%8F%D0%BD%D1%83%D1%82%D1%8C-%D1%8F-%D0%B2-%D1%81%D1%82%D0%B2%D0%BE%D0%BB-%D1%85%D0%BE%D1%87%D1%83-%D0%B2%D0%B4%D1%80%D1%83%D0%B3-%D1%87%D0%B5%D0%B3%D0%BE-%D1%83%D0%B2%D0%B8%D0%B6%D1%83%E2%80%A6,2026-04-08 19:58:22
https://cpp-globez.ru/новости/центру-профессиональной-подготовки-объединения-глобал-безопасность-20-лет,центру-профессиональной-подготовки-объединения-«глобал-безопасность»-20-лет | novosti,"Новости Центра профессиональной подготовки охранников в Мытищах, обзоры, статьи.",Индексируемое,Центру Профессиональной Подготовки Объединения «Глобал-Безопасность» 20 лет!,,76,,0,,0,"max-snippet:-1, max-image-preview:large, max-video-preview:-1",,,https://cpp-globez.ru/новости/центру-профессиональной-подготовки-объединения-глобал-безопасность-20-лет,,,,,,9759,9759,"3,459614295",,334,83,"4,024096386",100,Очень легко,"8,5590105",2,1,,9,3,0,"2,08",93,47,0,1,1,0,,,,,fc9eb38f5a48dc290fbafaa130566f31,"0,957","Wed, 08 Apr 2026 18:58:22 GMT",,,,ru-ru,1.1,,https://cpp-globez.ru/%D0%BD%D0%BE%D0%B2%D0%BE%D1%81%D1%82%D0%B8/%D1%86%D0%B5%D0%BD%D1%82%D1%80%D1%83-%D0%BF%D1%80%D0%BE%D1%84%D0%B5%D1%81%D1%81%D0%B8%D0%BE%D0%BD%D0%B0%D0%BB%D1%8C%D0%BD%D0%BE%D0%B9-%D0%BF%D0%BE%D0%B4%D0%B3%D0%BE%D1%82%D0%BE%D0%B2%D0%BA%D0%B8-%D0%BE%D0%B1%D1%8A%D0%B5%D0%B4%D0%B8%D0%BD%D0%B5%D0%BD%D0%B8%D1%8F-%D0%B3%D0%BB%D0%BE%D0%B1%D0%B0%D0%BB-%D0%B1%D0%B5%D0%B7%D0%BE%D0%BF%D0%B0%D1%81%D0%BD%D0%BE%D1%81%D1%82%D1%8C-20-%D0%BB%D0%B5%D1%82,2026-04-08 19:58:21
https://cpp-globez.ru/info/пользовательское-соглашение,пользовательское-соглашение | info,"Обучение безопасному обращению с оружием, лицензия на оружие, лицензия на травматику. Мытищи, ул. Новослободская, вл. 1, стр. 1 +7 (495) 582-42-91",Индексируемое,"Обучение стрельбе, лицензия на оружие и травматику, продление лицензии на оружие.",,81,Пользовательское Соглашение,27,,0,"max-snippet:-1, max-image-preview:large, max-video-preview:-1",,,https://cpp-globez.ru/info/пользовательское-соглашение,,,,,,9207,9207,"3,263927535",,612,133,"4,601503759",100,Очень легко,"18,73494",2,1,,6,3,0,"2,08",80,36,0,1,1,0,,,,,90c689ebac881bbd319eb67e1a7efa30,"0,57","Wed, 08 Apr 2026 18:58:45 GMT",,,,ru-ru,1.1,,https://cpp-globez.ru/info/%D0%BF%D0%BE%D0%BB%D1%8C%D0%B7%D0%BE%D0%B2%D0%B0%D1%82%D0%B5%D0%BB%D1%8C%D1%81%D0%BA%D0%BE%D0%B5-%D1%81%D0%BE%D0%B3%D0%BB%D0%B0%D1%88%D0%B5%D0%BD%D0%B8%D0%B5,2026-04-08 19:58:45
https://cpp-globez.ru/info/политика-конфиденциальности,политика-конфиденциальности | info,"Обучение безопасному обращению с оружием, лицензия на оружие, лицензия на травматику. Мытищи, ул. Новослободская, вл. 1, стр. 1 +7 (495) 582-42-91",Индексируемое,"Обучение стрельбе, лицензия на оружие и травматику, продление лицензии на оружие.",,81,Политика конфиденциальности,27,,0,"max-snippet:-1, max-image-preview:large, max-video-preview:-1",,,https://cpp-globez.ru/info/политика-конфиденциальности,,,,,,9991,9991,"3,541859455",,782,149,"5,248322148",100,Очень легко,"22,731472",2,1,,6,3,0,"2,08",80,36,0,1,1,0,,,,,c603fc406ce1a29761bd1bf5b0026262,"0,562","Wed, 08 Apr 2026 18:58:46 GMT",,,,ru-ru,1.1,,https://cpp-globez.ru/info/%D0%BF%D0%BE%D0%BB%D0%B8%D1%82%D0%B8%D0%BA%D0%B0-%D0%BA%D0%BE%D0%BD%D1%84%D0%B8%D0%B4%D0%B5%D0%BD%D1%86%D0%B8%D0%B0%D0%BB%D1%8C%D0%BD%D0%BE%D1%81%D1%82%D0%B8,2026-04-08 19:58:46
https://cpp-globez.ru/table/info/,info,"Обучение безопасному обращению с оружием, лицензия на оружие, лицензия на травматику. Мытищи, ул. Новослободская, вл. 1, стр. 1 +7 (495) 582-42-91",Индексируемое,info,,4,Предписания органов осуществляющих государственный контроль (надзор) в сфере образования,88,отчеты,6,"max-snippet:-1, max-image-preview:large, max-video-preview:-1",,,,,,,,,9796,9796,"3,47273098",,602,161,"3,739130435",100,Очень легко,"15,099833",3,2,,7,4,0,"2,78",106,51,0,1,1,0,,,,,34d40539a28dc664d483982cca31cf69,"0,621","Wed, 08 Apr 2026 18:58:46 GMT",,,,ru-ru,1.1,,https://cpp-globez.ru/table/info/,2026-04-08 19:58:46
https://cpp-globez.ru/prikaz/prisvoenie-kvalifikatsii-okhrannika-ot-17-03-2021-goda,prisvoenie-kvalifikatsii-okhrannika-ot-17-03-2021-goda | prikaz,Присвоение квалификации охранника от 17.03.2021 года,Индексируемое,Присвоение квалификации охранника от 17.03.2021 года,,52,,0,,0,"max-snippet:-1, max-image-preview:large, max-video-preview:-1",,,https://cpp-globez.ru/prikaz/prisvoenie-kvalifikatsii-okhrannika-ot-17-03-2021-goda,,,,,,7233,7233,"2,564134665",,216,68,"3,176470588",100,Очень легко,"9,008353",3,1,,7,3,0,"2,08",82,36,0,1,1,0,,,,,9fcbe864e8d8d7de255d011d50ee4db9,"0,554","Wed, 08 Apr 2026 18:58:52 GMT",,,,ru-ru,1.1,,https://cpp-globez.ru/prikaz/prisvoenie-kvalifikatsii-okhrannika-ot-17-03-2021-goda,2026-04-08 19:58:52
https://cpp-globez.ru/prikaz/rasporyazhenie-o-prisvoenii-kvalifikatsii-ot-07-04-2021,rasporyazhenie-o-prisvoenii-kvalifikatsii-ot-07-04-2021 | prikaz,Распоряжение о присвоении квалификации от 07.04.2021,Индексируемое,Распоряжение о присвоении квалификации от 07.04.2021,,52,,0,,0,"max-snippet:-1, max-image-preview:large, max-video-preview:-1",,,https://cpp-globez.ru/prikaz/rasporyazhenie-o-prisvoenii-kvalifikatsii-ot-07-04-2021,,,,,,7248,7248,"2,56945224",,216,68,"3,176470588",100,Очень легко,"9,003179",3,1,,7,3,0,"2,08",82,36,0,1,1,0,,,,,a76380361f8b12d4d2ec837e363dd1c3,"0,315","Wed, 08 Apr 2026 18:58:53 GMT",,,,ru-ru,1.1,,https://cpp-globez.ru/prikaz/rasporyazhenie-o-prisvoenii-kvalifikatsii-ot-07-04-2021,2026-04-08 19:58:53
https://cpp-globez.ru/prikaz/prisvoenie-kvalifikatsii-okhrannika-ot-16-03-2021-goda,prisvoenie-kvalifikatsii-okhrannika-ot-16-03-2021-goda | prikaz,Присвоение квалификации охранника от 16.03.2021 года,Индексируемое,Присвоение квалификации охранника от 16.03.2021 года,,52,,0,,0,"max-snippet:-1, max-image-preview:large, max-video-preview:-1",,,https://cpp-globez.ru/prikaz/prisvoenie-kvalifikatsii-okhrannika-ot-16-03-2021-goda,,,,,,7234,7234,"2,56448917",,216,68,"3,176470588",100,Очень легко,"9,008353",3,1,,7,3,0,"2,08",82,36,0,1,1,0,,,,,5fbf46ca599eb711a7b9acc74280262,"0,55","Wed, 08 Apr 2026 18:58:53 GMT",,,,ru-ru,1.1,,https://cpp-globez.ru/prikaz/prisvoenie-kvalifikatsii-okhrannika-ot-16-03-2021-goda,2026-04-08 19:58:53
https://cpp-globez.ru/prikaz/prikaz-22-21-1-a-23-21-1-v-g-mytishchi-m-o-o-vypuske-slushatelej-proshedshikh-obuchenie-po-programme-podgotovki-chastnykh-okhrannikov,prikaz-22-21-1-a-23-21-1-v-g-mytishchi-m-o-o-vypuske-slushatelej-proshedshikh-obuchenie-po-programme-podgotovki-chastnykh-okhrannikov | prikaz,Приказ 22-21-1/А; 23-21-1/В,Индексируемое,"Приказ 22-21-1/А; 23-21-1/В г. Мытищи, М.О. «О выпуске слушателей, прошедших обучение по программе «Подготовки частных охранников».",,131,,0,,0,"max-snippet:-1, max-image-preview:large, max-video-preview:-1",,,https://cpp-globez.ru/prikaz/prikaz-22-21-1-a-23-21-1-v-g-mytishchi-m-o-o-vypuske-slushatelej-proshedshikh-obuchenie-po-programme-podgotovki-chastnykh-okhrannikov,,,,,,7343,7343,"2,603130215",,233,70,"3,328571429",100,Очень легко,"9,285634",3,1,,7,3,0,"2,08",82,36,0,1,1,0,,,,,918d212f0f4d879c03aff746def73601,"0,57","Wed, 08 Apr 2026 18:58:53 GMT",,,,ru-ru,1.1,,https://cpp-globez.ru/prikaz/prikaz-22-21-1-a-23-21-1-v-g-mytishchi-m-o-o-vypuske-slushatelej-proshedshikh-obuchenie-po-programme-podgotovki-chastnykh-okhrannikov,2026-04-08 19:58:53
https://cpp-globez.ru/prikaz/prikaz-o-vypuske-slushatelej-26-21-1-a-27-21-1-v-ot-30-03-2021,prikaz-o-vypuske-slushatelej-26-21-1-a-27-21-1-v-ot-30-03-2021 | prikaz,26-21-1/А; 27-21-1/В от 30.03.2021,Индексируемое,Приказ о выпуске слушателей 26-21-1/А; 27-21-1/В от 30.03.2021,,62,,0,,0,"max-snippet:-1, max-image-preview:large, max-video-preview:-1",,,https://cpp-globez.ru/prikaz/prikaz-o-vypuske-slushatelej-26-21-1-a-27-21-1-v-ot-30-03-2021,,,,,,7252,7252,"2,57087026",,218,68,"3,205882353",100,Очень легко,"9,008078",3,1,,7,3,0,"2,08",82,36,0,1,1,0,,,,,94a5cad9b88acb6ea3de90de93560793,"0,269","Wed, 08 Apr 2026 18:58:53 GMT",,,,ru-ru,1.1,,https://cpp-globez.ru/prikaz/prikaz-o-vypuske-slushatelej-26-21-1-a-27-21-1-v-ot-30-03-2021,2026-04-08 19:58:53
https://cpp-globez.ru/prikaz/prisvoenie-kvalifikatsii-okhrannika-ot-ot-31-03-2021-goda-goda,prisvoenie-kvalifikatsii-okhrannika-ot-ot-31-03-2021-goda-goda | prikaz,Распоряжение: ЧОУ ДПО «ЦПП» от 31.03.2021 года,Индексируемое,Присвоение квалификации охранника от от 31.03.2021 года года,,60,,0,,0,"max-snippet:-1, max-image-preview:large, max-video-preview:-1",,,https://cpp-globez.ru/prikaz/prisvoenie-kvalifikatsii-okhrannika-ot-ot-31-03-2021-goda-goda,,,,,,7292,7292,"2,58505046",,221,69,"3,202898551",100,Очень легко,"9,026264",3,1,,7,3,0,"2,08",82,36,0,1,1,0,,,,,1719858a8ae8becd30640d2c2891fb9b,"0,309","Wed, 08 Apr 2026 18:58:53 GMT",,,,ru-ru,1.1,,https://cpp-globez.ru/prikaz/prisvoenie-kvalifikatsii-okhrannika-ot-ot-31-03-2021-goda-goda,2026-04-08 19:58:53
https://cpp-globez.ru/prikaz/page-6-4,prikaz | Page 5-5,,Индексируемое,,,0,Присвоение квалификации гражданам от 10.03.2021 года,52,Приказ 20-21-1/А; 21-21-1/В о выпуске слушателей 09.03.2021,59,"max-snippet:-1, max-image-preview:large, max-video-preview:-1",,,,https://cpp-globez.ru/prikaz/page-7-4,https://cpp-globez.ru/prikaz/page-5-4,,,,8763,8763,"3,106527315",,390,124,"3,14516129",100,Очень легко,"10,544248",3,1,,12,7,0,"4,86",104,53,0,1,1,0,,,,,cfd6f639d4f1b55816f985e143d44a68,"0,294","Wed, 08 Apr 2026 18:58:53 GMT",,,,ru-ru,1.1,,https://cpp-globez.ru/prikaz/page-6-4,2026-04-08 19:58:53
https://cpp-globez.ru/prikaz/page-5-4,prikaz | Page 4-5,,Индексируемое,,,0,Приказ о выпуске слушателей 26-21-1/А; 27-21-1/В от 30.03.2021,62,Присвоение квалификации охранника от 17.03.2021 года,52,"max-snippet:-1, max-image-preview:large, max-video-preview:-1",,,,https://cpp-globez.ru/prikaz/page-6-4,https://cpp-globez.ru/приказы/page-4-4,,,,8370,8370,"2,96720685",,320,112,"2,857142857",100,Очень легко,"9,385624",3,1,,12,7,0,"4,86",104,53,0,1,1,0,,,,,9a4ea632020fa5e4b5d3935f3c53372a,"0,285","Wed, 08 Apr 2026 18:58:53 GMT",,,,ru-ru,1.1,,https://cpp-globez.ru/prikaz/page-5-4,2026-04-08 19:58:53
https://cpp-globez.ru/prikaz/prisvoenie-kvalifikatsii-okhrannika-ot-06-04-2021-goda,prisvoenie-kvalifikatsii-okhrannika-ot-06-04-2021-goda | prikaz,Присвоение квалификации охранника от 06.04.2021 года,Индексируемое,Присвоение квалификации охранника от 06.04.2021 года,,52,,0,,0,"max-snippet:-1, max-image-preview:large, max-video-preview:-1",,,https://cpp-globez.ru/prikaz/prisvoenie-kvalifikatsii-okhrannika-ot-06-04-2021-goda,,,,,,7240,7240,"2,5666162",,216,68,"3,176470588",100,Очень легко,"9,008353",3,1,,7,3,0,"2,08",82,36,0,1,1,0,,,,,c704ee83e2a74df5acd56e07e082f82b,"0,289","Wed, 08 Apr 2026 18:58:54 GMT",,,,ru-ru,1.1,,https://cpp-globez.ru/prikaz/prisvoenie-kvalifikatsii-okhrannika-ot-06-04-2021-goda,2026-04-08 19:58:54
https://cpp-globez.ru/prikaz/page-7-4,prikaz | Page 5-5,,Индексируемое,,,0,Распоряжение: Во исполнение приказа МВД России от 19.06.2006 № 447,66,"Приказ 14-21-1/А; 15-21-1/В г. Мытищи, М.О. «О выпуске слушателей, прошедших обучение по программе «Подготовки частных охранников».",131,"max-snippet:-1, max-image-preview:large, max-video-preview:-1",,,,https://cpp-globez.ru/prikaz/page-8-4,https://cpp-globez.ru/prikaz/page-6-4,,,,8732,8732,"3,09553766",,404,128,"3,15625",100,Очень легко,"10,349113",3,1,,12,7,0,"4,86",104,53,0,1,1,0,,,,,919c00dc32c3f958d3eb56127bc97810,"0,346","Wed, 08 Apr 2026 18:58:54 GMT",,,,ru-ru,1.1,,https://cpp-globez.ru/prikaz/page-7-4,2026-04-08 19:58:54
https://cpp-globez.ru/prikaz/prikaz-o-vypuske-slushatelej-prikaz-28-21-1-a-29-21-1-v-ot-05-04-2021,prikaz-o-vypuske-slushatelej-prikaz-28-21-1-a-29-21-1-v-ot-05-04-2021 | prikaz,Приказ 28-21-1/А;29-21-1/В от 05-04-2021,Индексируемое,Приказ о выпуске слушателей Приказ 28-21-1/А;29-21-1/В от 05-04-2021,,68,,0,,0,"max-snippet:-1, max-image-preview:large, max-video-preview:-1",,,https://cpp-globez.ru/prikaz/prikaz-o-vypuske-slushatelej-prikaz-28-21-1-a-29-21-1-v-ot-05-04-2021,,,,,,7265,7265,"2,575478825",,218,62,"3,516129032",100,Очень легко,"9,049964",3,1,,7,3,0,"2,08",82,36,0,1,1,0,,,,,5ed4507c122e3070e447731f5302c549,"0,381","Wed, 08 Apr 2026 18:58:54 GMT",,,,ru-ru,1.1,,https://cpp-globez.ru/prikaz/prikaz-o-vypuske-slushatelej-prikaz-28-21-1-a-29-21-1-v-ot-05-04-2021,2026-04-08 19:58:54
https://cpp-globez.ru/en/prikaz/приказ-1-21-1-а,приказ-1-21-1-а | prikaz,Приказ 1-21-1/А,Индексируемое,Приказ 1-21-1/А от 12.01.2021,,29,,0,,0,"max-snippet:-1, max-image-preview:large, max-video-preview:-1",,,https://cpp-globez.ru/en/prikaz/приказ-1-21-1-а,,,,,,7212,7212,"2,55669006",,208,66,"3,151515152",100,Очень легко,"8,797518",3,2,,4,1,0,"0,69",82,36,0,1,1,0,,,,,148f9cd555398d767d64a14411afd4fa,"0,548","Wed, 08 Apr 2026 18:58:55 GMT",,,,ru-ru,1.1,,https://cpp-globez.ru/en/prikaz/%D0%BF%D1%80%D0%B8%D0%BA%D0%B0%D0%B7-1-21-1-%D0%B0,2026-04-08 19:58:55
https://cpp-globez.ru/images/prikaz/3/зачисление%2055B.PDF,,,Неиндексируемое,,Редирект,0,,0,,0,,,,,,,,,,0,0,0,,0,,,,,0,3,3,,2,2,0,"1,39",0,0,0,0,0,0,,,,,,"0,518",,https://cpp-globez.ru/en/prikaz/распоряжение-от-07-10-2020,HTTP Redirect,,,1.1,,https://cpp-globez.ru/images/prikaz/3/%D0%B7%D0%B0%D1%87%D0%B8%D1%81%D0%BB%D0%B5%D0%BD%D0%B8%D0%B5%2055B.PDF,2026-04-08 19:58:55
https://cpp-globez.ru/images/prikaz/3/выпуск%2055B.PDF,,,Неиндексируемое,,Редирект,0,,0,,0,,,,,,,,,,0,0,0,,0,,,,,0,3,3,,2,2,0,"1,39",0,0,0,0,0,0,,,,,,"0,249",,https://cpp-globez.ru/en/prikaz/приказ-1-21-1-а,HTTP Redirect,,,1.1,,https://cpp-globez.ru/images/prikaz/3/%D0%B2%D1%8B%D0%BF%D1%83%D1%81%D0%BA%2055B.PDF,2026-04-08 19:58:55
https://cpp-globez.ru/prikaz/prikazy-o-prisvoenii-4,prikazy-o-prisvoenii-4 | prikaz,от Приказ № 60/2/21 от 21.07.2021 от выпуск 61 А от выпуск 61 B от зачисление 61А от зачисление 61B,Индексируемое,Приказы о присвоении от июль 2021,,33,,0,,0,"max-snippet:-1, max-image-preview:large, max-video-preview:-1",,,https://cpp-globez.ru/prikaz/prikazy-o-prisvoenii-4,,,,,,7347,7347,"2,604548235",,230,68,"3,382352941",100,Очень легко,"8,992189",3,1,,7,3,0,"2,08",86,40,0,1,1,0,,,,,ae0f9e92b0f5d3357a7b0952e757ee63,"0,327","Wed, 08 Apr 2026 18:58:55 GMT",,,,ru-ru,1.1,,https://cpp-globez.ru/prikaz/prikazy-o-prisvoenii-4,2026-04-08 19:58:55
https://cpp-globez.ru/prikaz/prikaz-30-21-1-a-31-21-1-v-ot-13-04-2021,prikaz-30-21-1-a-31-21-1-v-ot-13-04-2021 | prikaz,Приказ 30-21-1/А;31-21-1/В от 13.04.2021,Индексируемое,Приказ 30-21-1/А;31-21-1/В от 13.04.2021,,40,,0,,0,"max-snippet:-1, max-image-preview:large, max-video-preview:-1",,,https://cpp-globez.ru/prikaz/prikaz-30-21-1-a-31-21-1-v-ot-13-04-2021,,,,,,7210,7210,"2,55598105",,210,68,"3,088235294",100,Очень легко,"8,924097",3,1,,7,3,0,"2,08",82,36,0,1,1,0,,,,,ebc7cad6652b973bceeccb5e447a3276,"0,283","Wed, 08 Apr 2026 18:58:55 GMT",,,,ru-ru,1.1,,https://cpp-globez.ru/prikaz/prikaz-30-21-1-a-31-21-1-v-ot-13-04-2021,2026-04-08 19:58:55
https://cpp-globez.ru/prikaz/rasporyazhenie-ot-14-04-2021-goda-prisvoena-kvalifikatsiya-chastnogo-okhrannika,rasporyazhenie-ot-14-04-2021-goda-prisvoena-kvalifikatsiya-chastnogo-okhrannika | prikaz,Распоряжение от 14.04.2021 года,Индексируемое,"Распоряжение от 14.04.2021 года, присвоена квалификация частного охранника",,74,,0,,0,"max-snippet:-1, max-image-preview:large, max-video-preview:-1",,,https://cpp-globez.ru/prikaz/rasporyazhenie-ot-14-04-2021-goda-prisvoena-kvalifikatsiya-chastnogo-okhrannika,,,,,,7267,7267,"2,576187835",,218,68,"3,205882353",100,Очень легко,"9,043465",3,1,,7,3,0,"2,08",82,36,0,1,1,0,,,,,78b8cb345351b6558a2c79ac58282e69,"0,323","Wed, 08 Apr 2026 18:58:55 GMT",,,,ru-ru,1.1,,https://cpp-globez.ru/prikaz/rasporyazhenie-ot-14-04-2021-goda-prisvoena-kvalifikatsiya-chastnogo-okhrannika,2026-04-08 19:58:55
https://cpp-globez.ru/prikaz/rasporyazhenie-ot-14-04-2021-goda-prisvoena-kvalifikatsiya-chastnogo-okhrannika-2,rasporyazhenie-ot-14-04-2021-goda-prisvoena-kvalifikatsiya-chastnogo-okhrannika-2 | prikaz,Распоряжение от 17.05.2021 / 18.05.2021 / 19.05.2021 / 21.05.2021 /года,Индексируемое,Распоряжение от 17.05.2021 / 18.05.2021 / 19.05.2021 / 21.05.2021 / года,,72,,0,,0,"max-snippet:-1, max-image-preview:large, max-video-preview:-1",,,https://cpp-globez.ru/prikaz/rasporyazhenie-ot-14-04-2021-goda-prisvoena-kvalifikatsiya-chastnogo-okhrannika-2,,,,,,7315,7315,"2,593204075",,230,86,"2,674418605",100,Очень легко,"9,085769",3,1,,7,3,0,"2,08",85,39,0,1,1,0,,,,,71f7b49a20afa13dc89e1ffa7fef9a71,"0,331","Wed, 08 Apr 2026 18:58:56 GMT",,,,ru-ru,1.1,,https://cpp-globez.ru/prikaz/rasporyazhenie-ot-14-04-2021-goda-prisvoena-kvalifikatsiya-chastnogo-okhrannika-2,2026-04-08 19:58:56
https://cpp-globez.ru/en/обучение-стрельбе-из-огнестрельного-оружия,"Обучение стрельбе из огнестрельного оружия (пистолет, карабин) в ЦПП Мытищи - ЦПП","В «Центре Профессиональной подготовки» вы пройдете обучение стрельбе из огнестрельного оружия, здесь вы сможете найти максимально комфортные условия для учебы.",Индексируемое,ОБУЧЕНИЕ СТРЕЛЬБЕ ИЗ ОГНЕСТРЕЛЬНОГО ОРУЖИЯ,,42,Служебный пистолет MP-71,24,Карабин «Сайга-410»,19,"max-snippet:-1, max-image-preview:large, max-video-preview:-1",,,https://cpp-globez.ru/en/обучение-стрельбе-из-огнестрельного-оружия,,,,,,9852,9852,"3,49258326",,572,132,"4,333333333",100,Очень легко,"16,405542",3,1,,6,1,0,"0,69",82,35,0,1,1,0,,,,,c62233974c57074e4a9d47efa47dbdd2,"0,541","Wed, 08 Apr 2026 18:58:57 GMT",,,,ru-ru,1.1,,https://cpp-globez.ru/en/%D0%BE%D0%B1%D1%83%D1%87%D0%B5%D0%BD%D0%B8%D0%B5-%D1%81%D1%82%D1%80%D0%B5%D0%BB%D1%8C%D0%B1%D0%B5-%D0%B8%D0%B7-%D0%BE%D0%B3%D0%BD%D0%B5%D1%81%D1%82%D1%80%D0%B5%D0%BB%D1%8C%D0%BD%D0%BE%D0%B3%D0%BE-%D0%BE%D1%80%D1%83%D0%B6%D0%B8%D1%8F,2026-04-08 19:58:57
https://cpp-globez.ru/новости/,novosti,"Новости Центра профессиональной подготовки охранников в Мытищах, обзоры, статьи.",Индексируемое,,,0,Семинары для сотрудников личной охраны,38,Центру Профессиональной Подготовки Объединения «Глобал-Безопасность» 20 лет!,76,"max-snippet:-1, max-image-preview:large, max-video-preview:-1",,,,https://cpp-globez.ru/новости/page-2-5,,,,,9977,9977,"3,536896385",,485,113,"4,292035398",100,Очень легко,"12,5",3,1,,8,4,0,"2,78",97,47,0,1,1,0,,,,,4a21fcad269632ac25568178dab1a4fc,"0,585","Wed, 08 Apr 2026 18:58:58 GMT",,,,ru-ru,1.1,,https://cpp-globez.ru/%D0%BD%D0%BE%D0%B2%D0%BE%D1%81%D1%82%D0%B8/,2026-04-08 19:58:57
https://cpp-globez.ru/новости/вооруженная-охрана-грузов-сопровождение-ценностей,"вооруженная-охрана-грузов,-сопровождение-ценностей | novosti","Новости Центра профессиональной подготовки охранников в Мытищах, обзоры, статьи.",Индексируемое,"Вооруженная охрана грузов, сопровождение ценностей.",,51,,0,,0,"max-snippet:-1, max-image-preview:large, max-video-preview:-1",,,https://cpp-globez.ru/новости/вооруженная-охрана-грузов-сопровождение-ценностей,,,,,,12420,12420,"4,4029521",,1251,197,"6,350253807",100,Очень легко,"27,426954",3,1,,7,3,0,"2,08",81,36,0,4,4,0,,,,,c7928770e3b98221e7ecd6dd0e73a6cb,"0,33","Wed, 08 Apr 2026 18:58:58 GMT",,,,ru-ru,1.1,,https://cpp-globez.ru/%D0%BD%D0%BE%D0%B2%D0%BE%D1%81%D1%82%D0%B8/%D0%B2%D0%BE%D0%BE%D1%80%D1%83%D0%B6%D0%B5%D0%BD%D0%BD%D0%B0%D1%8F-%D0%BE%D1%85%D1%80%D0%B0%D0%BD%D0%B0-%D0%B3%D1%80%D1%83%D0%B7%D0%BE%D0%B2-%D1%81%D0%BE%D0%BF%D1%80%D0%BE%D0%B2%D0%BE%D0%B6%D0%B4%D0%B5%D0%BD%D0%B8%D0%B5-%D1%86%D0%B5%D0%BD%D0%BD%D0%BE%D1%81%D1%82%D0%B5%D0%B9,2026-04-08 19:58:58
https://cpp-globez.ru/новости/правила-применения-травматического-оружия,правила-применения-травматического-оружия | novosti,"Новости Центра профессиональной подготовки охранников в Мытищах, обзоры, статьи.",Индексируемое,Правила применения травматического оружия,,41,,0,,0,"max-snippet:-1, max-image-preview:large, max-video-preview:-1",,,https://cpp-globez.ru/новости/правила-применения-травматического-оружия,,,,,,9231,9231,"3,272435655",,517,103,"5,019417476",100,Очень легко,"15,603887",3,1,,7,3,0,"2,08",81,36,0,1,1,0,,,,,4505a6d63394d618689b191b374b52f9,"0,302","Wed, 08 Apr 2026 18:58:58 GMT",,,,ru-ru,1.1,,https://cpp-globez.ru/%D0%BD%D0%BE%D0%B2%D0%BE%D1%81%D1%82%D0%B8/%D0%BF%D1%80%D0%B0%D0%B2%D0%B8%D0%BB%D0%B0-%D0%BF%D1%80%D0%B8%D0%BC%D0%B5%D0%BD%D0%B5%D0%BD%D0%B8%D1%8F-%D1%82%D1%80%D0%B0%D0%B2%D0%BC%D0%B0%D1%82%D0%B8%D1%87%D0%B5%D1%81%D0%BA%D0%BE%D0%B3%D0%BE-%D0%BE%D1%80%D1%83%D0%B6%D0%B8%D1%8F,2026-04-08 19:58:58
https://cpp-globez.ru/новости/page-5-5,novosti | Page 5-5,"Новости Центра профессиональной подготовки охранников в Мытищах, обзоры, статьи.",Индексируемое,,,0,Рутинная работа Генерального Директора,38,Руководитель в кризис,21,"max-snippet:-1, max-image-preview:large, max-video-preview:-1",,,,https://cpp-globez.ru/новости/page-6-5,https://cpp-globez.ru/новости/page-4-5,,,,9634,9634,"3,41530117",,454,108,"4,203703704",100,Очень легко,"11,520383",3,1,,12,7,0,"4,86",101,50,0,1,1,0,,,,,8b0774e826e8af14458937fc130b4ac5,"0,302","Wed, 08 Apr 2026 18:58:58 GMT",,,,ru-ru,1.1,,https://cpp-globez.ru/%D0%BD%D0%BE%D0%B2%D0%BE%D1%81%D1%82%D0%B8/page-5-5,2026-04-08 19:58:58
https://cpp-globez.ru/novosti/bezopasnoe-obrashchenie-s-oruzhiem,"Безопасное обращение с оружием — пособие, обучение и экзамен по обращению с оружием | ЧОУ ДПО «Центр профессиональной подготовки»","Пособие и обучение по безопасному обращению с гражданским оружием. Подготовка к экзамену, правила владения и применения оружия, обновлённые нормативы и советы специалистов. Центр профессиональной подготовки",Индексируемое,Безопасное обращение с оружием,,30,Для кого предназначено пособие,30,Актуальность и содержание,25,"max-snippet:-1, max-image-preview:large, max-video-preview:-1",,,https://cpp-globez.ru/novosti/bezopasnoe-obrashchenie-s-oruzhiem,,,,,,9453,9453,"3,351135765",,566,118,"4,796610169",100,Очень легко,"17,183924",3,1,,6,3,0,"2,08",81,36,0,1,1,0,,,,,74b77434285101f5f1ec628d837eec2a,"0,329","Wed, 08 Apr 2026 18:58:58 GMT",,,,ru-ru,1.1,,https://cpp-globez.ru/novosti/bezopasnoe-obrashchenie-s-oruzhiem,2026-04-08 19:58:58
https://cpp-globez.ru/новости/соглашение-о-сотрудничестве-с-федеральной-службой-войск-национальной-гвардии,соглашение-о-сотрудничестве-с-федеральной-службой-войск-национальной-гвардии | novosti,"Новости Центра профессиональной подготовки охранников в Мытищах, обзоры, статьи.",Индексируемое,Соглашение о сотрудничестве с Федеральной службой войск национальной гвардии,,76,,0,,0,"max-snippet:-1, max-image-preview:large, max-video-preview:-1",,,https://cpp-globez.ru/новости/соглашение-о-сотрудничестве-с-федеральной-службой-войск-национальной-гвардии,,,,,,8712,8712,"3,08844756",,424,98,"4,326530612",100,Очень легко,"13,797297",3,1,,7,3,0,"2,08",80,35,0,1,1,0,,,,,36335b4bc251582c1874d7c4b9c667c9,"0,594","Wed, 08 Apr 2026 18:58:58 GMT",,,,ru-ru,1.1,,https://cpp-globez.ru/%D0%BD%D0%BE%D0%B2%D0%BE%D1%81%D1%82%D0%B8/%D1%81%D0%BE%D0%B3%D0%BB%D0%B0%D1%88%D0%B5%D0%BD%D0%B8%D0%B5-%D0%BE-%D1%81%D0%BE%D1%82%D1%80%D1%83%D0%B4%D0%BD%D0%B8%D1%87%D0%B5%D1%81%D1%82%D0%B2%D0%B5-%D1%81-%D1%84%D0%B5%D0%B4%D0%B5%D1%80%D0%B0%D0%BB%D1%8C%D0%BD%D0%BE%D0%B9-%D1%81%D0%BB%D1%83%D0%B6%D0%B1%D0%BE%D0%B9-%D0%B2%D0%BE%D0%B9%D1%81%D0%BA-%D0%BD%D0%B0%D1%86%D0%B8%D0%BE%D0%BD%D0%B0%D0%BB%D1%8C%D0%BD%D0%BE%D0%B9-%D0%B3%D0%B2%D0%B0%D1%80%D0%B4%D0%B8%D0%B8,2026-04-08 19:58:58
https://cpp-globez.ru/новости/правовые-основы-и-порядок-применения-частными-охранниками-огнестрельного-оружия,правовые-основы-и-порядок-применения-частными-охранниками-огнестрельного-оружия | novosti,"Новости Центра профессиональной подготовки охранников в Мытищах, обзоры, статьи.",Индексируемое,Правовые основы и порядок применения частными охранниками огнестрельного оружия.,,80,,0,,0,"max-snippet:-1, max-image-preview:large, max-video-preview:-1",,,https://cpp-globez.ru/новости/правовые-основы-и-порядок-применения-частными-охранниками-огнестрельного-оружия,,,,,,11219,11219,"3,977191595",,909,158,"5,753164557",100,Очень легко,"22,762016",3,1,,7,3,0,"2,08",81,36,0,1,1,0,,,,,e92ca3e605c8418be64c8dc7c34e94e8,"0,309","Wed, 08 Apr 2026 18:58:59 GMT",,,,ru-ru,1.1,,https://cpp-globez.ru/%D0%BD%D0%BE%D0%B2%D0%BE%D1%81%D1%82%D0%B8/%D0%BF%D1%80%D0%B0%D0%B2%D0%BE%D0%B2%D1%8B%D0%B5-%D0%BE%D1%81%D0%BD%D0%BE%D0%B2%D1%8B-%D0%B8-%D0%BF%D0%BE%D1%80%D1%8F%D0%B4%D0%BE%D0%BA-%D0%BF%D1%80%D0%B8%D0%BC%D0%B5%D0%BD%D0%B5%D0%BD%D0%B8%D1%8F-%D1%87%D0%B0%D1%81%D1%82%D0%BD%D1%8B%D0%BC%D0%B8-%D0%BE%D1%85%D1%80%D0%B0%D0%BD%D0%BD%D0%B8%D0%BA%D0%B0%D0%BC%D0%B8-%D0%BE%D0%B3%D0%BD%D0%B5%D1%81%D1%82%D1%80%D0%B5%D0%BB%D1%8C%D0%BD%D0%BE%D0%B3%D0%BE-%D0%BE%D1%80%D1%83%D0%B6%D0%B8%D1%8F,2026-04-08 19:58:59
https://cpp-globez.ru/новости/фотоотчет-со-спартакиады,фотоотчет-со-спартакиады | novosti,"Новости Центра профессиональной подготовки охранников в Мытищах, обзоры, статьи.",Индексируемое,Фотоотчет со спартакиады,,24,,0,,0,"max-snippet:-1, max-image-preview:large, max-video-preview:-1",,,https://cpp-globez.ru/новости/фотоотчет-со-спартакиады,,,,,,8852,8852,"3,13807826",,208,64,"3,25",100,Очень легко,"5,7736015",3,1,,7,2,0,"1,39",97,51,0,1,1,0,,,,,a89d875515b5e8fcbdc83d646696046f,"0,614","Wed, 08 Apr 2026 18:58:59 GMT",,,,ru-ru,1.1,,https://cpp-globez.ru/%D0%BD%D0%BE%D0%B2%D0%BE%D1%81%D1%82%D0%B8/%D1%84%D0%BE%D1%82%D0%BE%D0%BE%D1%82%D1%87%D0%B5%D1%82-%D1%81%D0%BE-%D1%81%D0%BF%D0%B0%D1%80%D1%82%D0%B0%D0%BA%D0%B8%D0%B0%D0%B4%D1%8B,2026-04-08 19:58:58
https://cpp-globez.ru/новости/новый-закон-об-оружии-что-изменится-и-станет-ли-лучше,"новый-закон-об-оружии-что-изменится,-и-станет-ли-лучше | novosti","Новости Центра профессиональной подготовки охранников в Мытищах, обзоры, статьи.",Индексируемое,"Новый закон об оружии: что изменится, и станет ли лучше",,55,,0,,0,"max-snippet:-1, max-image-preview:large, max-video-preview:-1",,,https://cpp-globez.ru/новости/новый-закон-об-оружии-что-изменится-и-станет-ли-лучше,,,,,,11482,11482,"4,07042641",,957,168,"5,696428571",100,Очень легко,"22,887642",3,1,,7,3,0,"2,08",81,36,0,1,1,0,,,,,95e47504518bf337b8a368178d86f6a3,"0,339","Wed, 08 Apr 2026 18:58:59 GMT",,,,ru-ru,1.1,,https://cpp-globez.ru/%D0%BD%D0%BE%D0%B2%D0%BE%D1%81%D1%82%D0%B8/%D0%BD%D0%BE%D0%B2%D1%8B%D0%B9-%D0%B7%D0%B0%D0%BA%D0%BE%D0%BD-%D0%BE%D0%B1-%D0%BE%D1%80%D1%83%D0%B6%D0%B8%D0%B8-%D1%87%D1%82%D0%BE-%D0%B8%D0%B7%D0%BC%D0%B5%D0%BD%D0%B8%D1%82%D1%81%D1%8F-%D0%B8-%D1%81%D1%82%D0%B0%D0%BD%D0%B5%D1%82-%D0%BB%D0%B8-%D0%BB%D1%83%D1%87%D1%88%D0%B5,2026-04-08 19:58:59
https://cpp-globez.ru/новости/page-6-5,novosti | Page 6-5,"Новости Центра профессиональной подготовки охранников в Мытищах, обзоры, статьи.",Индексируемое,,,0,Огневая подготовка охранников,29,Спартакиада памяти Игоря Александровича Голощапова,50,"max-snippet:-1, max-image-preview:large, max-video-preview:-1",,,,https://cpp-globez.ru/новости/page-7-5,https://cpp-globez.ru/новости/page-5-5,,,,9938,9938,"3,52307069",,461,111,"4,153153153",100,Очень легко,"11,595836",3,1,,12,7,0,"4,86",101,50,0,2,2,0,,,,,ec5e82d377df45f6fb62bd095952fac9,"0,362","Wed, 08 Apr 2026 18:58:59 GMT",,,,ru-ru,1.1,,https://cpp-globez.ru/%D0%BD%D0%BE%D0%B2%D0%BE%D1%81%D1%82%D0%B8/page-6-5,2026-04-08 19:58:59
https://cpp-globez.ru/новости/военно-прикладное-значение-федерации-тактико-циклической-стрельбы,военно-прикладное-значение-федерации-тактико-циклической-стрельбы | novosti,"Новости Центра профессиональной подготовки охранников в Мытищах, обзоры, статьи.",Индексируемое,Военно-прикладное значение Федерации Тактико-циклической стрельбы.,,66,,0,,0,"max-snippet:-1, max-image-preview:large, max-video-preview:-1",,,https://cpp-globez.ru/новости/военно-прикладное-значение-федерации-тактико-циклической-стрельбы,,,,,,12027,12027,"4,263631635",,1036,184,"5,630434783",100,Очень легко,"23,992855",3,1,,7,3,0,"2,08",81,36,0,1,1,0,,,,,c2e67bb2d10898368b869e650b34b2b5,"0,328","Wed, 08 Apr 2026 18:58:59 GMT",,,,ru-ru,1.1,,https://cpp-globez.ru/%D0%BD%D0%BE%D0%B2%D0%BE%D1%81%D1%82%D0%B8/%D0%B2%D0%BE%D0%B5%D0%BD%D0%BD%D0%BE-%D0%BF%D1%80%D0%B8%D0%BA%D0%BB%D0%B0%D0%B4%D0%BD%D0%BE%D0%B5-%D0%B7%D0%BD%D0%B0%D1%87%D0%B5%D0%BD%D0%B8%D0%B5-%D1%84%D0%B5%D0%B4%D0%B5%D1%80%D0%B0%D1%86%D0%B8%D0%B8-%D1%82%D0%B0%D0%BA%D1%82%D0%B8%D0%BA%D0%BE-%D1%86%D0%B8%D0%BA%D0%BB%D0%B8%D1%87%D0%B5%D1%81%D0%BA%D0%BE%D0%B9-%D1%81%D1%82%D1%80%D0%B5%D0%BB%D1%8C%D0%B1%D1%8B,2026-04-08 19:58:59
https://cpp-globez.ru/новости/спартакиада-среди-чоп-чоо-московской-области-2017-г,спартакиада-среди-чоп-чоо-московской-области-2017-г | novosti,"Новости Центра профессиональной подготовки охранников в Мытищах, обзоры, статьи.",Индексируемое,Спартакиада среди ЧОП (ЧОО) Московской области 2017 г.,,54,"Координационным Советом принято решение о проведении на постоянной основе спортивных состязаний - «Спартакиад», с целью:",120,,0,"max-snippet:-1, max-image-preview:large, max-video-preview:-1",,,https://cpp-globez.ru/новости/спартакиада-среди-чоп-чоо-московской-области-2017-г,,,,,,9040,9040,"3,2047252",,496,107,"4,635514019",100,Очень легко,"14,296192",3,1,,7,3,0,"2,08",81,36,0,1,1,0,,,,,106f906e4047276be50a195bb2f5539f,"0,56","Wed, 08 Apr 2026 18:58:59 GMT",,,,ru-ru,1.1,,https://cpp-globez.ru/%D0%BD%D0%BE%D0%B2%D0%BE%D1%81%D1%82%D0%B8/%D1%81%D0%BF%D0%B0%D1%80%D1%82%D0%B0%D0%BA%D0%B8%D0%B0%D0%B4%D0%B0-%D1%81%D1%80%D0%B5%D0%B4%D0%B8-%D1%87%D0%BE%D0%BF-%D1%87%D0%BE%D0%BE-%D0%BC%D0%BE%D1%81%D0%BA%D0%BE%D0%B2%D1%81%D0%BA%D0%BE%D0%B9-%D0%BE%D0%B1%D0%BB%D0%B0%D1%81%D1%82%D0%B8-2017-%D0%B3,2026-04-08 19:58:59
https://cpp-globez.ru/новости/page-7-5,novosti | Page 7-5,"Новости Центра профессиональной подготовки охранников в Мытищах, обзоры, статьи.",Индексируемое,,,0,Спартакиада среди сотрудников ЧОО,33,Подготовка сотрудников группы быстрого реагирования,51,"max-snippet:-1, max-image-preview:large, max-video-preview:-1",,,,https://cpp-globez.ru/новости/page-8-5,https://cpp-globez.ru/новости/page-6-5,,,,9122,9122,"3,23379461",,391,99,"3,949494949",100,Очень легко,"10,791995",3,1,,11,6,0,"4,17",100,49,0,1,1,0,,,,,17a214c86223c05dac0b04b90efea87e,"0,326","Wed, 08 Apr 2026 18:58:59 GMT",,,,ru-ru,1.1,,https://cpp-globez.ru/%D0%BD%D0%BE%D0%B2%D0%BE%D1%81%D1%82%D0%B8/page-7-5,2026-04-08 19:58:59
https://cpp-globez.ru/novosti/primenenie-fizicheskoy-sily-i-specialnyh-sredstv-ohrannikami-chop-choo,Применение физической силы и специальных средств охранниками ЧОП (ЧОО) — новости ЦПП,"Узнайте о правовых основаниях и ограничениях применения физической силы и спецсредств частными охранниками. Закон, практика, ответственность и нормативы — публикация ЧОУ ДПО «ЦПП».",Индексируемое,Применение физической силы и специальных средств охранниками ЧОП (ЧОО),,70,Правовые аспекты применения физической силы,43,Практическое применение силы,28,"max-snippet:-1, max-image-preview:large, max-video-preview:-1",,,https://cpp-globez.ru/novosti/primenenie-fizicheskoy-sily-i-specialnyh-sredstv-ohrannikami-chop-choo,,,,,,10913,10913,"3,868713065",,671,137,"4,897810219",100,Очень легко,"16,322964",3,1,,6,2,0,"1,39",88,42,0,1,1,0,,,,,a0967be40bb23e420af135348fdb327b,"0,32","Wed, 08 Apr 2026 18:58:59 GMT",,,,ru-ru,1.1,,https://cpp-globez.ru/novosti/primenenie-fizicheskoy-sily-i-specialnyh-sredstv-ohrannikami-chop-choo,2026-04-08 19:58:59
https://cpp-globez.ru/новости/подготовка-сотрудников-охраны-категории-инкассатор,подготовка-сотрудников-охраны-категории-«инкассатор» | novosti,"Новости Центра профессиональной подготовки охранников в Мытищах, обзоры, статьи.",Индексируемое,Подготовка сотрудников охраны категории «Инкассатор»,,52,,0,,0,"max-snippet:-1, max-image-preview:large, max-video-preview:-1",,,https://cpp-globez.ru/новости/подготовка-сотрудников-охраны-категории-инкассатор,,,,,,10314,10314,"3,65636457",,673,135,"4,985185185",100,Очень легко,"19,650776",3,1,,6,2,0,"1,39",81,36,0,3,3,0,,,,,8c8f6ff342ec03ae591af115beecad0e,"0,874","Wed, 08 Apr 2026 18:59:00 GMT",,,,ru-ru,1.1,,https://cpp-globez.ru/%D0%BD%D0%BE%D0%B2%D0%BE%D1%81%D1%82%D0%B8/%D0%BF%D0%BE%D0%B4%D0%B3%D0%BE%D1%82%D0%BE%D0%B2%D0%BA%D0%B0-%D1%81%D0%BE%D1%82%D1%80%D1%83%D0%B4%D0%BD%D0%B8%D0%BA%D0%BE%D0%B2-%D0%BE%D1%85%D1%80%D0%B0%D0%BD%D1%8B-%D0%BA%D0%B0%D1%82%D0%B5%D0%B3%D0%BE%D1%80%D0%B8%D0%B8-%D0%B8%D0%BD%D0%BA%D0%B0%D1%81%D1%81%D0%B0%D1%82%D0%BE%D1%80,2026-04-08 19:58:59
https://cpp-globez.ru/новости/объединение-глобал-безопасность-отметило-свой-20-летний-юбилей,объединение-«глобал-безопасность»-отметило-свой-20-летний-юбилей | novosti,"Новости Центра профессиональной подготовки охранников в Мытищах, обзоры, статьи.",Индексируемое,Объединение «Глобал-Безопасность» отметило свой 20-летний юбилей,,64,,0,,0,"max-snippet:-1, max-image-preview:large, max-video-preview:-1",,,https://cpp-globez.ru/новости/объединение-глобал-безопасность-отметило-свой-20-летний-юбилей,,,,,,11286,11286,"4,00094343",,675,147,"4,591836735",100,Очень легко,"14,195638",3,1,,8,3,0,"2,08",93,47,0,2,2,0,,,,,b4b3b2ded5edbb5d2e1740ff6df4213d,"0,298","Wed, 08 Apr 2026 18:59:00 GMT",,,,ru-ru,1.1,,https://cpp-globez.ru/%D0%BD%D0%BE%D0%B2%D0%BE%D1%81%D1%82%D0%B8/%D0%BE%D0%B1%D1%8A%D0%B5%D0%B4%D0%B8%D0%BD%D0%B5%D0%BD%D0%B8%D0%B5-%D0%B3%D0%BB%D0%BE%D0%B1%D0%B0%D0%BB-%D0%B1%D0%B5%D0%B7%D0%BE%D0%BF%D0%B0%D1%81%D0%BD%D0%BE%D1%81%D1%82%D1%8C-%D0%BE%D1%82%D0%BC%D0%B5%D1%82%D0%B8%D0%BB%D0%BE-%D1%81%D0%B2%D0%BE%D0%B9-20-%D0%BB%D0%B5%D1%82%D0%BD%D0%B8%D0%B9-%D1%8E%D0%B1%D0%B8%D0%BB%D0%B5%D0%B9,2026-04-08 19:59:00
https://cpp-globez.ru/новости/рутинная-работа-генерального-директора,рутинная-работа-генерального-директора | novosti,"Новости Центра профессиональной подготовки охранников в Мытищах, обзоры, статьи.",Индексируемое,Рутинная работа Генерального Директора,,38,,0,,0,"max-snippet:-1, max-image-preview:large, max-video-preview:-1",,,https://cpp-globez.ru/новости/рутинная-работа-генерального-директора,,,,,,17084,17084,"6,05636342",,2219,404,"5,492574257",100,Очень легко,"36,26008",3,1,,7,3,0,"2,08",80,35,0,1,1,0,,,,,f38d295b3d6fac5e3efe789962f33e65,"1,124","Wed, 08 Apr 2026 18:59:00 GMT",,,,ru-ru,1.1,,https://cpp-globez.ru/%D0%BD%D0%BE%D0%B2%D0%BE%D1%81%D1%82%D0%B8/%D1%80%D1%83%D1%82%D0%B8%D0%BD%D0%BD%D0%B0%D1%8F-%D1%80%D0%B0%D0%B1%D0%BE%D1%82%D0%B0-%D0%B3%D0%B5%D0%BD%D0%B5%D1%80%D0%B0%D0%BB%D1%8C%D0%BD%D0%BE%D0%B3%D0%BE-%D0%B4%D0%B8%D1%80%D0%B5%D0%BA%D1%82%D0%BE%D1%80%D0%B0,2026-04-08 19:58:59
https://cpp-globez.ru/новости/спартакиада-к-20-ти-летию-глобал-безопасность-2,спартакиада-к-20-ти-летию-глобал-безопасность-2 | novosti,"Новости Центра профессиональной подготовки охранников в Мытищах, обзоры, статьи.",Индексируемое,Спартакиада к 20 ти летию Глобал-Безопасность,,45,,0,,0,"max-snippet:-1, max-image-preview:large, max-video-preview:-1",,,https://cpp-globez.ru/новости/спартакиада-к-20-ти-летию-глобал-безопасность-2,,,,,,9128,9128,"3,23592164",,578,149,"3,879194631",100,Очень легко,"15,703517",3,1,,7,3,0,"2,08",80,35,0,1,1,0,,,,,ee276b8460b915b7a64435d9ca5aee7f,"0,577","Wed, 08 Apr 2026 18:59:01 GMT",,,,ru-ru,1.1,,https://cpp-globez.ru/%D0%BD%D0%BE%D0%B2%D0%BE%D1%81%D1%82%D0%B8/%D1%81%D0%BF%D0%B0%D1%80%D1%82%D0%B0%D0%BA%D0%B8%D0%B0%D0%B4%D0%B0-%D0%BA-20-%D1%82%D0%B8-%D0%BB%D0%B5%D1%82%D0%B8%D1%8E-%D0%B3%D0%BB%D0%BE%D0%B1%D0%B0%D0%BB-%D0%B1%D0%B5%D0%B7%D0%BE%D0%BF%D0%B0%D1%81%D0%BD%D0%BE%D1%81%D1%82%D1%8C-2,2026-04-08 19:59:01
https://cpp-globez.ru/новости/руководитель-в-кризис,руководитель-в-кризис | novosti,"Новости Центра профессиональной подготовки охранников в Мытищах, обзоры, статьи.",Индексируемое,Руководитель в кризис,,21,,0,,0,"max-snippet:-1, max-image-preview:large, max-video-preview:-1",,,https://cpp-globez.ru/новости/руководитель-в-кризис,,,,,,16635,16635,"5,897190675",,2266,386,"5,870466321",100,Очень легко,"38,792503",3,1,,7,3,0,"2,08",80,35,0,1,1,0,,,,,a91529b73f94cfd88b54d7c0f81eac1d,"0,668","Wed, 08 Apr 2026 18:59:01 GMT",,,,ru-ru,1.1,,https://cpp-globez.ru/%D0%BD%D0%BE%D0%B2%D0%BE%D1%81%D1%82%D0%B8/%D1%80%D1%83%D0%BA%D0%BE%D0%B2%D0%BE%D0%B4%D0%B8%D1%82%D0%B5%D0%BB%D1%8C-%D0%B2-%D0%BA%D1%80%D0%B8%D0%B7%D0%B8%D1%81,2026-04-08 19:59:01
https://cpp-globez.ru/globez.ru,,,Неиндексируемое,,Ошибка клиента,0,,0,,0,,,,,,,,,,0,0,0,,0,,,,,0,3,0,,1,1,0,"0,69",0,0,0,0,0,0,,,,,,"0,73",,,,,,1.1,,https://cpp-globez.ru/globez.ru,2026-04-08 19:59:01
https://cpp-globez.ru/новости/есть-такая-профессия…-часть-5,«есть-такая-профессия…»-часть-5 | novosti,"Новости Центра профессиональной подготовки охранников в Мытищах, обзоры, статьи.",Индексируемое,«Есть такая профессия…» часть 5,,31,,0,,0,"max-snippet:-1, max-image-preview:large, max-video-preview:-1",,,https://cpp-globez.ru/новости/есть-такая-профессия…-часть-5,,,,,,8673,8673,"3,074621865",,431,95,"4,536842105",100,Очень легко,"14,192979",4,1,,6,2,0,"1,39",80,35,0,1,1,0,,,,,2484f03056224383df7b64da972307f,"0,567","Wed, 08 Apr 2026 18:59:27 GMT",,,,ru-ru,1.1,,https://cpp-globez.ru/%D0%BD%D0%BE%D0%B2%D0%BE%D1%81%D1%82%D0%B8/%D0%B5%D1%81%D1%82%D1%8C-%D1%82%D0%B0%D0%BA%D0%B0%D1%8F-%D0%BF%D1%80%D0%BE%D1%84%D0%B5%D1%81%D1%81%D0%B8%D1%8F%E2%80%A6-%D1%87%D0%B0%D1%81%D1%82%D1%8C-5,2026-04-08 19:59:27
https://cpp-globez.ru/новости/есть-такая-профессия…-часть-4,«есть-такая-профессия…»-часть-4 | novosti,"Новости Центра профессиональной подготовки охранников в Мытищах, обзоры, статьи.",Индексируемое,«Есть такая профессия…» часть 4,,31,,0,,0,"max-snippet:-1, max-image-preview:large, max-video-preview:-1",,,https://cpp-globez.ru/новости/есть-такая-профессия…-часть-4,,,,,,10085,10085,"3,575182925",,742,142,"5,225352113",100,Очень легко,"20,074053",4,1,,7,3,0,"2,08",80,35,0,1,1,0,,,,,299a8e079a0314616bac47c370bdefaf,"0,603","Wed, 08 Apr 2026 18:59:28 GMT",,,,ru-ru,1.1,,https://cpp-globez.ru/%D0%BD%D0%BE%D0%B2%D0%BE%D1%81%D1%82%D0%B8/%D0%B5%D1%81%D1%82%D1%8C-%D1%82%D0%B0%D0%BA%D0%B0%D1%8F-%D0%BF%D1%80%D0%BE%D1%84%D0%B5%D1%81%D1%81%D0%B8%D1%8F%E2%80%A6-%D1%87%D0%B0%D1%81%D1%82%D1%8C-4,2026-04-08 19:59:27
https://cpp-globez.ru/новости/есть-такая-профессия…-часть-3,«есть-такая-профессия…»-часть-3 | novosti,"Новости Центра профессиональной подготовки охранников в Мытищах, обзоры, статьи.",Индексируемое,«Есть такая профессия…» часть 3,,31,,0,,0,"max-snippet:-1, max-image-preview:large, max-video-preview:-1",,,https://cpp-globez.ru/новости/есть-такая-профессия…-часть-3,,,,,,9855,9855,"3,493646775",,704,131,"5,374045802",100,Очень легко,"19,18805",4,1,,7,3,0,"2,08",80,35,0,1,1,0,,,,,6d71b1c13c96c8e9b27141c463649b72,"0,561","Wed, 08 Apr 2026 18:59:28 GMT",,,,ru-ru,1.1,,https://cpp-globez.ru/%D0%BD%D0%BE%D0%B2%D0%BE%D1%81%D1%82%D0%B8/%D0%B5%D1%81%D1%82%D1%8C-%D1%82%D0%B0%D0%BA%D0%B0%D1%8F-%D0%BF%D1%80%D0%BE%D1%84%D0%B5%D1%81%D1%81%D0%B8%D1%8F%E2%80%A6-%D1%87%D0%B0%D1%81%D1%82%D1%8C-3,2026-04-08 19:59:27
https://cpp-globez.ru/новости/спартакиада-среди-частных-охранных-предприятий-частных-охранных-организаций-по-охранному-многоборью-памяти-игоря-александровича-голощапова,спартакиада-среди-частных-охранных-предприятий-частных-охранных-организаций-по-охранному-многоборью-памяти-игоря-александровича-голощапова | novosti,"Новости Центра профессиональной подготовки охранников в Мытищах, обзоры, статьи.",Индексируемое,СПАРТАКИАДА Среди Частных Охранных Предприятий (Частных Охранных Организаций) по охранному многоборью памяти Игоря Александровича Голощапова,,140,,0,,0,"max-snippet:-1, max-image-preview:large, max-video-preview:-1",,,https://cpp-globez.ru/новости/спартакиада-среди-частных-охранных-предприятий-частных-охранных-организаций-по-охранному-многоборью-памяти-игоря-александровича-голощапова,,,,,,11043,11043,"3,914798715",,941,174,"5,408045977",100,Очень легко,"22,867008",4,1,,7,3,0,"2,08",80,35,0,1,1,0,,,,,8c85e6d0d80a97cfde72072f0a1385da,"0,571","Wed, 08 Apr 2026 18:59:28 GMT",,,,ru-ru,1.1,,https://cpp-globez.ru/%D0%BD%D0%BE%D0%B2%D0%BE%D1%81%D1%82%D0%B8/%D1%81%D0%BF%D0%B0%D1%80%D1%82%D0%B0%D0%BA%D0%B8%D0%B0%D0%B4%D0%B0-%D1%81%D1%80%D0%B5%D0%B4%D0%B8-%D1%87%D0%B0%D1%81%D1%82%D0%BD%D1%8B%D1%85-%D0%BE%D1%85%D1%80%D0%B0%D0%BD%D0%BD%D1%8B%D1%85-%D0%BF%D1%80%D0%B5%D0%B4%D0%BF%D1%80%D0%B8%D1%8F%D1%82%D0%B8%D0%B9-%D1%87%D0%B0%D1%81%D1%82%D0%BD%D1%8B%D1%85-%D0%BE%D1%85%D1%80%D0%B0%D0%BD%D0%BD%D1%8B%D1%85-%D0%BE%D1%80%D0%B3%D0%B0%D0%BD%D0%B8%D0%B7%D0%B0%D1%86%D0%B8%D0%B9-%D0%BF%D0%BE-%D0%BE%D1%85%D1%80%D0%B0%D0%BD%D0%BD%D0%BE%D0%BC%D1%83-%D0%BC%D0%BD%D0%BE%D0%B3%D0%BE%D0%B1%D0%BE%D1%80%D1%8C%D1%8E-%D0%BF%D0%B0%D0%BC%D1%8F%D1%82%D0%B8-%D0%B8%D0%B3%D0%BE%D1%80%D1%8F-%D0%B0%D0%BB%D0%B5%D0%BA%D1%81%D0%B0%D0%BD%D0%B4%D1%80%D0%BE%D0%B2%D0%B8%D1%87%D0%B0-%D0%B3%D0%BE%D0%BB%D0%BE%D1%89%D0%B0%D0%BF%D0%BE%D0%B2%D0%B0,2026-04-08 19:59:27
https://cpp-globez.ru/новости/огневая-подготовка-охранников,огневая-подготовка-охранников | novosti,"Новости Центра профессиональной подготовки охранников в Мытищах, обзоры, статьи.",Индексируемое,Огневая подготовка охранников,,29,,0,,0,"max-snippet:-1, max-image-preview:large, max-video-preview:-1",,,https://cpp-globez.ru/новости/огневая-подготовка-охранников,,,,,,10218,10218,"3,62233209",,835,145,"5,75862069",100,Очень легко,"20,804657",4,1,,7,3,0,"2,08",80,35,0,1,1,0,,,,,7ed551a220bbf502c1b18a765c25afe6,"0,324","Wed, 08 Apr 2026 18:59:28 GMT",,,,ru-ru,1.1,,https://cpp-globez.ru/%D0%BD%D0%BE%D0%B2%D0%BE%D1%81%D1%82%D0%B8/%D0%BE%D0%B3%D0%BD%D0%B5%D0%B2%D0%B0%D1%8F-%D0%BF%D0%BE%D0%B4%D0%B3%D0%BE%D1%82%D0%BE%D0%B2%D0%BA%D0%B0-%D0%BE%D1%85%D1%80%D0%B0%D0%BD%D0%BD%D0%B8%D0%BA%D0%BE%D0%B2,2026-04-08 19:59:28
https://cpp-globez.ru/новости/подготовка-сотрудников-группы-быстрого-реагирования,подготовка-сотрудников-группы-быстрого-реагирования | novosti,"Новости Центра профессиональной подготовки охранников в Мытищах, обзоры, статьи.",Индексируемое,Подготовка сотрудников группы быстрого реагирования,,51,,0,,0,"max-snippet:-1, max-image-preview:large, max-video-preview:-1",,,https://cpp-globez.ru/новости/подготовка-сотрудников-группы-быстрого-реагирования,,,,,,11118,11118,"3,94138659",,894,159,"5,622641509",100,Очень легко,"22,816458",4,1,,7,3,0,"2,08",80,35,0,1,1,0,,,,,4427c2d5d4cef37a44abea9cdc1b5fdd,"0,597","Wed, 08 Apr 2026 18:59:28 GMT",,,,ru-ru,1.1,,https://cpp-globez.ru/%D0%BD%D0%BE%D0%B2%D0%BE%D1%81%D1%82%D0%B8/%D0%BF%D0%BE%D0%B4%D0%B3%D0%BE%D1%82%D0%BE%D0%B2%D0%BA%D0%B0-%D1%81%D0%BE%D1%82%D1%80%D1%83%D0%B4%D0%BD%D0%B8%D0%BA%D0%BE%D0%B2-%D0%B3%D1%80%D1%83%D0%BF%D0%BF%D1%8B-%D0%B1%D1%8B%D1%81%D1%82%D1%80%D0%BE%D0%B3%D0%BE-%D1%80%D0%B5%D0%B0%D0%B3%D0%B8%D1%80%D0%BE%D0%B2%D0%B0%D0%BD%D0%B8%D1%8F,2026-04-08 19:59:28
https://cpp-globez.ru/новости/спартакиада-среди-сотрудников-чоо,спартакиада-среди-сотрудников-чоо | novosti,"Новости Центра профессиональной подготовки охранников в Мытищах, обзоры, статьи.",Индексируемое,Спартакиада среди сотрудников ЧОО,,33,,0,,0,"max-snippet:-1, max-image-preview:large, max-video-preview:-1",,,https://cpp-globez.ru/новости/спартакиада-среди-сотрудников-чоо,,,,,,9554,9554,"3,38694077",,613,142,"4,316901408",100,Очень легко,"17,490782",4,1,,7,3,0,"2,08",80,35,0,1,1,0,,,,,528654d06f5e55c0b3d898c44aee2748,"0,6","Wed, 08 Apr 2026 18:59:28 GMT",,,,ru-ru,1.1,,https://cpp-globez.ru/%D0%BD%D0%BE%D0%B2%D0%BE%D1%81%D1%82%D0%B8/%D1%81%D0%BF%D0%B0%D1%80%D1%82%D0%B0%D0%BA%D0%B8%D0%B0%D0%B4%D0%B0-%D1%81%D1%80%D0%B5%D0%B4%D0%B8-%D1%81%D0%BE%D1%82%D1%80%D1%83%D0%B4%D0%BD%D0%B8%D0%BA%D0%BE%D0%B2-%D1%87%D0%BE%D0%BE,2026-04-08 19:59:28
https://cpp-globez.ru/новости/частная-охранная-организация-чоо-с-нуля-до-лидера…,частная-охранная-организация-чоо-с-«нуля»-до-лидера… | novosti,"Новости Центра профессиональной подготовки охранников в Мытищах, обзоры, статьи.",Индексируемое,Частная охранная организация (ЧОО) с «нуля» до лидера…,,54,,0,,0,"max-snippet:-1, max-image-preview:large, max-video-preview:-1",,,https://cpp-globez.ru/новости/частная-охранная-организация-чоо-с-нуля-до-лидера…,,,,,,12404,12404,"4,39728002",,1212,216,"5,611111111",100,Очень легко,"26,525856",4,1,,6,2,0,"1,39",81,36,0,1,1,0,,,,,13f41e2e1a21f3bb8b388d996de8fd35,"0,744","Wed, 08 Apr 2026 18:59:29 GMT",,,,ru-ru,1.1,,https://cpp-globez.ru/%D0%BD%D0%BE%D0%B2%D0%BE%D1%81%D1%82%D0%B8/%D1%87%D0%B0%D1%81%D1%82%D0%BD%D0%B0%D1%8F-%D0%BE%D1%85%D1%80%D0%B0%D0%BD%D0%BD%D0%B0%D1%8F-%D0%BE%D1%80%D0%B3%D0%B0%D0%BD%D0%B8%D0%B7%D0%B0%D1%86%D0%B8%D1%8F-%D1%87%D0%BE%D0%BE-%D1%81-%D0%BD%D1%83%D0%BB%D1%8F-%D0%B4%D0%BE-%D0%BB%D0%B8%D0%B4%D0%B5%D1%80%D0%B0%E2%80%A6,2026-04-08 19:59:28
https://cpp-globez.ru/новости/спартакиада-к-20-ти-летию-глобал-безопасность,спартакиада-к-20-ти-летию-глобал-безопасность | novosti,"Новости Центра профессиональной подготовки охранников в Мытищах, обзоры, статьи.",Индексируемое,Спартакиада к 20 ти летию Глобал-Безопасность,,45,,0,,0,"max-snippet:-1, max-image-preview:large, max-video-preview:-1",,,https://cpp-globez.ru/новости/спартакиада-к-20-ти-летию-глобал-безопасность,,,,,,9032,9032,"3,20188916",,578,149,"3,879194631",100,Очень легко,"16,871374",4,1,,7,3,0,"2,08",80,35,0,2,2,0,,,,,1979d6fecf544db56ded54bc44657849,"0,284","Wed, 08 Apr 2026 18:59:29 GMT",,,,ru-ru,1.1,,https://cpp-globez.ru/%D0%BD%D0%BE%D0%B2%D0%BE%D1%81%D1%82%D0%B8/%D1%81%D0%BF%D0%B0%D1%80%D1%82%D0%B0%D0%BA%D0%B8%D0%B0%D0%B4%D0%B0-%D0%BA-20-%D1%82%D0%B8-%D0%BB%D0%B5%D1%82%D0%B8%D1%8E-%D0%B3%D0%BB%D0%BE%D0%B1%D0%B0%D0%BB-%D0%B1%D0%B5%D0%B7%D0%BE%D0%BF%D0%B0%D1%81%D0%BD%D0%BE%D1%81%D1%82%D1%8C,2026-04-08 19:59:29
https://cpp-globez.ru/новости/page-9-5,novosti | Page 9-5,"Новости Центра профессиональной подготовки охранников в Мытищах, обзоры, статьи.",Индексируемое,,,0,Охрана объектов особой важности,31,,0,"max-snippet:-1, max-image-preview:large, max-video-preview:-1",,,,,https://cpp-globez.ru/новости/page-8-5,,,,7814,7814,"2,77010207",,241,70,"3,442857143",100,Очень легко,"9,445025",4,1,,8,4,0,"2,78",85,39,0,1,1,0,,,,,4b7e0959fcfbc8f93298be019563f9e4,"0,571","Wed, 08 Apr 2026 18:59:29 GMT",,,,ru-ru,1.1,,https://cpp-globez.ru/%D0%BD%D0%BE%D0%B2%D0%BE%D1%81%D1%82%D0%B8/page-9-5,2026-04-08 19:59:29
https://cpp-globez.ru/новости/подготовка-сотрудников-категории-вооруженная-личная-охрана,подготовка-сотрудников-категории-вооруженная-личная-охрана | novosti,"Новости Центра профессиональной подготовки охранников в Мытищах, обзоры, статьи.",Индексируемое,Подготовка сотрудников категории вооруженная личная охрана,,58,,0,,0,"max-snippet:-1, max-image-preview:large, max-video-preview:-1",,,https://cpp-globez.ru/новости/подготовка-сотрудников-категории-вооруженная-личная-охрана,,,,,,10072,10072,"3,57057436",,747,144,"5,1875",100,Очень легко,"21,020784",4,1,,7,3,0,"2,08",80,35,0,2,2,0,,,,,17238cff4da271407b3d1a134db18a23,"0,32","Wed, 08 Apr 2026 18:59:29 GMT",,,,ru-ru,1.1,,https://cpp-globez.ru/%D0%BD%D0%BE%D0%B2%D0%BE%D1%81%D1%82%D0%B8/%D0%BF%D0%BE%D0%B4%D0%B3%D0%BE%D1%82%D0%BE%D0%B2%D0%BA%D0%B0-%D1%81%D0%BE%D1%82%D1%80%D1%83%D0%B4%D0%BD%D0%B8%D0%BA%D0%BE%D0%B2-%D0%BA%D0%B0%D1%82%D0%B5%D0%B3%D0%BE%D1%80%D0%B8%D0%B8-%D0%B2%D0%BE%D0%BE%D1%80%D1%83%D0%B6%D0%B5%D0%BD%D0%BD%D0%B0%D1%8F-%D0%BB%D0%B8%D1%87%D0%BD%D0%B0%D1%8F-%D0%BE%D1%85%D1%80%D0%B0%D0%BD%D0%B0,2026-04-08 19:59:29
https://cpp-globez.ru/новости/технические-средства-и-оборудование-специальных-бронированных-автомобилей-группы-вооруженной-охраны-имущества-при-его-транспортировке,технические-средства-и-оборудование-специальных-бронированных-автомобилей-группы-вооруженной-охраны-имущества-при-его-транспортировке | novosti,"Новости Центра профессиональной подготовки охранников в Мытищах, обзоры, статьи.",Индексируемое,Технические средства и оборудование специальных бронированных автомобилей группы вооруженной охраны имущества при его транспортировке,,133,,0,,0,"max-snippet:-1, max-image-preview:large, max-video-preview:-1",,,https://cpp-globez.ru/новости/технические-средства-и-оборудование-специальных-бронированных-автомобилей-группы-вооруженной-охраны-имущества-при-его-транспортировке,,,,,,11795,11795,"4,181386475",,954,176,"5,420454545",100,Очень легко,"23,302341",4,1,,7,3,0,"2,08",81,36,0,1,1,0,,,,,b889b2745468e66f16a04b4d936a1165,"0,524","Wed, 08 Apr 2026 18:59:31 GMT",,,,ru-ru,1.1,,https://cpp-globez.ru/%D0%BD%D0%BE%D0%B2%D0%BE%D1%81%D1%82%D0%B8/%D1%82%D0%B5%D1%85%D0%BD%D0%B8%D1%87%D0%B5%D1%81%D0%BA%D0%B8%D0%B5-%D1%81%D1%80%D0%B5%D0%B4%D1%81%D1%82%D0%B2%D0%B0-%D0%B8-%D0%BE%D0%B1%D0%BE%D1%80%D1%83%D0%B4%D0%BE%D0%B2%D0%B0%D0%BD%D0%B8%D0%B5-%D1%81%D0%BF%D0%B5%D1%86%D0%B8%D0%B0%D0%BB%D1%8C%D0%BD%D1%8B%D1%85-%D0%B1%D1%80%D0%BE%D0%BD%D0%B8%D1%80%D0%BE%D0%B2%D0%B0%D0%BD%D0%BD%D1%8B%D1%85-%D0%B0%D0%B2%D1%82%D0%BE%D0%BC%D0%BE%D0%B1%D0%B8%D0%BB%D0%B5%D0%B9-%D0%B3%D1%80%D1%83%D0%BF%D0%BF%D1%8B-%D0%B2%D0%BE%D0%BE%D1%80%D1%83%D0%B6%D0%B5%D0%BD%D0%BD%D0%BE%D0%B9-%D0%BE%D1%85%D1%80%D0%B0%D0%BD%D1%8B-%D0%B8%D0%BC%D1%83%D1%89%D0%B5%D1%81%D1%82%D0%B2%D0%B0-%D0%BF%D1%80%D0%B8-%D0%B5%D0%B3%D0%BE-%D1%82%D1%80%D0%B0%D0%BD%D1%81%D0%BF%D0%BE%D1%80%D1%82%D0%B8%D1%80%D0%BE%D0%B2%D0%BA%D0%B5,2026-04-08 19:59:31
https://cpp-globez.ru/новости/page-8-5,novosti | Page 8-5,"Новости Центра профессиональной подготовки охранников в Мытищах, обзоры, статьи.",Индексируемое,,,0,Огневая подготовка охранников,29,СПАРТАКИАДА Среди Частных Охранных Предприятий (Частных Охранных Организаций) по охранному многоборью памяти Игоря Александровича Голощапова,140,"max-snippet:-1, max-image-preview:large, max-video-preview:-1",,,,https://cpp-globez.ru/новости/page-9-5,https://cpp-globez.ru/новости/page-7-5,,,,9390,9390,"3,32880195",,453,103,"4,398058252",100,Очень легко,"11,759482",4,1,,10,5,0,"3,47",96,45,0,1,1,0,,,,,34586d713f487d6ad67994498ad80151,"0,303","Wed, 08 Apr 2026 18:59:31 GMT",,,,ru-ru,1.1,,https://cpp-globez.ru/%D0%BD%D0%BE%D0%B2%D0%BE%D1%81%D1%82%D0%B8/page-8-5,2026-04-08 19:59:31
https://cpp-globez.ru/новости/есть-такая-профессия…-часть-6,«есть-такая-профессия…»-часть-6 | novosti,"Новости Центра профессиональной подготовки охранников в Мытищах, обзоры, статьи.",Индексируемое,«Есть такая профессия…» часть 5,,31,,0,,0,"max-snippet:-1, max-image-preview:large, max-video-preview:-1",,,https://cpp-globez.ru/новости/есть-такая-профессия…-часть-6,,,,,,8716,8716,"3,08986558",,431,95,"4,536842105",100,Очень легко,"14,0748",4,1,,6,2,0,"1,39",80,35,0,1,1,0,,,,,205c8b98669451b875d8000ed50a17a5,"0,556","Wed, 08 Apr 2026 18:59:31 GMT",,,,ru-ru,1.1,,https://cpp-globez.ru/%D0%BD%D0%BE%D0%B2%D0%BE%D1%81%D1%82%D0%B8/%D0%B5%D1%81%D1%82%D1%8C-%D1%82%D0%B0%D0%BA%D0%B0%D1%8F-%D0%BF%D1%80%D0%BE%D1%84%D0%B5%D1%81%D1%81%D0%B8%D1%8F%E2%80%A6-%D1%87%D0%B0%D1%81%D1%82%D1%8C-6,2026-04-08 19:59:31
https://cpp-globez.ru/новости/огневая-подготовка-охранников-2,огневая-подготовка-охранников-2 | novosti,"Новости Центра профессиональной подготовки охранников в Мытищах, обзоры, статьи.",Индексируемое,Огневая подготовка охранников,,29,,0,,0,"max-snippet:-1, max-image-preview:large, max-video-preview:-1",,,https://cpp-globez.ru/новости/огневая-подготовка-охранников-2,,,,,,10392,10392,"3,68401596",,835,145,"5,75862069",100,Очень легко,"20,573862",4,1,,7,3,0,"2,08",82,37,0,1,1,0,,,,,bc35b67597d9a447b0ad35ee539fc01c,"0,717","Wed, 08 Apr 2026 18:59:31 GMT",,,,ru-ru,1.1,,https://cpp-globez.ru/%D0%BD%D0%BE%D0%B2%D0%BE%D1%81%D1%82%D0%B8/%D0%BE%D0%B3%D0%BD%D0%B5%D0%B2%D0%B0%D1%8F-%D0%BF%D0%BE%D0%B4%D0%B3%D0%BE%D1%82%D0%BE%D0%B2%D0%BA%D0%B0-%D0%BE%D1%85%D1%80%D0%B0%D0%BD%D0%BD%D0%B8%D0%BA%D0%BE%D0%B2-2,2026-04-08 19:59:31
https://cpp-globez.ru/новости/спартакиада-памяти-игоря-александровича-голощапова,спартакиада-памяти-игоря-александровича-голощапова | novosti,"Новости Центра профессиональной подготовки охранников в Мытищах, обзоры, статьи.",Индексируемое,Спартакиада памяти Игоря Александровича Голощапова,,50,,0,,0,"max-snippet:-1, max-image-preview:large, max-video-preview:-1",,,https://cpp-globez.ru/новости/спартакиада-памяти-игоря-александровича-голощапова,,,,,,12807,12807,"4,540145535",,659,136,"4,845588235",100,Очень легко,"12,810733",4,1,,7,3,0,"2,08",130,85,0,2,2,0,,,,,9745ebf1a0c4c58177c03be35317b6b5,"0,736","Wed, 08 Apr 2026 18:59:31 GMT",,,,ru-ru,1.1,,https://cpp-globez.ru/%D0%BD%D0%BE%D0%B2%D0%BE%D1%81%D1%82%D0%B8/%D1%81%D0%BF%D0%B0%D1%80%D1%82%D0%B0%D0%BA%D0%B8%D0%B0%D0%B4%D0%B0-%D0%BF%D0%B0%D0%BC%D1%8F%D1%82%D0%B8-%D0%B8%D0%B3%D0%BE%D1%80%D1%8F-%D0%B0%D0%BB%D0%B5%D0%BA%D1%81%D0%B0%D0%BD%D0%B4%D1%80%D0%BE%D0%B2%D0%B8%D1%87%D0%B0-%D0%B3%D0%BE%D0%BB%D0%BE%D1%89%D0%B0%D0%BF%D0%BE%D0%B2%D0%B0,2026-04-08 19:59:31
https://cpp-globez.ru/новости/доклад-стоимость-и-качество-охранных-услуг-противодействие-демпингу,доклад-«стоимость-и-качество-охранных-услуг-противодействие-демпингу» | novosti,"Новости Центра профессиональной подготовки охранников в Мытищах, обзоры, статьи.",Индексируемое,Доклад «Стоимость и качество охранных услуг. Противодействие демпингу»,,70,,0,,0,"max-snippet:-1, max-image-preview:large, max-video-preview:-1",,,https://cpp-globez.ru/новости/доклад-стоимость-и-качество-охранных-услуг-противодействие-демпингу,,,,,,11040,11040,"3,9137352",,896,167,"5,365269461",100,Очень легко,"21,8412",4,1,,7,3,0,"2,08",81,36,0,1,1,0,,,,,5605547867db673822c24ced4f628599,"0,303","Wed, 08 Apr 2026 18:59:31 GMT",,,,ru-ru,1.1,,https://cpp-globez.ru/%D0%BD%D0%BE%D0%B2%D0%BE%D1%81%D1%82%D0%B8/%D0%B4%D0%BE%D0%BA%D0%BB%D0%B0%D0%B4-%D1%81%D1%82%D0%BE%D0%B8%D0%BC%D0%BE%D1%81%D1%82%D1%8C-%D0%B8-%D0%BA%D0%B0%D1%87%D0%B5%D1%81%D1%82%D0%B2%D0%BE-%D0%BE%D1%85%D1%80%D0%B0%D0%BD%D0%BD%D1%8B%D1%85-%D1%83%D1%81%D0%BB%D1%83%D0%B3-%D0%BF%D1%80%D0%BE%D1%82%D0%B8%D0%B2%D0%BE%D0%B4%D0%B5%D0%B9%D1%81%D1%82%D0%B2%D0%B8%D0%B5-%D0%B4%D0%B5%D0%BC%D0%BF%D0%B8%D0%BD%D0%B3%D1%83,2026-04-08 19:59:32
https://cpp-globez.ru/en/prikaz/распоряжение-от-07-10-2020,распоряжение-от-07-10-2020 | prikaz,Распоряжение: от 07.10.2020,Индексируемое,Распоряжение: от 07.10.2020,,27,,0,,0,"max-snippet:-1, max-image-preview:large, max-video-preview:-1",,,https://cpp-globez.ru/en/prikaz/распоряжение-от-07-10-2020,,,,,,7245,7245,"2,568388725",,207,71,"2,915492958",100,Очень легко,"8,759911",4,2,,4,1,0,"0,69",82,36,0,1,1,0,,,,,640ec1b97bc5d5e1831ef03c57fde264,"0,272","Wed, 08 Apr 2026 18:59:32 GMT",,,,ru-ru,1.1,,https://cpp-globez.ru/en/prikaz/%D1%80%D0%B0%D1%81%D0%BF%D0%BE%D1%80%D1%8F%D0%B6%D0%B5%D0%BD%D0%B8%D0%B5-%D0%BE%D1%82-07-10-2020,2026-04-08 19:59:32
https://cpp-globez.ru/prikaz/page-10-4,prikaz | Page 8-5,,Индексируемое,,,0,Приказ 1-21-1/А от 12.01.2021,29,Распоряжение: от 07.10.2020,27,"max-snippet:-1, max-image-preview:large, max-video-preview:-1",,,,https://cpp-globez.ru/prikaz/page-11-4,https://cpp-globez.ru/prikaz/page-9-4,,,,7864,7864,"2,78782732",,236,90,"2,622222222",100,Очень легко,"8,102986",4,1,,10,5,0,"3,47",97,48,0,1,1,0,,,,,1f370d3efafdfa4f33ea9b5c0b029866,"0,552","Wed, 08 Apr 2026 18:59:33 GMT",,,,ru-ru,1.1,,https://cpp-globez.ru/prikaz/page-10-4,2026-04-08 19:59:32
https://cpp-globez.ru/приказы/приказ-11-21-1-а-12-21-1-в-13-21-1-в-г-мытищи-м-о-о-выпуске-слушателей-прошедших-обучение-по-программе-подготовки-частных-охранников,"приказ-11-21-1-а-12-21-1-в-13-21-1-в-г-мытищи,-м-о-«о-выпуске-слушателей,-прошедших-обучение-по-программе-«подготовки-частных-охранников» | prikaz",Приказ 11-21-1/А; 12-21-1/В; 13-21-1/В,Индексируемое,"Приказ 11-21-1/А; 12-21-1/В; 13-21-1/В г. Мытищи, М.О. «О выпуске слушателей, прошедших обучение по программе «Подготовки частных охранников».",,142,,0,,0,"max-snippet:-1, max-image-preview:large, max-video-preview:-1",,,https://cpp-globez.ru/приказы/приказ-11-21-1-а-12-21-1-в-13-21-1-в-г-мытищи-м-о-о-выпуске-слушателей-прошедших-обучение-по-программе-подготовки-частных-охранников,,,,,,7598,7598,"2,69352899",,236,71,"3,323943662",100,Очень легко,"8,894936",4,1,,7,3,0,"2,08",82,36,0,1,1,0,,,,,2242ebffc170b39b3826a6a05cffebd1,"0,556","Wed, 08 Apr 2026 18:59:33 GMT",,,,ru-ru,1.1,,https://cpp-globez.ru/%D0%BF%D1%80%D0%B8%D0%BA%D0%B0%D0%B7%D1%8B/%D0%BF%D1%80%D0%B8%D0%BA%D0%B0%D0%B7-11-21-1-%D0%B0-12-21-1-%D0%B2-13-21-1-%D0%B2-%D0%B3-%D0%BC%D1%8B%D1%82%D0%B8%D1%89%D0%B8-%D0%BC-%D0%BE-%D0%BE-%D0%B2%D1%8B%D0%BF%D1%83%D1%81%D0%BA%D0%B5-%D1%81%D0%BB%D1%83%D1%88%D0%B0%D1%82%D0%B5%D0%BB%D0%B5%D0%B9-%D0%BF%D1%80%D0%BE%D1%88%D0%B5%D0%B4%D1%88%D0%B8%D1%85-%D0%BE%D0%B1%D1%83%D1%87%D0%B5%D0%BD%D0%B8%D0%B5-%D0%BF%D0%BE-%D0%BF%D1%80%D0%BE%D0%B3%D1%80%D0%B0%D0%BC%D0%BC%D0%B5-%D0%BF%D0%BE%D0%B4%D0%B3%D0%BE%D1%82%D0%BE%D0%B2%D0%BA%D0%B8-%D1%87%D0%B0%D1%81%D1%82%D0%BD%D1%8B%D1%85-%D0%BE%D1%85%D1%80%D0%B0%D0%BD%D0%BD%D0%B8%D0%BA%D0%BE%D0%B2,2026-04-08 19:59:33
https://cpp-globez.ru/prikaz/распоряжение-во-исполнение-приказа-мвд-россии-от-19-06-2006-№-448,распоряжение-во-исполнение-приказа-мвд-россии-от-19-06-2006-№-448 | prikaz,"Решением экзаменационной комиссии ЧОУ ДПО «ЦПП» от 17.02.2021 года, присвоена квалификация частного охранника следующим гражданам",Индексируемое,Распоряжение: Во исполнение приказа МВД России от 19.06.2006 № 447,,66,,0,,0,"max-snippet:-1, max-image-preview:large, max-video-preview:-1",,,https://cpp-globez.ru/prikaz/распоряжение-во-исполнение-приказа-мвд-россии-от-19-06-2006-№-448,,,,,,7541,7541,"2,673322205",,233,71,"3,281690141",100,Очень легко,"9,053376",4,1,,7,3,0,"2,08",82,36,0,1,1,0,,,,,2f9204cdde1cf282236b478c61567cb6,"0,532","Wed, 08 Apr 2026 18:59:33 GMT",,,,ru-ru,1.1,,https://cpp-globez.ru/prikaz/%D1%80%D0%B0%D1%81%D0%BF%D0%BE%D1%80%D1%8F%D0%B6%D0%B5%D0%BD%D0%B8%D0%B5-%D0%B2%D0%BE-%D0%B8%D1%81%D0%BF%D0%BE%D0%BB%D0%BD%D0%B5%D0%BD%D0%B8%D0%B5-%D0%BF%D1%80%D0%B8%D0%BA%D0%B0%D0%B7%D0%B0-%D0%BC%D0%B2%D0%B4-%D1%80%D0%BE%D1%81%D1%81%D0%B8%D0%B8-%D0%BE%D1%82-19-06-2006-%E2%84%96-448,2026-04-08 19:59:33
https://cpp-globez.ru/prikaz/page-9-4,prikaz | Page 7-5,,Индексируемое,,,0,Приказ 5-21-1/А; 6-21-1/Б; 7-21-1/В,35,"Распоряжение: Во исполнение приказа МВД России от 19.06.2006 № 447 «По организации и приёму квалификационного экзамена у граждан, необходимого для приобретения правового статуса частного охранника»",197,"max-snippet:-1, max-image-preview:large, max-video-preview:-1",,,,https://cpp-globez.ru/prikaz/page-10-4,https://cpp-globez.ru/prikaz/page-8-4,,,,8388,8388,"2,97358794",,298,106,"2,811320755",100,Очень легко,"8,865822",4,1,,11,6,0,"4,17",102,52,0,1,1,0,,,,,9835caf98685be35efba5566291a4d66,"0,316","Wed, 08 Apr 2026 18:59:33 GMT",,,,ru-ru,1.1,,https://cpp-globez.ru/prikaz/page-9-4,2026-04-08 19:59:33
https://cpp-globez.ru/prikaz/решение-экзаменационной-комиссии-чоу-дпо-цпп-от-24-02-2021-года-присвоена-квалификация-частного-охранника-следующим-гражданам,"решение-экзаменационной-комиссии-чоу-дпо-«цпп»-от-24-02-2021-года,-присвоена-квалификация-частного-охранника-следующим-гражданам | prikaz","Решение экзаменационной комиссии ЧОУ ДПО «ЦПП» от 24.02.2021 года, присвоена квалификация частного охранника следующим гражданам:",Индексируемое,"Решение экзаменационной комиссии ЧОУ ДПО «ЦПП» от 24.02.2021 года, присвоена квалификация частного охранника следующим гражданам:",,129,,0,,0,"max-snippet:-1, max-image-preview:large, max-video-preview:-1",,,https://cpp-globez.ru/prikaz/решение-экзаменационной-комиссии-чоу-дпо-цпп-от-24-02-2021-года-присвоена-квалификация-частного-охранника-следующим-гражданам,,,,,,7618,7618,"2,70061909",,243,71,"3,422535211",100,Очень легко,"9,045051",4,1,,7,3,0,"2,08",82,36,0,1,1,0,,,,,cd978f0e621152428d33330fab9b1ae2,"0,298","Wed, 08 Apr 2026 18:59:33 GMT",,,,ru-ru,1.1,,https://cpp-globez.ru/prikaz/%D1%80%D0%B5%D1%88%D0%B5%D0%BD%D0%B8%D0%B5-%D1%8D%D0%BA%D0%B7%D0%B0%D0%BC%D0%B5%D0%BD%D0%B0%D1%86%D0%B8%D0%BE%D0%BD%D0%BD%D0%BE%D0%B9-%D0%BA%D0%BE%D0%BC%D0%B8%D1%81%D1%81%D0%B8%D0%B8-%D1%87%D0%BE%D1%83-%D0%B4%D0%BF%D0%BE-%D1%86%D0%BF%D0%BF-%D0%BE%D1%82-24-02-2021-%D0%B3%D0%BE%D0%B4%D0%B0-%D0%BF%D1%80%D0%B8%D1%81%D0%B2%D0%BE%D0%B5%D0%BD%D0%B0-%D0%BA%D0%B2%D0%B0%D0%BB%D0%B8%D1%84%D0%B8%D0%BA%D0%B0%D1%86%D0%B8%D1%8F-%D1%87%D0%B0%D1%81%D1%82%D0%BD%D0%BE%D0%B3%D0%BE-%D0%BE%D1%85%D1%80%D0%B0%D0%BD%D0%BD%D0%B8%D0%BA%D0%B0-%D1%81%D0%BB%D0%B5%D0%B4%D1%83%D1%8E%D1%89%D0%B8%D0%BC-%D0%B3%D1%80%D0%B0%D0%B6%D0%B4%D0%B0%D0%BD%D0%B0%D0%BC,2026-04-08 19:59:33
https://cpp-globez.ru/prikaz/prikaz-20-21-1-a-21-21-1-v-o-vypuske-slushatelej-09-03-2021,prikaz-20-21-1-a-21-21-1-v-o-vypuske-slushatelej-09-03-2021 | prikaz,Приказ 20-21-1/А; 21-21-1/В,Индексируемое,Приказ 20-21-1/А; 21-21-1/В о выпуске слушателей 09.03.2021,,59,,0,,0,"max-snippet:-1, max-image-preview:large, max-video-preview:-1",,,https://cpp-globez.ru/prikaz/prikaz-20-21-1-a-21-21-1-v-o-vypuske-slushatelej-09-03-2021,,,,,,7251,7251,"2,570515755",,215,66,"3,257575758",100,Очень легко,"8,974802",4,1,,7,3,0,"2,08",82,36,0,1,1,0,,,,,e0215e30dc3a273dc272749a84a8db95,"0,288","Wed, 08 Apr 2026 18:59:33 GMT",,,,ru-ru,1.1,,https://cpp-globez.ru/prikaz/prikaz-20-21-1-a-21-21-1-v-o-vypuske-slushatelej-09-03-2021,2026-04-08 19:59:34
https://cpp-globez.ru/prikaz/приказ-14-21-1-а-15-21-1-в-г-мытищи-м-о-о-выпуске-слушателей-прошедших-обучение-по-программе-подготовки-частных-охранников,"приказ-14-21-1-а-15-21-1-в-г-мытищи,-м-о-«о-выпуске-слушателей,-прошедших-обучение-по-программе-«подготовки-частных-охранников» | prikaz",Приказ 14-21-1/А; 15-21-1/В,Индексируемое,"Приказ 14-21-1/А; 15-21-1/В г. Мытищи, М.О. «О выпуске слушателей, прошедших обучение по программе «Подготовки частных охранников».",,131,,0,,0,"max-snippet:-1, max-image-preview:large, max-video-preview:-1",,,https://cpp-globez.ru/prikaz/приказ-14-21-1-а-15-21-1-в-г-мытищи-м-о-о-выпуске-слушателей-прошедших-обучение-по-программе-подготовки-частных-охранников,,,,,,7567,7567,"2,682539335",,233,70,"3,328571429",100,Очень легко,"8,858141",4,1,,7,3,0,"2,08",82,36,0,1,1,0,,,,,558790f6b1082c4f85ae3a10a38fdd88,"0,62","Wed, 08 Apr 2026 18:59:33 GMT",,,,ru-ru,1.1,,https://cpp-globez.ru/prikaz/%D0%BF%D1%80%D0%B8%D0%BA%D0%B0%D0%B7-14-21-1-%D0%B0-15-21-1-%D0%B2-%D0%B3-%D0%BC%D1%8B%D1%82%D0%B8%D1%89%D0%B8-%D0%BC-%D0%BE-%D0%BE-%D0%B2%D1%8B%D0%BF%D1%83%D1%81%D0%BA%D0%B5-%D1%81%D0%BB%D1%83%D1%88%D0%B0%D1%82%D0%B5%D0%BB%D0%B5%D0%B9-%D0%BF%D1%80%D0%BE%D1%88%D0%B5%D0%B4%D1%88%D0%B8%D1%85-%D0%BE%D0%B1%D1%83%D1%87%D0%B5%D0%BD%D0%B8%D0%B5-%D0%BF%D0%BE-%D0%BF%D1%80%D0%BE%D0%B3%D1%80%D0%B0%D0%BC%D0%BC%D0%B5-%D0%BF%D0%BE%D0%B4%D0%B3%D0%BE%D1%82%D0%BE%D0%B2%D0%BA%D0%B8-%D1%87%D0%B0%D1%81%D1%82%D0%BD%D1%8B%D1%85-%D0%BE%D1%85%D1%80%D0%B0%D0%BD%D0%BD%D0%B8%D0%BA%D0%BE%D0%B2,2026-04-08 19:59:33
https://cpp-globez.ru/prikaz/приказ-прошедшим-обучение-с-16-02-2021-г-по-20-02-2021-года-по-программе-подготовки-частных-охранников-4-го-разряда,приказ-прошедшим-обучение-с-16-02-2021-г-по-20-02-2021-года-по-программе-«подготовки-частных-охранников-4-го-разряда» | prikaz,Приказ прошедшим обучение с 16.02.2021 г. по 20.02.2021 года по программе «Подготовки частных охранников 4-го разряда»,Индексируемое,Приказ прошедшим обучение с 16.02.2021 г. по 20.02.2021 года по программе «Подготовки частных охранников 4-го разряда»,,118,,0,,0,"max-snippet:-1, max-image-preview:large, max-video-preview:-1",,,https://cpp-globez.ru/prikaz/приказ-прошедшим-обучение-с-16-02-2021-г-по-20-02-2021-года-по-программе-подготовки-частных-охранников-4-го-разряда,,,,,,7496,7496,"2,65736948",,246,80,"3,075",100,Очень легко,"9,091233",4,1,,7,3,0,"2,08",82,36,0,1,1,0,,,,,b24a99d21f6ece1a896c6abea1b65e0b,"0,625","Wed, 08 Apr 2026 18:59:33 GMT",,,,ru-ru,1.1,,https://cpp-globez.ru/prikaz/%D0%BF%D1%80%D0%B8%D0%BA%D0%B0%D0%B7-%D0%BF%D1%80%D0%BE%D1%88%D0%B5%D0%B4%D1%88%D0%B8%D0%BC-%D0%BE%D0%B1%D1%83%D1%87%D0%B5%D0%BD%D0%B8%D0%B5-%D1%81-16-02-2021-%D0%B3-%D0%BF%D0%BE-20-02-2021-%D0%B3%D0%BE%D0%B4%D0%B0-%D0%BF%D0%BE-%D0%BF%D1%80%D0%BE%D0%B3%D1%80%D0%B0%D0%BC%D0%BC%D0%B5-%D0%BF%D0%BE%D0%B4%D0%B3%D0%BE%D1%82%D0%BE%D0%B2%D0%BA%D0%B8-%D1%87%D0%B0%D1%81%D1%82%D0%BD%D1%8B%D1%85-%D0%BE%D1%85%D1%80%D0%B0%D0%BD%D0%BD%D0%B8%D0%BA%D0%BE%D0%B2-4-%D0%B3%D0%BE-%D1%80%D0%B0%D0%B7%D1%80%D1%8F%D0%B4%D0%B0,2026-04-08 19:59:33
https://cpp-globez.ru/prikaz/prisvoenie-kvalifikatsii-grazhdanam-ot-10-03-2021-goda,prisvoenie-kvalifikatsii-grazhdanam-ot-10-03-2021-goda | prikaz,Распоряжение,Индексируемое,Присвоение квалификации гражданам от 10.03.2021 года,,52,,0,,0,"max-snippet:-1, max-image-preview:large, max-video-preview:-1",,,https://cpp-globez.ru/prikaz/prisvoenie-kvalifikatsii-grazhdanam-ot-10-03-2021-goda,,,,,,7252,7252,"2,57087026",,211,66,"3,196969697",100,Очень легко,"8,895988",4,1,,7,3,0,"2,08",82,36,0,1,1,0,,,,,74e8a8b8f62e9a0389dc5abbc6d97f1d,"0,312","Wed, 08 Apr 2026 18:59:34 GMT",,,,ru-ru,1.1,,https://cpp-globez.ru/prikaz/prisvoenie-kvalifikatsii-grazhdanam-ot-10-03-2021-goda,2026-04-08 19:59:34
https://cpp-globez.ru/prikaz/page-8-4,prikaz | Page 6-5,,Индексируемое,,,0,"Приказ 11-21-1/А; 12-21-1/В; 13-21-1/В г. Мытищи, М.О. «О выпуске слушателей, прошедших обучение по программе «Подготовки частных охранников».",142,"Распоряжение: ЧОУ ДПО «ЦПП» от 03.02.2021 года, присвоена квалификация частного охранника следующим гражданам",109,"max-snippet:-1, max-image-preview:large, max-video-preview:-1",,,,https://cpp-globez.ru/prikaz/page-9-4,https://cpp-globez.ru/prikaz/page-7-4,,,,8511,8511,"3,017192055",,345,116,"2,974137931",100,Очень легко,"9,713149",4,1,,12,7,0,"4,86",104,53,0,1,1,0,,,,,bc0bfeb441b084add4a0e9f89bb1fc04,"0,318","Wed, 08 Apr 2026 18:59:34 GMT",,,,ru-ru,1.1,,https://cpp-globez.ru/prikaz/page-8-4,2026-04-08 19:59:34
https://cpp-globez.ru/info/predpisaniya-organov-osushchestvlyayushchikh-gosudarstvennyj-kontrol-nadzor-v-sfere-obrazovaniya,predpisaniya-organov-osushchestvlyayushchikh-gosudarstvennyj-kontrol-nadzor-v-sfere-obrazovaniya | info,"Обучение безопасному обращению с оружием, лицензия на оружие, лицензия на травматику. Мытищи, ул. Новослободская, вл. 1, стр. 1 +7 (495) 582-42-91",Индексируемое,"Обучение стрельбе, лицензия на оружие и травматику, продление лицензии на оружие.",,81,Предписания органов осуществляющих государственный контроль (надзор) в сфере образования,88,,0,"max-snippet:-1, max-image-preview:large, max-video-preview:-1",,,https://cpp-globez.ru/info/predpisaniya-organov-osushchestvlyayushchikh-gosudarstvennyj-kontrol-nadzor-v-sfere-obrazovaniya,,,,,,7341,7341,"2,602421205",,222,64,"3,46875",100,Очень легко,"9,116713",4,1,,5,2,0,"1,39",80,36,0,1,1,0,,,,,1199bc1881fb47b385212a035059ecc9,"0,625","Wed, 08 Apr 2026 18:59:34 GMT",,,,ru-ru,1.1,,https://cpp-globez.ru/info/predpisaniya-organov-osushchestvlyayushchikh-gosudarstvennyj-kontrol-nadzor-v-sfere-obrazovaniya,2026-04-08 19:59:34
https://cpp-globez.ru/info/platnye-obrazovatel-nye-uslugi,platnye-obrazovatel-nye-uslugi | info,Платные образовательные услуги ДОГОВОР повышение квалификации охранника 4 разряда ДОГОВОР повышение квалификации охранника 5 разряда ДОГОВОР повышение квалификации охранника 6 разряда договор 4 разряда договор 5 разряда договор 6 разряда договор c 4 ...,Индексируемое,,,0,,0,,0,"max-snippet:-1, max-image-preview:large, max-video-preview:-1",,,https://cpp-globez.ru/info/platnye-obrazovatel-nye-uslugi,,,,,,7271,7271,"2,577605855",,240,68,"3,529411765",100,Очень легко,"8,537422",4,1,,5,2,0,"1,39",89,46,0,1,1,0,,,,,5a55d551ddcdaded7fb7f0482585edb9,"0,644","Wed, 08 Apr 2026 18:59:34 GMT",,,,ru-ru,1.1,,https://cpp-globez.ru/info/platnye-obrazovatel-nye-uslugi,2026-04-08 19:59:34
https://cpp-globez.ru/gb-inkas.ru,,,Неиндексируемое,,Ошибка клиента,0,,0,,0,,,,,,,,,,0,0,0,,0,,,,,0,5,0,,1,1,0,"0,69",0,0,0,0,0,0,,,,,,"0,653",,,,,,1.1,,https://cpp-globez.ru/gb-inkas.ru,2026-04-08 19:59:37
https://cpp-globez.ru/новости/как-работает-инкассация,как-работает-инкассация | novosti,"Новости Центра профессиональной подготовки охранников в Мытищах, обзоры, статьи.",Индексируемое,Как работает инкассация,,23,,0,,0,"max-snippet:-1, max-image-preview:large, max-video-preview:-1",,,https://cpp-globez.ru/новости/как-работает-инкассация,,,,,,9855,9855,"3,493646775",,678,138,"4,913043478",100,Очень легко,"18,622498",5,1,,6,2,0,"1,39",80,35,0,3,3,0,,,,,695dfde568dd4a44edee242ac7fbd1aa,"0,544","Wed, 08 Apr 2026 18:59:37 GMT",,,,ru-ru,1.1,,https://cpp-globez.ru/%D0%BD%D0%BE%D0%B2%D0%BE%D1%81%D1%82%D0%B8/%D0%BA%D0%B0%D0%BA-%D1%80%D0%B0%D0%B1%D0%BE%D1%82%D0%B0%D0%B5%D1%82-%D0%B8%D0%BD%D0%BA%D0%B0%D1%81%D1%81%D0%B0%D1%86%D0%B8%D1%8F,2026-04-08 19:59:37
https://cpp-globez.ru/новости/охрана-объектов-особой-важности,okhrana-obektov-osoboj-vazhnosti | novosti,"Новости Центра профессиональной подготовки охранников в Мытищах, обзоры, статьи.",Индексируемое,Охрана объектов особой важности,,31,,0,,0,"max-snippet:-1, max-image-preview:large, max-video-preview:-1",,,https://cpp-globez.ru/новости/охрана-объектов-особой-важности,,,,,,9424,9424,"3,34085512",,538,116,"4,637931034",100,Очень легко,"17,245848",5,1,,7,3,0,"2,08",80,35,0,2,2,0,,,,,3bcb544c4dee6b81ac51b8091c712017,"0,556","Wed, 08 Apr 2026 18:59:37 GMT",,,,ru-ru,1.1,,https://cpp-globez.ru/%D0%BD%D0%BE%D0%B2%D0%BE%D1%81%D1%82%D0%B8/%D0%BE%D1%85%D1%80%D0%B0%D0%BD%D0%B0-%D0%BE%D0%B1%D1%8A%D0%B5%D0%BA%D1%82%D0%BE%D0%B2-%D0%BE%D1%81%D0%BE%D0%B1%D0%BE%D0%B9-%D0%B2%D0%B0%D0%B6%D0%BD%D0%BE%D1%81%D1%82%D0%B8,2026-04-08 19:59:37
https://cpp-globez.ru/prikaz/page-11-4,prikaz | Page 9-5,,Индексируемое,,,0,Приказ 541-20/542-20/543-20,27,,0,"max-snippet:-1, max-image-preview:large, max-video-preview:-1",,,,,https://cpp-globez.ru/prikaz/page-10-4,,,,7558,7558,"2,67934879",,224,73,"3,068493151",100,Очень легко,"8,747603",5,1,,8,4,0,"2,78",87,40,0,1,1,0,,,,,d6896877845f7ccd3cdb3b20d417379a,"0,314","Wed, 08 Apr 2026 18:59:39 GMT",,,,ru-ru,1.1,,https://cpp-globez.ru/prikaz/page-11-4,2026-04-08 19:59:39