№ вопроса,Блок,Применимость,Исходный номер,Основной раздел,Вопрос,Ответ 1,Ответ 2,Ответ 3,Правильный вариант,Правильный ответ,Все группы вопроса,Примечание
1.0,"Частные охранники 4,5,6 разрядов",4–6 разряд,1.1,Правовая подготовка,Какие меры принуждения могут применять частные охранники?,"Задержание на месте правонарушения лиц, совершивших противоправное посягательство на охраняемое имущество либо нарушающих внутриобъектовый и (или) пропускной режимы, применение физической силы, специальных средств и огнестрельного оружия, разрешенных в частной охранной деятельности.","Проверка документов, досмотр переносимых вещей, применение физической силы, специальных средств и огнестрельного оружия, разрешенных в частной охранной деятельности.","Изъятие предметов, досмотр транспорта, применение огнестрельного и холодного оружия.",1,"Задержание на месте правонарушения лиц, совершивших противоправное посягательство на охраняемое имущество либо нарушающих внутриобъектовый и (или) пропускной режимы, применение физической силы, специальных средств и огнестрельного оружия, разрешенных в частной охранной деятельности.","Все вопросы / полный банк; Частные охранники / все вопросы; Частные охранники 4,5,6 разрядов / Правовая подготовка; Правовая подготовка / все вопросы; Частные охранники / 4 разряд; Частные охранники / 5 разряд; Частные охранники / 6 разряд; Право / применение физической силы, спецсредств и оружия; Экзаменационный тест / частные охранники без огневой подготовки; Экзаменационный тест / частные охранники 5–6 разряды",
2.0,"Частные охранники 4,5,6 разрядов",4–6 разряд,1.2,Правовая подготовка,Какие виды специальных средств разрешается использовать в частной охранной деятельности?,"Резиновые палки, наручники, средства для принудительной остановки транспорта.","Защитные шлемы, защитные жилеты, наручники и резиновые палки.","Резиновые палки, слезоточивые вещества, служебных собак.",2,"Защитные шлемы, защитные жилеты, наручники и резиновые палки.","Все вопросы / полный банк; Частные охранники / все вопросы; Частные охранники 4,5,6 разрядов / Правовая подготовка; Правовая подготовка / все вопросы; Частные охранники / 4 разряд; Частные охранники / 5 разряд; Частные охранники / 6 разряд; Право / применение физической силы, спецсредств и оружия; Экзаменационный тест / частные охранники без огневой подготовки; Экзаменационный тест / частные охранники 5–6 разряды",
3.0,"Частные охранники 4,5,6 разрядов",5–6 разряд,1.3,Правовая подготовка,"К какому виду вооружения относится электрошоковое устройство, выданное охраннику в частной охранной организации для работы на посту? (5-6 разряд)","Гражданское оружие, разрешенное для использования в частной охранной деятельности.","Специальное средство, разрешенное для использования в частной охранной деятельности.","Служебное оружие, разрешенное для использования в частной охранной деятельности.",1,"Гражданское оружие, разрешенное для использования в частной охранной деятельности.","Все вопросы / полный банк; Частные охранники / все вопросы; Частные охранники 4,5,6 разрядов / Правовая подготовка; Правовая подготовка / все вопросы; Частные охранники / 5 разряд; Частные охранники / 6 разряд; Право / оружие: выдача, хранение, ношение, ограничения; Спецсредства / электрошоковые устройства; Экзаменационный тест / частные охранники без огневой подготовки; Экзаменационный тест / частные охранники 5–6 разряды",
4.0,"Частные охранники 4,5,6 разрядов",5–6 разряд,1.4,Правовая подготовка,Охраннику запрещается применять огнестрельное оружие: (5-6 разряд),При ограниченной видимости вследствие погодных условий.,При значительном скоплении людей.,"При значительном скоплении людей, когда от применения оружия могут пострадать посторонние лица.",3,"При значительном скоплении людей, когда от применения оружия могут пострадать посторонние лица.","Все вопросы / полный банк; Частные охранники / все вопросы; Частные охранники 4,5,6 разрядов / Правовая подготовка; Правовая подготовка / все вопросы; Частные охранники / 5 разряд; Частные охранники / 6 разряд; Право / применение физической силы, спецсредств и оружия; Право / оружие: выдача, хранение, ношение, ограничения; Экзаменационный тест / частные охранники без огневой подготовки; Экзаменационный тест / частные охранники 5–6 разряды",
5.0,"Частные охранники 4,5,6 разрядов",5–6 разряд,1.5,Правовая подготовка,Обязан ли охранник сдавать имеющееся у него оружие при перелете по территории Российской Федерации на воздушном судне? (5-6 разряд),Обязан во всех случаях.,"Обязан, кроме случаев, когда при нем находится охраняемое имущество.",Не обязан.,1,Обязан во всех случаях.,"Все вопросы / полный банк; Частные охранники / все вопросы; Частные охранники 4,5,6 разрядов / Правовая подготовка; Правовая подготовка / все вопросы; Частные охранники / 5 разряд; Частные охранники / 6 разряд; Право / оружие: выдача, хранение, ношение, ограничения; Экзаменационный тест / частные охранники без огневой подготовки; Экзаменационный тест / частные охранники 5–6 разряды",
6.0,"Частные охранники 4,5,6 разрядов",5–6 разряд,1.6,Правовая подготовка,В целях обеспечения оказания услуг по защите жизни и здоровья граждан выдача оружия на посты и маршруты: (5-6 разряд),Допускается.,Не допускается.,"Допускается при условии согласования вопроса выдачи оружия с территориальным органом федерального органа исполнительной власти, уполномоченного в сфере частной охранной деятельности.",2,Не допускается.,"Все вопросы / полный банк; Частные охранники / все вопросы; Частные охранники 4,5,6 разрядов / Правовая подготовка; Правовая подготовка / все вопросы; Частные охранники / 5 разряд; Частные охранники / 6 разряд; Право / оружие: выдача, хранение, ношение, ограничения; Экзаменационный тест / частные охранники без огневой подготовки; Экзаменационный тест / частные охранники 5–6 разряды",
7.0,"Частные охранники 4,5,6 разрядов",4–6 разряд,1.7,Правовая подготовка,"При необходимой обороне субъектом посягательства, отражаемого обороняющимся, является:",Человек (физическое лицо).,Стихия (силы природы).,"Источник повышенной опасности (оружие, автомобиль и пр.).",1,Человек (физическое лицо).,"Все вопросы / полный банк; Частные охранники / все вопросы; Частные охранники 4,5,6 разрядов / Правовая подготовка; Правовая подготовка / все вопросы; Частные охранники / 4 разряд; Частные охранники / 5 разряд; Частные охранники / 6 разряд; Право / необходимая оборона, крайняя необходимость, задержание; Экзаменационный тест / частные охранники без огневой подготовки; Экзаменационный тест / частные охранники 5–6 разряды",
8.0,"Частные охранники 4,5,6 разрядов",4–6 разряд,1.8,Правовая подготовка,В соответствии с действующим законодательством при необходимой обороне допускается причинение вреда:,Посягающему лицу.,Третьим лицам.,Любым лицам.,1,Посягающему лицу.,"Все вопросы / полный банк; Частные охранники / все вопросы; Частные охранники 4,5,6 разрядов / Правовая подготовка; Правовая подготовка / все вопросы; Частные охранники / 4 разряд; Частные охранники / 5 разряд; Частные охранники / 6 разряд; Право / необходимая оборона, крайняя необходимость, задержание; Экзаменационный тест / частные охранники без огневой подготовки; Экзаменационный тест / частные охранники 5–6 разряды",
9.0,"Частные охранники 4,5,6 разрядов",4–6 разряд,1.9,Правовая подготовка,Могут ли действия охранника по защите жизни и здоровья другого лица расцениваться как действия в состоянии необходимой обороны:,Не могут ни при каких условиях.,"Могут, если соблюдены условия необходимой обороны, предусмотренные законом.","Могут, только если при указанном лице находилось охраняемое имущество.",2,"Могут, если соблюдены условия необходимой обороны, предусмотренные законом.","Все вопросы / полный банк; Частные охранники / все вопросы; Частные охранники 4,5,6 разрядов / Правовая подготовка; Правовая подготовка / все вопросы; Частные охранники / 4 разряд; Частные охранники / 5 разряд; Частные охранники / 6 разряд; Право / необходимая оборона, крайняя необходимость, задержание; Экзаменационный тест / частные охранники без огневой подготовки; Экзаменационный тест / частные охранники 5–6 разряды",
10.0,"Частные охранники 4,5,6 разрядов",4–6 разряд,1.10,Правовая подготовка,Допускается ли причинение вреда третьим лицам в состоянии необходимой обороны?,"Да, при групповом нападении.","Да, при вооруженном нападении.",Нет.,3,Нет.,"Все вопросы / полный банк; Частные охранники / все вопросы; Частные охранники 4,5,6 разрядов / Правовая подготовка; Правовая подготовка / все вопросы; Частные охранники / 4 разряд; Частные охранники / 5 разряд; Частные охранники / 6 разряд; Право / необходимая оборона, крайняя необходимость, задержание; Экзаменационный тест / частные охранники без огневой подготовки; Экзаменационный тест / частные охранники 5–6 разряды",
11.0,"Частные охранники 4,5,6 разрядов",4–6 разряд,1.11,Правовая подготовка,"Вред, причиненный в состоянии крайней необходимости:",Не подлежит возмещению.,"Во всех случаях подлежит возмещению в полном объеме лицом, причинившим вред.",Подлежит возмещению по решению суда.,3,Подлежит возмещению по решению суда.,"Все вопросы / полный банк; Частные охранники / все вопросы; Частные охранники 4,5,6 разрядов / Правовая подготовка; Правовая подготовка / все вопросы; Частные охранники / 4 разряд; Частные охранники / 5 разряд; Частные охранники / 6 разряд; Право / необходимая оборона, крайняя необходимость, задержание; Экзаменационный тест / частные охранники без огневой подготовки; Экзаменационный тест / частные охранники 5–6 разряды",
12.0,"Частные охранники 4,5,6 разрядов",4–6 разряд,1.12,Правовая подготовка,"Причинение вреда, менее значительного, чем предотвращенный вред, является обязательным условием правомерности действий:",В состоянии необходимой обороны.,В состоянии крайней необходимости.,"Как в состоянии необходимой обороны, так и в состоянии крайней необходимости.",2,В состоянии крайней необходимости.,"Все вопросы / полный банк; Частные охранники / все вопросы; Частные охранники 4,5,6 разрядов / Правовая подготовка; Правовая подготовка / все вопросы; Частные охранники / 4 разряд; Частные охранники / 5 разряд; Частные охранники / 6 разряд; Право / необходимая оборона, крайняя необходимость, задержание; Экзаменационный тест / частные охранники без огневой подготовки; Экзаменационный тест / частные охранники 5–6 разряды",
13.0,"Частные охранники 4,5,6 разрядов",4–6 разряд,1.13,Правовая подготовка,При необходимой обороне причинение посягающему лицу любого вреда правомерно:,В случае группового посягательства.,"Если это посягательство сопряжено с насилием, опасным для жизни обороняющегося или другого лица, либо с непосредственной угрозой применения такого насилия.","Если посягательство сопряжено с насилием, опасным для здоровья обороняющегося.",2,"Если это посягательство сопряжено с насилием, опасным для жизни обороняющегося или другого лица, либо с непосредственной угрозой применения такого насилия.","Все вопросы / полный банк; Частные охранники / все вопросы; Частные охранники 4,5,6 разрядов / Правовая подготовка; Правовая подготовка / все вопросы; Частные охранники / 4 разряд; Частные охранники / 5 разряд; Частные охранники / 6 разряд; Право / необходимая оборона, крайняя необходимость, задержание; Экзаменационный тест / частные охранники без огневой подготовки; Экзаменационный тест / частные охранники 5–6 разряды",
14.0,"Частные охранники 4,5,6 разрядов",4–6 разряд,1.14,Правовая подготовка,"Имеют ли право на необходимую оборону лица, имеющие возможность избежать общественно опасного посягательства или обратиться за помощью к другим лицам или органам власти?","Да, имеют.","Нет, не имеют.","Имеют, если посягательство сопряжено с насилием, опасным для жизни обороняющегося.",1,"Да, имеют.","Все вопросы / полный банк; Частные охранники / все вопросы; Частные охранники 4,5,6 разрядов / Правовая подготовка; Правовая подготовка / все вопросы; Частные охранники / 4 разряд; Частные охранники / 5 разряд; Частные охранники / 6 разряд; Право / необходимая оборона, крайняя необходимость, задержание; Экзаменационный тест / частные охранники без огневой подготовки; Экзаменационный тест / частные охранники 5–6 разряды",
15.0,"Частные охранники 4,5,6 разрядов",4–6 разряд,1.15,Правовая подготовка,"Подлежит ли возмещению вред, причиненный посягающему лицу в состоянии необходимой обороны, если при этом не было допущено превышения пределов необходимой обороны?","Да, подлежит.",Подлежит частично на основании судебного решения.,Не подлежит.,3,Не подлежит.,"Все вопросы / полный банк; Частные охранники / все вопросы; Частные охранники 4,5,6 разрядов / Правовая подготовка; Правовая подготовка / все вопросы; Частные охранники / 4 разряд; Частные охранники / 5 разряд; Частные охранники / 6 разряд; Право / необходимая оборона, крайняя необходимость, задержание; Экзаменационный тест / частные охранники без огневой подготовки; Экзаменационный тест / частные охранники 5–6 разряды",
16.0,"Частные охранники 4,5,6 разрядов",4–6 разряд,1.16,Правовая подготовка,"Превышение мер, необходимых для задержания лица, совершившего преступление (их явное несоответствие характеру и степени общественной опасности совершенного задерживаемым лицом преступления и обстоятельствам задержания), влечет за собой уголовную ответственность:",Во всех случаях причинения вреда здоровью задерживаемого (независимо от наличия или отсутствия умысла).,"Только в случаях умышленного причинения смерти, тяжкого или средней тяжести вреда здоровью задерживаемого.","Только в случаях умышленного причинения смерти, тяжкого, средней тяжести или легкого вреда здоровью задерживаемого.",2,"Только в случаях умышленного причинения смерти, тяжкого или средней тяжести вреда здоровью задерживаемого.","Все вопросы / полный банк; Частные охранники / все вопросы; Частные охранники 4,5,6 разрядов / Правовая подготовка; Правовая подготовка / все вопросы; Частные охранники / 4 разряд; Частные охранники / 5 разряд; Частные охранники / 6 разряд; Право / необходимая оборона, крайняя необходимость, задержание; Право / ответственность и санкции; Экзаменационный тест / частные охранники без огневой подготовки; Экзаменационный тест / частные охранники 5–6 разряды",
17.0,"Частные охранники 4,5,6 разрядов",4–6 разряд,1.17,Правовая подготовка,К уголовно наказуемым деяниям относится:,"Причинение тяжкого вреда здоровью по неосторожности, совершенное при превышении пределов необходимой обороны.","Умышленное причинение тяжкого вреда здоровью, совершенное при превышении пределов необходимой обороны.","Умышленное причинение средней тяжести вреда здоровью, совершенное при превышении пределов необходимой обороны.",2,"Умышленное причинение тяжкого вреда здоровью, совершенное при превышении пределов необходимой обороны.","Все вопросы / полный банк; Частные охранники / все вопросы; Частные охранники 4,5,6 разрядов / Правовая подготовка; Правовая подготовка / все вопросы; Частные охранники / 4 разряд; Частные охранники / 5 разряд; Частные охранники / 6 разряд; Право / ответственность и санкции; Экзаменационный тест / частные охранники без огневой подготовки; Экзаменационный тест / частные охранники 5–6 разряды",
18.0,"Частные охранники 4,5,6 разрядов",4–6 разряд,1.18,Правовая подготовка,К уголовно наказуемым деяниям относится:,"Умышленное причинение тяжкого или средней тяжести вреда здоровью, совершенное при превышении мер, необходимых для задержания лица, совершившего преступление.","Причинение тяжкого или средней тяжести вреда здоровью по неосторожности, совершенное при превышении мер, необходимых для задержания лица, совершившего преступление.","Умышленное причинение легкого вреда здоровью, совершенное при превышении мер, необходимых для задержания лица, совершившего преступление.",1,"Умышленное причинение тяжкого или средней тяжести вреда здоровью, совершенное при превышении мер, необходимых для задержания лица, совершившего преступление.","Все вопросы / полный банк; Частные охранники / все вопросы; Частные охранники 4,5,6 разрядов / Правовая подготовка; Правовая подготовка / все вопросы; Частные охранники / 4 разряд; Частные охранники / 5 разряд; Частные охранники / 6 разряд; Право / ответственность и санкции; Экзаменационный тест / частные охранники без огневой подготовки; Экзаменационный тест / частные охранники 5–6 разряды",
19.0,"Частные охранники 4,5,6 разрядов",5–6 разряд,1.19,Правовая подготовка,"Частный охранник, имеющий на посту огнестрельное оружие, выданное ему в охранной организации для осуществления охранных функций, применяет его: (5-6 разряд)","В случаях и в порядке, установленных статьями 16, 18 Закона Российской Федерации «О частной детективной и охранной деятельности в Российской Федерации».","В случаях и в порядке, установленных статьей 24 Федерального закона «Об оружии», на основаниях, общих для всех граждан Российской Федерации.","В случаях и в порядке, установленных статьями 37, 39 Уголовного кодекса Российской Федерации.",1,"В случаях и в порядке, установленных статьями 16, 18 Закона Российской Федерации «О частной детективной и охранной деятельности в Российской Федерации».","Все вопросы / полный банк; Частные охранники / все вопросы; Частные охранники 4,5,6 разрядов / Правовая подготовка; Правовая подготовка / все вопросы; Частные охранники / 5 разряд; Частные охранники / 6 разряд; Право / применение физической силы, спецсредств и оружия; Право / оружие: выдача, хранение, ношение, ограничения; Экзаменационный тест / частные охранники без огневой подготовки; Экзаменационный тест / частные охранники 5–6 разряды",
20.0,"Частные охранники 4,5,6 разрядов",5–6 разряд,1.20,Правовая подготовка,"Частный охранник, имеющий на посту гражданское оружие, не являющееся огнестрельным, выданное ему в охранной организации для осуществления охранных функций, применяет его: (5-6 разряд)","В случаях и в порядке, установленных статьи 16, 18 Закона Российской Федерации «О частной детективной и охранной деятельности в Российской Федерации».","В случаях и в порядке, установленных статьей 24 Федерального закона «Об оружии», на основаниях, общих для всех граждан Российской Федерации.","В случаях и в порядке, установленных статьями 37, 39 Уголовного кодекса Российской Федерации.",2,"В случаях и в порядке, установленных статьей 24 Федерального закона «Об оружии», на основаниях, общих для всех граждан Российской Федерации.","Все вопросы / полный банк; Частные охранники / все вопросы; Частные охранники 4,5,6 разрядов / Правовая подготовка; Правовая подготовка / все вопросы; Частные охранники / 5 разряд; Частные охранники / 6 разряд; Право / применение физической силы, спецсредств и оружия; Право / оружие: выдача, хранение, ношение, ограничения; Экзаменационный тест / частные охранники без огневой подготовки; Экзаменационный тест / частные охранники 5–6 разряды",
21.0,"Частные охранники 4,5,6 разрядов",4–6 разряд,1.21,Правовая подготовка,Нарушение охранниками правил ношения оружия и патронов к нему влечет:,Уголовную ответственность.,Административную ответственность.,Уголовную и административную ответственность.,2,Административную ответственность.,"Все вопросы / полный банк; Частные охранники / все вопросы; Частные охранники 4,5,6 разрядов / Правовая подготовка; Правовая подготовка / все вопросы; Частные охранники / 4 разряд; Частные охранники / 5 разряд; Частные охранники / 6 разряд; Право / оружие: выдача, хранение, ношение, ограничения; Экзаменационный тест / частные охранники без огневой подготовки; Экзаменационный тест / частные охранники 5–6 разряды",
22.0,"Частные охранники 4,5,6 разрядов",5–6 разряд,1.22,Правовая подготовка,"При отражении нападения на охранника, он вправе применить выданное ему в частной охранной организации огнестрельное оружие: (5-6 разряд)","Для отражения нападения, когда его собственная жизнь подвергается непосредственной опасности.","Для отражения нападения, когда его собственная жизнь или здоровье подвергаются опасности.",Для отражения любого нападения на охранника.,1,"Для отражения нападения, когда его собственная жизнь подвергается непосредственной опасности.","Все вопросы / полный банк; Частные охранники / все вопросы; Частные охранники 4,5,6 разрядов / Правовая подготовка; Правовая подготовка / все вопросы; Частные охранники / 5 разряд; Частные охранники / 6 разряд; Право / применение физической силы, спецсредств и оружия; Право / оружие: выдача, хранение, ношение, ограничения; Экзаменационный тест / частные охранники без огневой подготовки; Экзаменационный тест / частные охранники 5–6 разряды",
23.0,"Частные охранники 4,5,6 разрядов",5–6 разряд,1.23,Правовая подготовка,Кого и в какой срок в соответствии с законом охранник обязан информировать о каждом случае применения оружия? (5-6 разряд),Незамедлительно орган внутренних дел по месту применения оружия.,"Незамедлительно информировать орган внутренних дел и территориальный орган федерального органа исполнительной власти, уполномоченного в сфере частной охранной деятельности, по месту применения оружия.",Немедленно заказчика охранной услуги.,2,"Незамедлительно информировать орган внутренних дел и территориальный орган федерального органа исполнительной власти, уполномоченного в сфере частной охранной деятельности, по месту применения оружия.","Все вопросы / полный банк; Частные охранники / все вопросы; Частные охранники 4,5,6 разрядов / Правовая подготовка; Правовая подготовка / все вопросы; Частные охранники / 5 разряд; Частные охранники / 6 разряд; Право / применение физической силы, спецсредств и оружия; Право / оружие: выдача, хранение, ношение, ограничения; Право / уведомления и действия после инцидента; Экзаменационный тест / частные охранники без огневой подготовки; Экзаменационный тест / частные охранники 5–6 разряды",
24.0,"Частные охранники 4,5,6 разрядов",4–6 разряд,1.24,Правовая подготовка,"Кого и в какой срок в соответствии с законом обязан уведомить частный охранник в случаях, когда при применении специальных средств и огнестрельного оружия граждане получили телесные повреждения?","Немедленно уведомить прокурора и в возможно короткий срок органы здравоохранения и внутренних дел, территориальный орган федерального органа исполнительной власти, уполномоченного в сфере частной охранной деятельности","Немедленно уведомить органы здравоохранения, орган внутренних дел и руководителя охранной организации.",Незамедлительно уведомить заказчика частной охранной услуги.,1,"Немедленно уведомить прокурора и в возможно короткий срок органы здравоохранения и внутренних дел, территориальный орган федерального органа исполнительной власти, уполномоченного в сфере частной охранной деятельности","Все вопросы / полный банк; Частные охранники / все вопросы; Частные охранники 4,5,6 разрядов / Правовая подготовка; Правовая подготовка / все вопросы; Частные охранники / 4 разряд; Частные охранники / 5 разряд; Частные охранники / 6 разряд; Право / применение физической силы, спецсредств и оружия; Право / оружие: выдача, хранение, ношение, ограничения; Право / уведомления и действия после инцидента; Экзаменационный тест / частные охранники без огневой подготовки; Экзаменационный тест / частные охранники 5–6 разряды",
25.0,"Частные охранники 4,5,6 разрядов",4–6 разряд,1.25,Правовая подготовка,"В каких случаях частному охраннику не запрещается применять специальные средства в отношении женщин с видимыми признаками беременности, лиц с явными признаками инвалидности и несовершеннолетних, возраст которых охраннику очевиден или известен?","В случае оказания ими вооруженного сопротивления, совершения группового либо иного нападения, угрожающего жизни и здоровью частного охранника или охраняемому имуществу.",В случаях оказания указанными лицами группового сопротивления.,В случае отказа нарушителя подчиниться требованию охранника проследовать в помещение охраны.,1,"В случае оказания ими вооруженного сопротивления, совершения группового либо иного нападения, угрожающего жизни и здоровью частного охранника или охраняемому имуществу.","Все вопросы / полный банк; Частные охранники / все вопросы; Частные охранники 4,5,6 разрядов / Правовая подготовка; Правовая подготовка / все вопросы; Частные охранники / 4 разряд; Частные охранники / 5 разряд; Частные охранники / 6 разряд; Право / применение физической силы, спецсредств и оружия; Право / оружие: выдача, хранение, ношение, ограничения; Экзаменационный тест / частные охранники без огневой подготовки; Экзаменационный тест / частные охранники 5–6 разряды",
26.0,"Частные охранники 4,5,6 разрядов",4–6 разряд,1.26,Правовая подготовка,Федеральным законом «О полиции» установлено следующее ограничение на применение специальных средств - не допускается нанесение человеку ударов палкой специальной:,"По рукам, ногам, ягодицам, по спине в области проекции почек и печени.","Только по голове, шее, ключичной области, животу.","По голове, шее, ключичной области, животу, половым органам, в область проекции сердца.",3,"По голове, шее, ключичной области, животу, половым органам, в область проекции сердца.","Все вопросы / полный банк; Частные охранники / все вопросы; Частные охранники 4,5,6 разрядов / Правовая подготовка; Правовая подготовка / все вопросы; Частные охранники / 4 разряд; Частные охранники / 5 разряд; Частные охранники / 6 разряд; Право / применение физической силы, спецсредств и оружия; Экзаменационный тест / частные охранники без огневой подготовки; Экзаменационный тест / частные охранники 5–6 разряды",
27.0,"Частные охранники 4,5,6 разрядов",5–6 разряд,1.27,Правовая подготовка,"Обязан ли частный охранник незамедлительно информировать орган внутренних дел и территориальный орган федерального органа исполнительной власти, уполномоченного в сфере частной охранной деятельности, в случае, если он произвел выстрел в воздух для предупреждения о намерении применить оружие? (5-6 разряд)","Обязан информировать орган внутренних дел и территориальный орган федерального органа исполнительной власти, уполномоченного в сфере частной охранной деятельности, по месту применения оружия.","Обязан информировать орган внутренних дел и территориальный орган федерального органа исполнительной власти, уполномоченного в сфере частной охранной деятельности, по месту нахождения частной охранной организации.","Не обязан, поскольку нет пострадавших.",1,"Обязан информировать орган внутренних дел и территориальный орган федерального органа исполнительной власти, уполномоченного в сфере частной охранной деятельности, по месту применения оружия.","Все вопросы / полный банк; Частные охранники / все вопросы; Частные охранники 4,5,6 разрядов / Правовая подготовка; Правовая подготовка / все вопросы; Частные охранники / 5 разряд; Частные охранники / 6 разряд; Право / применение физической силы, спецсредств и оружия; Право / оружие: выдача, хранение, ношение, ограничения; Право / уведомления и действия после инцидента; Экзаменационный тест / частные охранники без огневой подготовки; Экзаменационный тест / частные охранники 5–6 разряды",
28.0,"Частные охранники 4,5,6 разрядов",5–6 разряд,1.28,Правовая подготовка,В отношении кого частным охранникам запрещается применять огнестрельное оружие? (5-6 разряд),Только в отношении детей.,"В отношении детей и граждан, имеющих документ, подтверждающий наличие инвалидности.","В отношении женщин, лиц с явными признаками инвалидности и несовершеннолетних, когда их возраст очевиден или известен охраннику.",3,"В отношении женщин, лиц с явными признаками инвалидности и несовершеннолетних, когда их возраст очевиден или известен охраннику.","Все вопросы / полный банк; Частные охранники / все вопросы; Частные охранники 4,5,6 разрядов / Правовая подготовка; Правовая подготовка / все вопросы; Частные охранники / 5 разряд; Частные охранники / 6 разряд; Право / применение физической силы, спецсредств и оружия; Право / оружие: выдача, хранение, ношение, ограничения; Экзаменационный тест / частные охранники без огневой подготовки; Экзаменационный тест / частные охранники 5–6 разряды",
29.0,"Частные охранники 4,5,6 разрядов",5–6 разряд,1.29,Правовая подготовка,"В каких случаях частному охраннику не запрещается применять огнестрельное оружие в отношении женщин, лиц с явными признаками инвалидности и несовершеннолетних, возраст которых охраннику очевиден или известен? (5-6 разряд)",В случае оказания ими группового сопротивления.,"В случае оказания указанными лицами вооруженного сопротивления, совершения вооруженного либо группового нападения, угрожающего жизни охранника или охраняемому имуществу.",В случае отказа выполнить требование охранника проследовать в помещение охраны.,2,"В случае оказания указанными лицами вооруженного сопротивления, совершения вооруженного либо группового нападения, угрожающего жизни охранника или охраняемому имуществу.","Все вопросы / полный банк; Частные охранники / все вопросы; Частные охранники 4,5,6 разрядов / Правовая подготовка; Правовая подготовка / все вопросы; Частные охранники / 5 разряд; Частные охранники / 6 разряд; Право / применение физической силы, спецсредств и оружия; Право / оружие: выдача, хранение, ношение, ограничения; Экзаменационный тест / частные охранники без огневой подготовки; Экзаменационный тест / частные охранники 5–6 разряды",
30.0,"Частные охранники 4,5,6 разрядов",4–6 разряд,1.30,Правовая подготовка,"В каких случаях охраннику дозволяется не предупреждать о намерении использовать физическую силу, специальные средства и огнестрельное оружие?",Когда может возникнуть угроза жизни и здоровью охраняемых граждан.,Когда промедление в применении специальных средств или огнестрельного оружия создает непосредственную опасность его жизни и здоровью или может повлечь за собой иные тяжкие последствия.,"Когда имеется угроза применения насилия, опасного для жизни охранника.",2,Когда промедление в применении специальных средств или огнестрельного оружия создает непосредственную опасность его жизни и здоровью или может повлечь за собой иные тяжкие последствия.,"Все вопросы / полный банк; Частные охранники / все вопросы; Частные охранники 4,5,6 разрядов / Правовая подготовка; Правовая подготовка / все вопросы; Частные охранники / 4 разряд; Частные охранники / 5 разряд; Частные охранники / 6 разряд; Право / применение физической силы, спецсредств и оружия; Право / оружие: выдача, хранение, ношение, ограничения; Экзаменационный тест / частные охранники без огневой подготовки; Экзаменационный тест / частные охранники 5–6 разряды",
31.0,"Частные охранники 4,5,6 разрядов",4–6 разряд,1.31,Правовая подготовка,"Действия по охране места происшествия, связанные с ограничением передвижения людей и транспортных средств, могут производиться частным охранником:","В силу соответствующего права, закрепленного в законодательстве, регулирующем частную охранную деятельность (для действий на месте совершения любого правонарушения).","В силу соответствующего права, закрепленного в законодательстве, регулирующем частную охранную деятельность (для действий на месте совершения тяжкого преступления).","При отсутствии права, закрепленного в законодательстве, регулирующем частную охранную деятельность (в условиях крайней необходимости, когда иным способом невозможно устранить опасность охраняемым законом интересам, а также сохранить следы преступления до прибытия сотрудников правоохранительных органов).",3,"При отсутствии права, закрепленного в законодательстве, регулирующем частную охранную деятельность (в условиях крайней необходимости, когда иным способом невозможно устранить опасность охраняемым законом интересам, а также сохранить следы преступления до прибытия сотрудников правоохранительных органов).","Все вопросы / полный банк; Частные охранники / все вопросы; Частные охранники 4,5,6 разрядов / Правовая подготовка; Правовая подготовка / все вопросы; Частные охранники / 4 разряд; Частные охранники / 5 разряд; Частные охранники / 6 разряд; Право / объектовый режим, имущество, место происшествия; Экзаменационный тест / частные охранники без огневой подготовки; Экзаменационный тест / частные охранники 5–6 разряды",
32.0,"Частные охранники 4,5,6 разрядов",4–6 разряд,1.32,Правовая подготовка,Действия по временному изъятию орудия преступления (до прибытия на место происшествия сотрудников правоохранительных органов) могут производиться частным охранником:,"При отсутствии права, закрепленного в законодательстве, регулирующем частную охранную деятельность (в условиях крайней необходимости, когда иным способом невозможно устранить опасность охраняемым законом интересам).","В силу соответствующего права, закрепленного в законодательстве, регулирующем частную охранную деятельность (в случае совершения любого преступления).","В силу соответствующего права, закрепленного в законодательстве, регулирующем частную охранную деятельность (в случае совершения тяжкого преступления).",1,"При отсутствии права, закрепленного в законодательстве, регулирующем частную охранную деятельность (в условиях крайней необходимости, когда иным способом невозможно устранить опасность охраняемым законом интересам).","Все вопросы / полный банк; Частные охранники / все вопросы; Частные охранники 4,5,6 разрядов / Правовая подготовка; Правовая подготовка / все вопросы; Частные охранники / 4 разряд; Частные охранники / 5 разряд; Частные охранники / 6 разряд; Право / объектовый режим, имущество, место происшествия; Экзаменационный тест / частные охранники без огневой подготовки; Экзаменационный тест / частные охранники 5–6 разряды",
33.0,"Частные охранники 4,5,6 разрядов",5–6 разряд,1.33,Правовая подготовка,"В случае признания частного охранника не прошедшим периодическую проверку на пригодность к действиям в условиях, связанных с применением огнестрельного оружия и специальных средств в связи с непрохождением проверки теоретических знаний или непрохождением проверки практических навыков или несоблюдением техники безопасности, установленной в месте проведения периодической проверки, либо в связи с неявкой на периодическую проверку: (5-6 разряд)","Частный охранник направляется на повторную периодическую проверку, личная карточка и удостоверение частного охранника изымаются.","Частный охранник направляется на повторную периодическую проверку, руководителю частной охранной организации направляется предписание о сдаче в подразделение лицензионно-разрешительной работы его разрешения на хранение и ношение огнестрельного оружия при исполнении служебных обязанностей.",Частный охранник направляется на повторную периодическую проверку.,3,Частный охранник направляется на повторную периодическую проверку.,"Все вопросы / полный банк; Частные охранники / все вопросы; Частные охранники 4,5,6 разрядов / Правовая подготовка; Правовая подготовка / все вопросы; Частные охранники / 5 разряд; Частные охранники / 6 разряд; Право / применение физической силы, спецсредств и оружия; Право / оружие: выдача, хранение, ношение, ограничения; Экзаменационный тест / частные охранники без огневой подготовки; Экзаменационный тест / частные охранники 5–6 разряды",
34.0,"Частные охранники 4,5,6 разрядов",4–6 разряд,1.34,Правовая подготовка,Согласно нормативным правовым актам Правительства Российской Федерации ношение специальных средств на каждом объекте охраны осуществляется:,В соответствии с должностной инструкцией частного охранника.,"В соответствии с Положением о пропускном и внутриобъектовом режимах, утвержденным Заказчиком охранных услуг.",В соответствии с инструкцией предприятия-производителя соответствующего специального средства.,1,В соответствии с должностной инструкцией частного охранника.,"Все вопросы / полный банк; Частные охранники / все вопросы; Частные охранники 4,5,6 разрядов / Правовая подготовка; Правовая подготовка / все вопросы; Частные охранники / 4 разряд; Частные охранники / 5 разряд; Частные охранники / 6 разряд; Право / применение физической силы, спецсредств и оружия; Право / оружие: выдача, хранение, ношение, ограничения; Право / объектовый режим, имущество, место происшествия; Экзаменационный тест / частные охранники без огневой подготовки; Экзаменационный тест / частные охранники 5–6 разряды",
35.0,"Частные охранники 4,5,6 разрядов",6 разряд,1.35,Правовая подготовка,"Из какого оружия выполняются упражнения по стрельбе при прохождении частными охранниками 6-го разряда периодической проверки на пригодность к действиям в условиях, связанных с применением огнестрельного оружия? (6 разряд)",Огнестрельное нарезное короткоствольное служебное оружие; огнестрельное служебное гладкоствольное длинноствольное оружие отечественного производства; гражданское огнестрельное оружие ограниченного поражения отечественного и зарубежного производства. 2 Огнестрельное нарезное короткоствольное служебное оружие; огнестрельное служебное гладкоствольное длинноствольное оружие отечественного производства; гражданское огнестрельное оружие ограниченного поражения отечественного производства.,,Только огнестрельное нарезное короткоствольное служебное оружие.,2,,"Все вопросы / полный банк; Частные охранники / все вопросы; Частные охранники 4,5,6 разрядов / Правовая подготовка; Правовая подготовка / все вопросы; Частные охранники / 6 разряд; Право / применение физической силы, спецсредств и оружия; Право / оружие: выдача, хранение, ношение, ограничения; Экзаменационный тест / частные охранники без огневой подготовки; Экзаменационный тест / частные охранники 5–6 разряды",
36.0,"Частные охранники 4,5,6 разрядов",4–6 разряд,1.36,Правовая подготовка,"На какой срок частный охранник признается непригодным к действиям в условиях, связанных с применением огнестрельного оружия и (или) специальных средств (в связи с непрохождением им повторной периодической проверки либо неявкой без уважительных причин на повторную периодическую проверку)?",На срок не более трех месяцев.,На срок не более шести месяцев.,До даты очередного прохождения периодической проверки.,3,До даты очередного прохождения периодической проверки.,"Все вопросы / полный банк; Частные охранники / все вопросы; Частные охранники 4,5,6 разрядов / Правовая подготовка; Правовая подготовка / все вопросы; Частные охранники / 4 разряд; Частные охранники / 5 разряд; Частные охранники / 6 разряд; Право / применение физической силы, спецсредств и оружия; Право / оружие: выдача, хранение, ношение, ограничения; Экзаменационный тест / частные охранники без огневой подготовки; Экзаменационный тест / частные охранники 5–6 разряды",
37.0,"Частные охранники 4,5,6 разрядов",4–6 разряд,1.37,Правовая подготовка,"В каких случаях ненадлежащее исполнение обязанностей лицом, которому была поручена охрана огнестрельного оружия, боеприпасов, взрывчатых веществ или взрывных устройств влечет уголовную ответственность:",Независимо от последствий неисполнения указанных обязанностей.,Если это повлекло их хищение или уничтожение либо наступление иных тяжких последствий.,Только в случае их хищения или уничтожения.,2,Если это повлекло их хищение или уничтожение либо наступление иных тяжких последствий.,"Все вопросы / полный банк; Частные охранники / все вопросы; Частные охранники 4,5,6 разрядов / Правовая подготовка; Правовая подготовка / все вопросы; Частные охранники / 4 разряд; Частные охранники / 5 разряд; Частные охранники / 6 разряд; Право / применение физической силы, спецсредств и оружия; Право / оружие: выдача, хранение, ношение, ограничения; Право / ответственность и санкции; Экзаменационный тест / частные охранники без огневой подготовки; Экзаменационный тест / частные охранники 5–6 разряды",
38.0,"Частные охранники 4,5,6 разрядов",4–6 разряд,1.38,Правовая подготовка,"В каких случаях небрежное хранение огнестрельного оружия, создавшее условия для его использования другим лицом, не влечет уголовную ответственность:",Если это не повлекло тяжких последствий.,Если это повлекло смерть человека или иные тяжкие последствия.,Если это повлекло смерть двух или более лиц.,1,Если это не повлекло тяжких последствий.,"Все вопросы / полный банк; Частные охранники / все вопросы; Частные охранники 4,5,6 разрядов / Правовая подготовка; Правовая подготовка / все вопросы; Частные охранники / 4 разряд; Частные охранники / 5 разряд; Частные охранники / 6 разряд; Право / применение физической силы, спецсредств и оружия; Право / оружие: выдача, хранение, ношение, ограничения; Право / ответственность и санкции; Экзаменационный тест / частные охранники без огневой подготовки; Экзаменационный тест / частные охранники 5–6 разряды",
39.0,"Частные охранники 4,5,6 разрядов",4–6 разряд,1.39,Правовая подготовка,Частные охранники имеют право применять физическую силу:,"В случаях, если Законом Российской Федерации «О частной детективной и охранной деятельности в Российской Федерации» им разрешено применение специальных средств или огнестрельного оружия.","Только в случаях, если Законом Российской Федерации «О частной детективной и охранной деятельности в Российской Федерации» им разрешено применение специальных средств.","Только в случаях, если Законом Российской Федерации «О частной детективной и охранной деятельности в Российской Федерации» им разрешено применение огнестрельного оружия.",1,"В случаях, если Законом Российской Федерации «О частной детективной и охранной деятельности в Российской Федерации» им разрешено применение специальных средств или огнестрельного оружия.","Все вопросы / полный банк; Частные охранники / все вопросы; Частные охранники 4,5,6 разрядов / Правовая подготовка; Правовая подготовка / все вопросы; Частные охранники / 4 разряд; Частные охранники / 5 разряд; Частные охранники / 6 разряд; Право / применение физической силы, спецсредств и оружия; Экзаменационный тест / частные охранники без огневой подготовки; Экзаменационный тест / частные охранники 5–6 разряды",
40.0,"Частные охранники 4,5,6 разрядов",4–6 разряд,1.40,Правовая подготовка,Согласно Типовым упражнениям практического применения специальных средств при выполнении упражнения «Применение наручников» снятие наручников производится:,"В пределах времени, установленного для выполнения упражнения (25 секунд).","За пределами времени, установленного для выполнения упражнения (после завершения надевания наручников, доклада проверяемого «Наручники надеты» и проверки правильности надевания наручников проверяющим).","В пределах времени, установленного для выполнения упражнения или за его пределами (по усмотрению проверяющего).",2,"За пределами времени, установленного для выполнения упражнения (после завершения надевания наручников, доклада проверяемого «Наручники надеты» и проверки правильности надевания наручников проверяющим).","Все вопросы / полный банк; Частные охранники / все вопросы; Частные охранники 4,5,6 разрядов / Правовая подготовка; Правовая подготовка / все вопросы; Частные охранники / 4 разряд; Частные охранники / 5 разряд; Частные охранники / 6 разряд; Право / применение физической силы, спецсредств и оружия; Экзаменационный тест / частные охранники без огневой подготовки; Экзаменационный тест / частные охранники 5–6 разряды",
41.0,"Частные охранники 4,5,6 разрядов",4–6 разряд,1.41,Правовая подготовка,Согласно Типовым упражнениям практического применения специальных средств положительным результатом при выполнении упражнения «Применение наручников» признается:,Правильное надевание наручников (независимо от установленного времени).,"Правильное надевание наручников в пределах установленного времени (независимо от того, смог ли проверяемый снять наручники).",Правильное надевание наручников в пределах установленного времени и последующее их снятие.,3,Правильное надевание наручников в пределах установленного времени и последующее их снятие.,"Все вопросы / полный банк; Частные охранники / все вопросы; Частные охранники 4,5,6 разрядов / Правовая подготовка; Правовая подготовка / все вопросы; Частные охранники / 4 разряд; Частные охранники / 5 разряд; Частные охранники / 6 разряд; Право / применение физической силы, спецсредств и оружия; Экзаменационный тест / частные охранники без огневой подготовки; Экзаменационный тест / частные охранники 5–6 разряды",
42.0,"Частные охранники 4,5,6 разрядов",6 разряд,1.42,Правовая подготовка,"Плановая периодическая проверка на пригодность к действиям в условиях, связанных с применением огнестрельного оружия и специальных средств для охранников 6 разряда проводится: (6 разряд)","Один раз в два года в течение месяца, предшествующего дате прохождения последней периодической проверки.","Один раз в год в течение месяца, предшествующего дате прохождения последней периодической проверки.","Один раз в год в течение месяца, предшествующего дате выдачи разрешения на хранение и ношение огнестрельного оружия, в том числе в порядке продления срока действия указанного разрешения.",2,"Один раз в год в течение месяца, предшествующего дате прохождения последней периодической проверки.","Все вопросы / полный банк; Частные охранники / все вопросы; Частные охранники 4,5,6 разрядов / Правовая подготовка; Правовая подготовка / все вопросы; Частные охранники / 6 разряд; Право / применение физической силы, спецсредств и оружия; Право / оружие: выдача, хранение, ношение, ограничения; Экзаменационный тест / частные охранники без огневой подготовки; Экзаменационный тест / частные охранники 5–6 разряды",
43.0,"Частные охранники 4,5,6 разрядов",4–6 разряд,1.43,Правовая подготовка,"При прибытии частного охранника на периодическую проверку без документа, удостоверяющий личность гражданина Российской Федерации на территории Российской Федерации, удостоверения частного охранника и оригинала или заверенной печатью (штампом) ЧОО либо подписью уполномоченного лица ЧОО копии уведомления о проверке комиссией принимается решение о переносе даты периодической проверки:",На срок не более 14 календарных дней с учетом графика работы комиссии с возможностью изменения места проведения периодической проверки; в случае повторного в течение 1 года непредставления названных документов частный охранник признается не явившимся на периодическую проверку.,На срок не более 14 календарных дней с учетом графика работы комиссии без изменения места проведения периодической проверки; в случае повторного в течение 1 года непредставления названных документов частный охранник признается не явившимся на периодическую проверку.,На срок не более 30 календарных дней с учетом графика работы комиссии без изменения места проведения периодической проверки; количество случаев переноса даты периодической проверки не ограничено.,2,На срок не более 14 календарных дней с учетом графика работы комиссии без изменения места проведения периодической проверки; в случае повторного в течение 1 года непредставления названных документов частный охранник признается не явившимся на периодическую проверку.,"Все вопросы / полный банк; Частные охранники / все вопросы; Частные охранники 4,5,6 разрядов / Правовая подготовка; Правовая подготовка / все вопросы; Частные охранники / 4 разряд; Частные охранники / 5 разряд; Частные охранники / 6 разряд; Право / уведомления и действия после инцидента; Экзаменационный тест / частные охранники без огневой подготовки; Экзаменационный тест / частные охранники 5–6 разряды",
44.0,"Частные охранники 4,5,6 разрядов",4–6 разряд,1.44,Правовая подготовка,Согласно Типовым упражнениям практического применения специальных средств наручники считаются надетыми правильно:,Если в надетом состоянии наручники не могут проворачиваться на конечности.,Если в надетом состоянии наручники свободно проворачиваются (каких-либо требований о надежности фиксации конечности не предъявляется).,Если в надетом состоянии наручники свободно проворачиваются и надежно фиксируют конечность.,3,Если в надетом состоянии наручники свободно проворачиваются и надежно фиксируют конечность.,"Все вопросы / полный банк; Частные охранники / все вопросы; Частные охранники 4,5,6 разрядов / Правовая подготовка; Правовая подготовка / все вопросы; Частные охранники / 4 разряд; Частные охранники / 5 разряд; Частные охранники / 6 разряд; Право / применение физической силы, спецсредств и оружия; Экзаменационный тест / частные охранники без огневой подготовки; Экзаменационный тест / частные охранники 5–6 разряды",
45.0,"Частные охранники 4,5,6 разрядов",6 разряд,1.45,Правовая подготовка,"Согласно Перечню видов вооружения охранников, утвержденному Правительством РФ, огнестрельное гладкоствольное длинноствольное оружие отечественного производства включено в указанный перечень: (6 разряд)",Только как сертифицированное в установленном порядке в качестве гражданского оружия.,Только как сертифицированное в установленном порядке в качестве служебного оружия.,"Как сертифицированное в установленном порядке в качестве гражданского оружия, и как сертифицированное в установленном порядке в качестве служебного оружия.",2,Только как сертифицированное в установленном порядке в качестве служебного оружия.,"Все вопросы / полный банк; Частные охранники / все вопросы; Частные охранники 4,5,6 разрядов / Правовая подготовка; Правовая подготовка / все вопросы; Частные охранники / 6 разряд; Право / применение физической силы, спецсредств и оружия; Право / оружие: выдача, хранение, ношение, ограничения; Экзаменационный тест / частные охранники без огневой подготовки; Экзаменационный тест / частные охранники 5–6 разряды",
46.0,"Частные охранники 4,5,6 разрядов",4–6 разряд,1.46,Правовая подготовка,"В соответствии с Федеральным законом «Об оружии», одним из условий выдачи оружия работникам юридических лиц с особыми уставными задачами (к которым относятся, в том числе, частные охранники) является:","Отсутствие у них оснований, препятствующих получению лицензии на приобретение гражданского оружия.","Отсутствие у них оснований, препятствующих допуску к работам с вредными, тяжелыми или опасными условиями труда.",Наличие у них документа об обучении по программе подготовки лиц в целях изучения правил безопасного обращения с оружием и приобретения навыков безопасного обращения с оружием.,1,"Отсутствие у них оснований, препятствующих получению лицензии на приобретение гражданского оружия.","Все вопросы / полный банк; Частные охранники / все вопросы; Частные охранники 4,5,6 разрядов / Правовая подготовка; Правовая подготовка / все вопросы; Частные охранники / 4 разряд; Частные охранники / 5 разряд; Частные охранники / 6 разряд; Право / оружие: выдача, хранение, ношение, ограничения; Экзаменационный тест / частные охранники без огневой подготовки; Экзаменационный тест / частные охранники 5–6 разряды",
47.0,"Частные охранники 4,5,6 разрядов",4–6 разряд,1.47,Правовая подготовка,"В соответствии с положениями Федерального закона «Об оружии», выдача оружия работникам юридических лиц с особыми уставными задачами (к которым относятся, в том числе, частные охранники) не может осуществляться, если они относятся к гражданам:",Хотя бы один раз осужденным за совершение любого преступления.,Два и более раза осужденным за совершение преступления.,Когда-либо ранее находившимся под следствием по уголовному делу (независимо от результата рассмотрения дела).,2,Два и более раза осужденным за совершение преступления.,"Все вопросы / полный банк; Частные охранники / все вопросы; Частные охранники 4,5,6 разрядов / Правовая подготовка; Правовая подготовка / все вопросы; Частные охранники / 4 разряд; Частные охранники / 5 разряд; Частные охранники / 6 разряд; Право / оружие: выдача, хранение, ношение, ограничения; Экзаменационный тест / частные охранники без огневой подготовки; Экзаменационный тест / частные охранники 5–6 разряды",
48.0,"Частные охранники 4,5,6 разрядов",4–6 разряд,1.48,Правовая подготовка,"В соответствии с положениями Федерального закона «Об оружии», не предусмотрено ограничение на выдачу оружия работникам юридических лиц с особыми уставными задачами (к которым относятся, в том числе, частные охранники), если они относятся к гражданам, имеющим снятую или погашенную судимость:","За умышленное преступление, связанное с незаконным оборотом оружия и патронов к нему, боеприпасов, взрывчатых веществ или взрывных устройств.","За умышленное преступление, совершенное с применением насилия в отношении несовершеннолетнего (несовершеннолетней).","За умышленное преступление в сфере компьютерной информации, относящееся к преступлениям небольшой или средней тяжести.",3,"За умышленное преступление в сфере компьютерной информации, относящееся к преступлениям небольшой или средней тяжести.","Все вопросы / полный банк; Частные охранники / все вопросы; Частные охранники 4,5,6 разрядов / Правовая подготовка; Правовая подготовка / все вопросы; Частные охранники / 4 разряд; Частные охранники / 5 разряд; Частные охранники / 6 разряд; Право / оружие: выдача, хранение, ношение, ограничения; Право / ответственность и санкции; Экзаменационный тест / частные охранники без огневой подготовки; Экзаменационный тест / частные охранники 5–6 разряды",
49.0,"Частные охранники 4,5,6 разрядов",4–6 разряд,1.49,Правовая подготовка,"В соответствии с положениями Федерального закона «Об оружии», не предусмотрено ограничение на выдачу оружия работникам юридических лиц с особыми уставными задачами (к которым относятся, в том числе, частные охранники), если они относятся к гражданам, имеющим снятую или погашенную судимость:","За преступление небольшой или средней тяжести, выразившееся в нарушении правил дорожного движения и эксплуатации транспортных средств.","За преступление террористического характера и (или) экстремистской направленности, а также за преступление, совершенное в целях пропаганды, оправдания и поддержки терроризма.","За тяжкое или особо тяжкое преступление, а также за умышленное преступление средней тяжести, совершенное с применением (использованием) оружия, предметов, используемых в качестве оружия, боеприпасов, взрывчатых веществ, взрывных или имитирующих их устройств, специально изготовленных технических средств, наркотических средств, психотропных, сильнодействующих, ядовитых и радиоактивных веществ, лекарственных и иных химико-фармакологических препаратов.",1,"За преступление небольшой или средней тяжести, выразившееся в нарушении правил дорожного движения и эксплуатации транспортных средств.","Все вопросы / полный банк; Частные охранники / все вопросы; Частные охранники 4,5,6 разрядов / Правовая подготовка; Правовая подготовка / все вопросы; Частные охранники / 4 разряд; Частные охранники / 5 разряд; Частные охранники / 6 разряд; Право / оружие: выдача, хранение, ношение, ограничения; Право / ответственность и санкции; Экзаменационный тест / частные охранники без огневой подготовки; Экзаменационный тест / частные охранники 5–6 разряды",
50.0,"Частные охранники 4,5,6 разрядов",4–6 разряд,1.50,Правовая подготовка,"В соответствии с положениями Федерального закона «Об оружии», выдача оружия работникам юридических лиц с особыми уставными задачами (к которым относятся, в том числе, частные охранники) не может осуществляться, если они относятся к гражданам, привлеченным к административной ответственности за совершение административного правонарушения, предусматривающего административный арест в качестве одного из видов административного наказания, а также привлеченным к административной ответственности за потребление наркотических средств или психотропных веществ без назначения врача либо новых потенциально опасных психоактивных веществ, за управление транспортным средством в состоянии опьянения либо передачу управления транспортным средством лицу, находящемуся в состоянии опьянения, либо невыполнение водителем транспортного средства законного требования уполномоченного должностного лица о прохождении медицинского освидетельствования на состояние опьянения, либо невыполнение законного требования уполномоченного должностного лица о прохождении медицинского освидетельствования на состояние опьянения гражданином, в отношении которого имеются достаточные основания полагать, что он потребил наркотические средства или психотропные вещества без назначения врача либо новые потенциально опасные психоактивные вещества:","До истечения одного года со дня окончания срока, в течение которого лицо считается подвергнутым административному наказанию.","До истечения шести месяцев со дня окончания срока, в течение которого лицо считается подвергнутым административному наказанию.","До окончания срока, в течение которого лицо считается подвергнутым административному наказанию.",1,"До истечения одного года со дня окончания срока, в течение которого лицо считается подвергнутым административному наказанию.","Все вопросы / полный банк; Частные охранники / все вопросы; Частные охранники 4,5,6 разрядов / Правовая подготовка; Правовая подготовка / все вопросы; Частные охранники / 4 разряд; Частные охранники / 5 разряд; Частные охранники / 6 разряд; Право / оружие: выдача, хранение, ношение, ограничения; Право / ответственность и санкции; Право / объектовый режим, имущество, место происшествия; Экзаменационный тест / частные охранники без огневой подготовки; Экзаменационный тест / частные охранники 5–6 разряды",
51.0,"Частные охранники 4,5,6 разрядов",4–6 разряд,1.51,Правовая подготовка,"В соответствии с положениями Федерального закона «Об оружии», не предусмотрено ограничение на выдачу оружия работникам юридических лиц с особыми уставными задачами (к которым относятся, в том числе, частные охранники), если они относятся к гражданам:","Освобожденным судом от уголовной ответственности за совершение умышленного преступления с назначением судебного штрафа либо по основаниям, не дающим права на реабилитацию в соответствии с уголовно-процессуальным законодательством Российской Федерации, - до истечения двух лет со дня вступления в законную силу соответствующего решения суда.","Освобожденным судом от уголовной ответственности за совершение умышленного преступления по основаниям, дающим право на реабилитацию в соответствии с уголовно-процессуальным законодательством Российской Федерации.","В отношении которых по результатам проверки, проведенной органами внутренних дел и (или) органами федеральной службы безопасности, имеется заключение о наличии опасности нарушения прав и свобод граждан, угрозы государственной или общественной безопасности.",2,"Освобожденным судом от уголовной ответственности за совершение умышленного преступления по основаниям, дающим право на реабилитацию в соответствии с уголовно-процессуальным законодательством Российской Федерации.","Все вопросы / полный банк; Частные охранники / все вопросы; Частные охранники 4,5,6 разрядов / Правовая подготовка; Правовая подготовка / все вопросы; Частные охранники / 4 разряд; Частные охранники / 5 разряд; Частные охранники / 6 разряд; Право / оружие: выдача, хранение, ношение, ограничения; Экзаменационный тест / частные охранники без огневой подготовки; Экзаменационный тест / частные охранники 5–6 разряды",
52.0,"Частные охранники 4,5,6 разрядов",4–6 разряд,2.1,Тактико-специальная подготовка,"Охранник, находящийся на посту в офисном помещении, услышал звуки выстрелов в соседней комнате. Какой из вариантов действий ему следует избрать?","Открыть дверь и войти в соседнюю комнату, чтобы оценить обстановку.","Укрыться и, не производя других действий, ждать развития ситуации.","Принять меры к оповещению правоохранительных органов, приготовить к применению имеющееся оружие (специальные средства), и далее используя обстановку офиса для укрытия, выяснить причину стрельбы.",3,"Принять меры к оповещению правоохранительных органов, приготовить к применению имеющееся оружие (специальные средства), и далее используя обстановку офиса для укрытия, выяснить причину стрельбы.","Все вопросы / полный банк; Частные охранники / все вопросы; Частные охранники 4,5,6 разрядов / Тактико-специальная подготовка; Тактико-специальная подготовка / все вопросы; Частные охранники / 4 разряд; Частные охранники / 5 разряд; Частные охранники / 6 разряд; Тактика / действия на посту и при угрозах; Тактика / огневой контакт, нападение, выбор укрытия; Экзаменационный тест / частные охранники без огневой подготовки; Экзаменационный тест / частные охранники 5–6 разряды",
53.0,"Частные охранники 4,5,6 разрядов",5–6 разряд,2.2,Тактико-специальная подготовка,На охраняемом объекте у одного из двух вооруженных охранников случился сердечный приступ. Какие действия второго охранника будут оптимальными: (5-6 разряд),"Вызвать «скорую помощь», сообщить о случившемся дежурному охранного предприятия; в случае госпитализации заболевшего, не забирая у него оружие, продолжить исполнение должностных обязанностей.","Вызвать «скорую помощь», сообщить о случившемся дежурному охранного предприятия; в случае госпитализации заболевшего забрать у него оружие (убрать его в сейф либо держать при себе) и по прибытии лица, ответственного за сохранность оружия в предприятии, передать ему оружие.","Сообщить о случившемся дежурному охранного предприятия, дождаться замены охранника, после чего вызвать «скорую помощь».",2,"Вызвать «скорую помощь», сообщить о случившемся дежурному охранного предприятия; в случае госпитализации заболевшего забрать у него оружие (убрать его в сейф либо держать при себе) и по прибытии лица, ответственного за сохранность оружия в предприятии, передать ему оружие.","Все вопросы / полный банк; Частные охранники / все вопросы; Частные охранники 4,5,6 разрядов / Тактико-специальная подготовка; Тактико-специальная подготовка / все вопросы; Частные охранники / 5 разряд; Частные охранники / 6 разряд; Тактика / действия на посту и при угрозах; Тактика / огневой контакт, нападение, выбор укрытия; Экзаменационный тест / частные охранники без огневой подготовки; Экзаменационный тест / частные охранники 5–6 разряды",
54.0,"Частные охранники 4,5,6 разрядов",4–6 разряд,2.3,Тактико-специальная подготовка,"Какие действия охранника, вынужденного передвигаться под огнем противника, не помогают избежать поражения противником:","Передвигаться, каждые 3-5 секунд производя выстрелы в направлении противника (если охранник вооружен и противник виден охраннику).","Передвигаться кратчайшим путем, не меняя направление движения.","Передвигаться, каждые 3-5 секунд укрываясь за имеющимися укрытиями; при отсутствии укрытий - каждые 3-5 секунд резко менять направление движения.",2,"Передвигаться кратчайшим путем, не меняя направление движения.","Все вопросы / полный банк; Частные охранники / все вопросы; Частные охранники 4,5,6 разрядов / Тактико-специальная подготовка; Тактико-специальная подготовка / все вопросы; Частные охранники / 4 разряд; Частные охранники / 5 разряд; Частные охранники / 6 разряд; Тактика / действия на посту и при угрозах; Тактика / огневой контакт, нападение, выбор укрытия; Экзаменационный тест / частные охранники без огневой подготовки; Экзаменационный тест / частные охранники 5–6 разряды",
55.0,"Частные охранники 4,5,6 разрядов",6 разряд,2.4,Тактико-специальная подготовка,"Охранник был вынужден вступить в огневой контакт с преступником, вооруженным АК-47 на открытой местности. Непосредственно около охранника находилось отдельно стоящее дерево диаметром 30 см, в пяти метрах справа - пригорок высотой 1,5 метра, а в двадцати шагах сзади охранника - каменное здание. Какой из нижеуказанных вариантов выбора укрытия и поведения охранника наиболее безопасен? (6 разряд)",Переместиться за дерево и отслеживать действия противника.,Переместиться к каменному зданию и занять удобную позицию.,Переместиться за пригорок и отслеживать действия противника.,3,Переместиться за пригорок и отслеживать действия противника.,"Все вопросы / полный банк; Частные охранники / все вопросы; Частные охранники 4,5,6 разрядов / Тактико-специальная подготовка; Тактико-специальная подготовка / все вопросы; Частные охранники / 6 разряд; Тактика / действия на посту и при угрозах; Тактика / огневой контакт, нападение, выбор укрытия; Экзаменационный тест / частные охранники без огневой подготовки; Экзаменационный тест / частные охранники 5–6 разряды",
56.0,"Частные охранники 4,5,6 разрядов",6 разряд,2.5,Тактико-специальная подготовка,Охранник со служебным гладкоствольным длинноствольным ружьем охранял дом в дачном поселке. Произошло нападение трех вооруженных преступников. Предупредительный огонь не помог. Какой из типов ведения огня следует выбрать охраннику? (6 разряд),Заградительный.,Направляющий.,«На поражение».,3,«На поражение».,"Все вопросы / полный банк; Частные охранники / все вопросы; Частные охранники 4,5,6 разрядов / Тактико-специальная подготовка; Тактико-специальная подготовка / все вопросы; Частные охранники / 6 разряд; Тактика / действия на посту и при угрозах; Тактика / огневой контакт, нападение, выбор укрытия; Экзаменационный тест / частные охранники без огневой подготовки; Экзаменационный тест / частные охранники 5–6 разряды",
57.0,"Частные охранники 4,5,6 разрядов",4–6 разряд,3.1,Первая помощь,"Каково содержание информации, сообщаемой при вызове скорой медицинской помощи?","Сообщить, кто вызывает, телефон вызывающего, что случилось, кто пострадал/заболел (пол, возраст), адрес с указанием подъездного пути, дома, подъезда, этажа, кода на входной двери.","Сообщить, что случилось, кто вызывает, телефон вызывающего, кто пострадал/заболел (пол, возраст), адрес с указанием подъездного пути, дома, подъезда, этажа, кода на входной двери.","Сообщить, что случилось, кто пострадал/заболел (пол, возраст), адрес с указанием подъездных путей, дома, подъезда, этажа, кода на входной двери, кто вызывает, телефон вызывающего.",3,"Сообщить, что случилось, кто пострадал/заболел (пол, возраст), адрес с указанием подъездных путей, дома, подъезда, этажа, кода на входной двери, кто вызывает, телефон вызывающего.","Все вопросы / полный банк; Частные охранники / все вопросы; Частные охранники 4,5,6 разрядов / Первая помощь; Первая помощь / все вопросы; Частные охранники / 4 разряд; Частные охранники / 5 разряд; Частные охранники / 6 разряд; Первая помощь / вызов помощи, безопасность, порядок действий; Экзаменационный тест / частные охранники без огневой подготовки; Экзаменационный тест / частные охранники 5–6 разряды",
58.0,"Частные охранники 4,5,6 разрядов",4–6 разряд,3.2,Первая помощь,"Каков порядок действий при встрече медицинских работников, прибывающих по вызову?","Ожидать встречи «Скорой помощи» на месте происшествия, объясняя по телефону диспетчеру «03», как поехать к месту происшествия.","Направить кого-нибудь встречать «Скорую помощь», самому ожидать у места происшествия и оказывать первую помощь.","Направить кого-нибудь встречать «Скорую помощь», при сложном маршруте обозначить его дополнительными опознавательными знаками, самому ожидать у места происшествия и оказывать первую помощь.",3,"Направить кого-нибудь встречать «Скорую помощь», при сложном маршруте обозначить его дополнительными опознавательными знаками, самому ожидать у места происшествия и оказывать первую помощь.","Все вопросы / полный банк; Частные охранники / все вопросы; Частные охранники 4,5,6 разрядов / Первая помощь; Первая помощь / все вопросы; Частные охранники / 4 разряд; Частные охранники / 5 разряд; Частные охранники / 6 разряд; Первая помощь / вызов помощи, безопасность, порядок действий; Экзаменационный тест / частные охранники без огневой подготовки; Экзаменационный тест / частные охранники 5–6 разряды",
59.0,"Частные охранники 4,5,6 разрядов",4–6 разряд,3.3,Первая помощь,Входят ли в состав аптечки первой помощи медицинские препараты?,"Входят медицинские препараты, отпускаемые в аптеках без рецепта (йод, нашатырный спирт, валидол, нитроглицерин и т.п.).",Не входят.,"Входят медицинские препараты, отпускаемые в аптеках без рецепта (йод, нашатырный спирт, валидол, нитроглицерин и т.п.), а также препараты для проведения комплексной противошоковой терапии (кордиамин, дексаметазон, кеторолака трометамин или баралгин и т.п.).",2,Не входят.,"Все вопросы / полный банк; Частные охранники / все вопросы; Частные охранники 4,5,6 разрядов / Первая помощь; Первая помощь / все вопросы; Частные охранники / 4 разряд; Частные охранники / 5 разряд; Частные охранники / 6 разряд; Экзаменационный тест / частные охранники без огневой подготовки; Экзаменационный тест / частные охранники 5–6 разряды",
60.0,"Частные охранники 4,5,6 разрядов",4–6 разряд,3.4,Первая помощь,Какие из мероприятий по оценке обстановки и обеспечению безопасных условий для оказания первой помощи совершаются в порядке осмотра места происшествия?,Определение угрожающих факторов для собственной жизни и здоровья; определение угрожающих факторов для жизни и здоровья пострадавшего; оценка количества пострадавших.,Устранение угрожающих факторов для жизни и здоровья; прекращение действия повреждающих факторов на пострадавшего.,Придание правильного транспортного положения и организация транспортировки пострадавшего.,1,Определение угрожающих факторов для собственной жизни и здоровья; определение угрожающих факторов для жизни и здоровья пострадавшего; оценка количества пострадавших.,"Все вопросы / полный банк; Частные охранники / все вопросы; Частные охранники 4,5,6 разрядов / Первая помощь; Первая помощь / все вопросы; Частные охранники / 4 разряд; Частные охранники / 5 разряд; Частные охранники / 6 разряд; Первая помощь / вызов помощи, безопасность, порядок действий; Экзаменационный тест / частные охранники без огневой подготовки; Экзаменационный тест / частные охранники 5–6 разряды",
61.0,"Частные охранники 4,5,6 разрядов",4–6 разряд,3.5,Первая помощь,Первым действием (первым этапом) при оказании первой помощи является:,Предотвращение возможных осложнений.,Прекращение воздействия травмирующего фактора.,"Правильная транспортировка пострадавшего (производимая с учетом обстановки на месте происшествия, состояния и характера повреждений пострадавшего).",2,Прекращение воздействия травмирующего фактора.,"Все вопросы / полный банк; Частные охранники / все вопросы; Частные охранники 4,5,6 разрядов / Первая помощь; Первая помощь / все вопросы; Частные охранники / 4 разряд; Частные охранники / 5 разряд; Частные охранники / 6 разряд; Первая помощь / вызов помощи, безопасность, порядок действий; Экзаменационный тест / частные охранники без огневой подготовки; Экзаменационный тест / частные охранники 5–6 разряды",
62.0,"Частные охранники 4,5,6 разрядов",4–6 разряд,3.6,Первая помощь,Вторым действием (вторым этапом) при оказании первой помощи является:,"Устранение состояния, угрожающего жизни и здоровью пострадавшего.","Правильная транспортировка пострадавшего (производимая с учетом обстановки на месте происшествия, состояния и характера повреждений пострадавшего).",Предотвращение возможных осложнений.,1,"Устранение состояния, угрожающего жизни и здоровью пострадавшего.","Все вопросы / полный банк; Частные охранники / все вопросы; Частные охранники 4,5,6 разрядов / Первая помощь; Первая помощь / все вопросы; Частные охранники / 4 разряд; Частные охранники / 5 разряд; Частные охранники / 6 разряд; Первая помощь / вызов помощи, безопасность, порядок действий; Экзаменационный тест / частные охранники без огневой подготовки; Экзаменационный тест / частные охранники 5–6 разряды",
63.0,"Частные охранники 4,5,6 разрядов",4–6 разряд,3.7,Первая помощь,Третьим действием (третьим этапом) при оказании первой помощи является:,Прекращение воздействия травмирующего фактора.,Предотвращение возможных осложнений.,"Правильная транспортировка пострадавшего (производимая с учетом обстановки на месте происшествия, состояния и характера повреждений пострадавшего).",3,"Правильная транспортировка пострадавшего (производимая с учетом обстановки на месте происшествия, состояния и характера повреждений пострадавшего).","Все вопросы / полный банк; Частные охранники / все вопросы; Частные охранники 4,5,6 разрядов / Первая помощь; Первая помощь / все вопросы; Частные охранники / 4 разряд; Частные охранники / 5 разряд; Частные охранники / 6 разряд; Первая помощь / вызов помощи, безопасность, порядок действий; Экзаменационный тест / частные охранники без огневой подготовки; Экзаменационный тест / частные охранники 5–6 разряды",
64.0,"Частные охранники 4,5,6 разрядов",4–6 разряд,3.8,Первая помощь,"Какие действия, предусмотренные в составе первой помощи, завершают ее оказание?",Передача пострадавшего бригаде скорой медицинской помощи.,Проведение мероприятий первичной медико-санитарной помощи.,Проведение мероприятий специализированной медицинской помощи.,1,Передача пострадавшего бригаде скорой медицинской помощи.,"Все вопросы / полный банк; Частные охранники / все вопросы; Частные охранники 4,5,6 разрядов / Первая помощь; Первая помощь / все вопросы; Частные охранники / 4 разряд; Частные охранники / 5 разряд; Частные охранники / 6 разряд; Экзаменационный тест / частные охранники без огневой подготовки; Экзаменационный тест / частные охранники 5–6 разряды",
65.0,"Частные охранники 4,5,6 разрядов",4–6 разряд,3.9,Первая помощь,"Если пострадавший находится без сознания, в какое положение до прибытия скорой помощи он должен быть переведен?",В положении на спине.,В устойчивое боковое положение.,В положении полусидя.,2,В устойчивое боковое положение.,"Все вопросы / полный банк; Частные охранники / все вопросы; Частные охранники 4,5,6 разрядов / Первая помощь; Первая помощь / все вопросы; Частные охранники / 4 разряд; Частные охранники / 5 разряд; Частные охранники / 6 разряд; Первая помощь / вызов помощи, безопасность, порядок действий; Первая помощь / СЛР, ИВЛ и критические состояния; Экзаменационный тест / частные охранники без огневой подготовки; Экзаменационный тест / частные охранники 5–6 разряды",
66.0,"Частные охранники 4,5,6 разрядов",4–6 разряд,3.10,Первая помощь,"Если пострадавший находится в сознании и задыхается, или у него имеется ранение грудной клетки, в какое положение до прибытия скорой помощи он должен быть переведен?",В положении на спине.,В устойчивое боковое положение.,В положении полусидя.,3,В положении полусидя.,"Все вопросы / полный банк; Частные охранники / все вопросы; Частные охранники 4,5,6 разрядов / Первая помощь; Первая помощь / все вопросы; Частные охранники / 4 разряд; Частные охранники / 5 разряд; Частные охранники / 6 разряд; Первая помощь / вызов помощи, безопасность, порядок действий; Первая помощь / кровотечения, ранения, жгуты и повязки; Первая помощь / СЛР, ИВЛ и критические состояния; Экзаменационный тест / частные охранники без огневой подготовки; Экзаменационный тест / частные охранники 5–6 разряды",
67.0,"Частные охранники 4,5,6 разрядов",4–6 разряд,3.11,Первая помощь,"Что надо делать в случае, если у пострадавшего развился приступ эпилепсии (судорожный приступ)?","Удерживать пострадавшего за руки и ноги, для предотвращения укуса языка и его западения ввести в рот ложку, по окончанию приступа перевести в устойчивое боковое положение.","Придерживать пострадавшего за голову, не давая ее разбить, по окончанию приступа перевести в устойчивое боковое положение.","Расслабить (расстегнуть) стягивающую одежду, убрать предметы, которые могут травмировать пострадавшего, подложить под голову мягкий, плоский предмет (например, подушку или свернутую одежду), зафиксировать время начала и конца приступа, по окончанию приступа перевести в устойчивое боковое положение.",3,"Расслабить (расстегнуть) стягивающую одежду, убрать предметы, которые могут травмировать пострадавшего, подложить под голову мягкий, плоский предмет (например, подушку или свернутую одежду), зафиксировать время начала и конца приступа, по окончанию приступа перевести в устойчивое боковое положение.","Все вопросы / полный банк; Частные охранники / все вопросы; Частные охранники 4,5,6 разрядов / Первая помощь; Первая помощь / все вопросы; Частные охранники / 4 разряд; Частные охранники / 5 разряд; Частные охранники / 6 разряд; Первая помощь / СЛР, ИВЛ и критические состояния; Экзаменационный тест / частные охранники без огневой подготовки; Экзаменационный тест / частные охранники 5–6 разряды",
68.0,"Частные охранники 4,5,6 разрядов",4–6 разряд,3.12,Первая помощь,"Правильная транспортировка пострадавшего, находящегося без сознания (за исключением случаев, когда в связи с подозрением на травму позвоночника менять положение тела не рекомендуется) производится:",В положении на спине.,В положении на боку.,В положении с приподнятыми нижними конечностями.,2,В положении на боку.,"Все вопросы / полный банк; Частные охранники / все вопросы; Частные охранники 4,5,6 разрядов / Первая помощь; Первая помощь / все вопросы; Частные охранники / 4 разряд; Частные охранники / 5 разряд; Частные охранники / 6 разряд; Первая помощь / кровотечения, ранения, жгуты и повязки; Первая помощь / СЛР, ИВЛ и критические состояния; Первая помощь / травмы, переломы, ожоги, отравления; Экзаменационный тест / частные охранники без огневой подготовки; Экзаменационный тест / частные охранники 5–6 разряды",
69.0,"Частные охранники 4,5,6 разрядов",4–6 разряд,3.13,Первая помощь,Способы временной остановки кровотечения:,"Частичное сгибание конечности, наложение пластыря, наложение давящей повязки.","Пальцевое прижатие, максимальное сгибание конечности, наложение жгута (закрутки), наложение давящей повязки.","Придание возвышенного положения конечности, наложение асептической повязки.",2,"Пальцевое прижатие, максимальное сгибание конечности, наложение жгута (закрутки), наложение давящей повязки.","Все вопросы / полный банк; Частные охранники / все вопросы; Частные охранники 4,5,6 разрядов / Первая помощь; Первая помощь / все вопросы; Частные охранники / 4 разряд; Частные охранники / 5 разряд; Частные охранники / 6 разряд; Первая помощь / кровотечения, ранения, жгуты и повязки; Экзаменационный тест / частные охранники без огневой подготовки; Экзаменационный тест / частные охранники 5–6 разряды",
70.0,"Частные охранники 4,5,6 разрядов",4–6 разряд,3.14,Первая помощь,Какова правильная последовательность действий при остановке артериального кровотечения?,"Накладывается жгут (скрутка, ремень), накладывается чистая повязка, указывается время наложения жгута.","Проводится пальцевая остановка кровотечения, накладывается жгут (скрутка, ремень), накладывается чистая повязка, указывается время наложения жгута","Проводится пальцевая остановка кровотечения, накладывается чистая повязка, накладывается жгут (скрутка, ремень), указывается время наложения жгута",2,"Проводится пальцевая остановка кровотечения, накладывается жгут (скрутка, ремень), накладывается чистая повязка, указывается время наложения жгута","Все вопросы / полный банк; Частные охранники / все вопросы; Частные охранники 4,5,6 разрядов / Первая помощь; Первая помощь / все вопросы; Частные охранники / 4 разряд; Частные охранники / 5 разряд; Частные охранники / 6 разряд; Первая помощь / кровотечения, ранения, жгуты и повязки; Экзаменационный тест / частные охранники без огневой подготовки; Экзаменационный тест / частные охранники 5–6 разряды",
71.0,"Частные охранники 4,5,6 разрядов",4–6 разряд,3.15,Первая помощь,Техника наложения кровоостанавливающего жгута предусматривает:,Наложение жгута на одежду ниже места кровотечения (с указанием времени наложения в записке).,Наложение жгута на одежду выше места кровотечения (с указанием времени наложения в записке).,Наложение жгута под одежду выше места кровотечения.,2,Наложение жгута на одежду выше места кровотечения (с указанием времени наложения в записке).,"Все вопросы / полный банк; Частные охранники / все вопросы; Частные охранники 4,5,6 разрядов / Первая помощь; Первая помощь / все вопросы; Частные охранники / 4 разряд; Частные охранники / 5 разряд; Частные охранники / 6 разряд; Первая помощь / кровотечения, ранения, жгуты и повязки; Экзаменационный тест / частные охранники без огневой подготовки; Экзаменационный тест / частные охранники 5–6 разряды",
72.0,"Частные охранники 4,5,6 разрядов",4–6 разряд,3.16,Первая помощь,Время наложения кровоостанавливающего жгута:,"Летом – не более чем на 1 час, зимой – не более чем на 30 минут.","Летом – не более чем на 30 минут, зимой – не более чем на 1 час.","Не более чем на 30 минут, независимо от окружающей температуры.",1,"Летом – не более чем на 1 час, зимой – не более чем на 30 минут.","Все вопросы / полный банк; Частные охранники / все вопросы; Частные охранники 4,5,6 разрядов / Первая помощь; Первая помощь / все вопросы; Частные охранники / 4 разряд; Частные охранники / 5 разряд; Частные охранники / 6 разряд; Первая помощь / кровотечения, ранения, жгуты и повязки; Экзаменационный тест / частные охранники без огневой подготовки; Экзаменационный тест / частные охранники 5–6 разряды",
73.0,"Частные охранники 4,5,6 разрядов",4–6 разряд,3.17,Первая помощь,При вынужденном длительном наложении кровоостанавливающий жгут необходимо:,"Периодически ослаблять, применяя на это время пальцевое прижатие, затем переносить выше прежнего места наложения.","Периодически ослаблять, и затем переносить ниже прежнего места наложения.","Периодически ослаблять, применяя на это время пальцевое прижатие, затем накладывать на прежнее место.",1,"Периодически ослаблять, применяя на это время пальцевое прижатие, затем переносить выше прежнего места наложения.","Все вопросы / полный банк; Частные охранники / все вопросы; Частные охранники 4,5,6 разрядов / Первая помощь; Первая помощь / все вопросы; Частные охранники / 4 разряд; Частные охранники / 5 разряд; Частные охранники / 6 разряд; Первая помощь / кровотечения, ранения, жгуты и повязки; Экзаменационный тест / частные охранники без огневой подготовки; Экзаменационный тест / частные охранники 5–6 разряды",
74.0,"Частные охранники 4,5,6 разрядов",4–6 разряд,3.18,Первая помощь,Действия по помощи пострадавшему при попадании инородного тела в дыхательные пути:,Положить пострадавшего на бок и вызвать интенсивную рвоту.,"Нанести пострадавшему, стоящему прямо, несколько интенсивных ударов ладонью между лопаток.","Нагнуть туловище пострадавшего вперед, нанести несколько интенсивных ударов ладонью между лопаток, при отсутствии эффекта - провести прием «Хемлика».",3,"Нагнуть туловище пострадавшего вперед, нанести несколько интенсивных ударов ладонью между лопаток, при отсутствии эффекта - провести прием «Хемлика».","Все вопросы / полный банк; Частные охранники / все вопросы; Частные охранники 4,5,6 разрядов / Первая помощь; Первая помощь / все вопросы; Частные охранники / 4 разряд; Частные охранники / 5 разряд; Частные охранники / 6 разряд; Первая помощь / кровотечения, ранения, жгуты и повязки; Первая помощь / СЛР, ИВЛ и критические состояния; Экзаменационный тест / частные охранники без огневой подготовки; Экзаменационный тест / частные охранники 5–6 разряды",
75.0,"Частные охранники 4,5,6 разрядов",4–6 разряд,3.19,Первая помощь,Что надо сделать при возникновении не проходящих в покое острых болей за грудиной (в области сердца)?,"Немедленно вызвать «Скорую помощь», обеспечить пострадавшему полный покой в полусидячем положении, обеспечить приток воздуха.","Положить пострадавшего на спину, укутать одеялом, вызвать «Скорую помощь».","Посадить пострадавшего, обеспечить приток свежего воздуха, положить на грудь холод, вызвать «Скорую помощь».",1,"Немедленно вызвать «Скорую помощь», обеспечить пострадавшему полный покой в полусидячем положении, обеспечить приток воздуха.","Все вопросы / полный банк; Частные охранники / все вопросы; Частные охранники 4,5,6 разрядов / Первая помощь; Первая помощь / все вопросы; Частные охранники / 4 разряд; Частные охранники / 5 разряд; Частные охранники / 6 разряд; Первая помощь / СЛР, ИВЛ и критические состояния; Экзаменационный тест / частные охранники без огневой подготовки; Экзаменационный тест / частные охранники 5–6 разряды",
76.0,"Частные охранники 4,5,6 разрядов",4–6 разряд,3.20,Первая помощь,Что в первую очередь может помочь при возникновении не проходящих в покое острых болей за грудиной (в области сердца)?,Измерение давления и частоты пульса.,Обеспечение физической нагрузки.,Прием нитроглицерина под язык (только если пострадавший знает о своей болезни и имеет его при себе).,3,Прием нитроглицерина под язык (только если пострадавший знает о своей болезни и имеет его при себе).,"Все вопросы / полный банк; Частные охранники / все вопросы; Частные охранники 4,5,6 разрядов / Первая помощь; Первая помощь / все вопросы; Частные охранники / 4 разряд; Частные охранники / 5 разряд; Частные охранники / 6 разряд; Первая помощь / СЛР, ИВЛ и критические состояния; Экзаменационный тест / частные охранники без огневой подготовки; Экзаменационный тест / частные охранники 5–6 разряды",
77.0,"Частные охранники 4,5,6 разрядов",4–6 разряд,3.21,Первая помощь,В каком порядке проводятся мероприятия первой помощи при ранении?,"Остановка кровотечения, обеззараживание раны (при возможности), наложение повязки.","Обеззараживание раны (при возможности), наложение повязки, остановка кровотечения.","Остановка кровотечения, наложение повязки.",1,"Остановка кровотечения, обеззараживание раны (при возможности), наложение повязки.","Все вопросы / полный банк; Частные охранники / все вопросы; Частные охранники 4,5,6 разрядов / Первая помощь; Первая помощь / все вопросы; Частные охранники / 4 разряд; Частные охранники / 5 разряд; Частные охранники / 6 разряд; Первая помощь / кровотечения, ранения, жгуты и повязки; Экзаменационный тест / частные охранники без огневой подготовки; Экзаменационный тест / частные охранники 5–6 разряды",
78.0,"Частные охранники 4,5,6 разрядов",4–6 разряд,3.22,Первая помощь,Какие действия проводятся при проникающем ранении грудной клетки (с выходом воздуха в плевральную полость)?,"Придание возвышенного положения, первоначальное закрытие раны ладонью, затем закрытие раны повязкой, не пропускающей воздух - с использованием индивидуального перевязочного пакета, иного полиэтиленового пакета и т.п.","Придание возвышенного положения, первоначальное закрытие раны ладонью, закрытие раны повязкой, обеспечивающей фиксацию грудной клетки пострадавшего.","Придание пострадавшему положения «на спине» первоначальное закрытие раны ладонью, затем закрытие раны повязкой, не пропускающей воздух - с использованием индивидуального перевязочного пакета, иного полиэтиленового пакета и т.п.",1,"Придание возвышенного положения, первоначальное закрытие раны ладонью, затем закрытие раны повязкой, не пропускающей воздух - с использованием индивидуального перевязочного пакета, иного полиэтиленового пакета и т.п.","Все вопросы / полный банк; Частные охранники / все вопросы; Частные охранники 4,5,6 разрядов / Первая помощь; Первая помощь / все вопросы; Частные охранники / 4 разряд; Частные охранники / 5 разряд; Частные охранники / 6 разряд; Первая помощь / кровотечения, ранения, жгуты и повязки; Экзаменационный тест / частные охранники без огневой подготовки; Экзаменационный тест / частные охранники 5–6 разряды",
79.0,"Частные охранники 4,5,6 разрядов",4–6 разряд,3.23,Первая помощь,Какие правила оказания первой помощи соблюдаются при проникающем ранении в брюшную полость?,"Не давать пострадавшему пить жидкость, извлечь инородное тело, накрыть рану стерильной салфеткой.","Приподнять голову, дать сладкое теплое питье, накрыть стерильной салфеткой и положить холод на рану.","Не давать пострадавшему пить жидкость, не извлекать инородное тело, прикрыть рану стерильным перевязочным материалом.",3,"Не давать пострадавшему пить жидкость, не извлекать инородное тело, прикрыть рану стерильным перевязочным материалом.","Все вопросы / полный банк; Частные охранники / все вопросы; Частные охранники 4,5,6 разрядов / Первая помощь; Первая помощь / все вопросы; Частные охранники / 4 разряд; Частные охранники / 5 разряд; Частные охранники / 6 разряд; Первая помощь / кровотечения, ранения, жгуты и повязки; Экзаменационный тест / частные охранники без огневой подготовки; Экзаменационный тест / частные охранники 5–6 разряды",
80.0,"Частные охранники 4,5,6 разрядов",4–6 разряд,3.24,Первая помощь,Что надо делать при нахождении ножа или другого ранящего предмета в ране?,"Вытащить нож и быстро, без обработки раны антисептиком, наложить повязку.","Применить пальцевое прижатие, наложить жгут выше места ранения, вытащить ранящий предмет, наложить повязку.","Оставить ранящий предмет в ране, зафиксировать предмет в ране, наложив вокруг него повязку.",3,"Оставить ранящий предмет в ране, зафиксировать предмет в ране, наложив вокруг него повязку.","Все вопросы / полный банк; Частные охранники / все вопросы; Частные охранники 4,5,6 разрядов / Первая помощь; Первая помощь / все вопросы; Частные охранники / 4 разряд; Частные охранники / 5 разряд; Частные охранники / 6 разряд; Первая помощь / кровотечения, ранения, жгуты и повязки; Экзаменационный тест / частные охранники без огневой подготовки; Экзаменационный тест / частные охранники 5–6 разряды",
81.0,"Частные охранники 4,5,6 разрядов",4–6 разряд,3.25,Первая помощь,При попадании слезоточивых и раздражающих веществ на кожу следует:,"Протереть последовательно тремя тампонами - с 40% раствором этилового спирта, с 3% раствором бикарбоната натрия (соды), с мыльным раствором.",Промыть кожу холодной водой.,Промокнуть сухой ветошью.,1,"Протереть последовательно тремя тампонами - с 40% раствором этилового спирта, с 3% раствором бикарбоната натрия (соды), с мыльным раствором.","Все вопросы / полный банк; Частные охранники / все вопросы; Частные охранники 4,5,6 разрядов / Первая помощь; Первая помощь / все вопросы; Частные охранники / 4 разряд; Частные охранники / 5 разряд; Частные охранники / 6 разряд; Первая помощь / травмы, переломы, ожоги, отравления; Экзаменационный тест / частные охранники без огневой подготовки; Экзаменационный тест / частные охранники 5–6 разряды",
82.0,"Частные охранники 4,5,6 разрядов",4–6 разряд,3.26,Первая помощь,При попадании слезоточивых и раздражающих веществ в глаза необходимо:,Протереть глаза масляным тампоном.,Протереть глаза сухой ветошью.,"Промыть глаза обильной струей теплой воды, затем 2% раствором бикарбоната натрия (соды).",3,"Промыть глаза обильной струей теплой воды, затем 2% раствором бикарбоната натрия (соды).","Все вопросы / полный банк; Частные охранники / все вопросы; Частные охранники 4,5,6 разрядов / Первая помощь; Первая помощь / все вопросы; Частные охранники / 4 разряд; Частные охранники / 5 разряд; Частные охранники / 6 разряд; Первая помощь / травмы, переломы, ожоги, отравления; Экзаменационный тест / частные охранники без огневой подготовки; Экзаменационный тест / частные охранники 5–6 разряды",
83.0,"Частные охранники 4,5,6 разрядов",4–6 разряд,3.27,Первая помощь,Что необходимо сделать при ожоговой ране?,Очистить рану и промыть ее холодной водой.,Наложить чистую увлажненную повязку.,"Смазать рану маслом, наложить повязку.",2,Наложить чистую увлажненную повязку.,"Все вопросы / полный банк; Частные охранники / все вопросы; Частные охранники 4,5,6 разрядов / Первая помощь; Первая помощь / все вопросы; Частные охранники / 4 разряд; Частные охранники / 5 разряд; Частные охранники / 6 разряд; Первая помощь / кровотечения, ранения, жгуты и повязки; Первая помощь / травмы, переломы, ожоги, отравления; Экзаменационный тест / частные охранники без огневой подготовки; Экзаменационный тест / частные охранники 5–6 разряды",
84.0,"Частные охранники 4,5,6 разрядов",4–6 разряд,3.28,Первая помощь,При повреждении костей предплечья или голени шину накладывают:,С захватом только верхнего (по отношению к месту перелома) сустава.,С захватом двух суставов (выше и ниже места перелома).,С захватом трех суставов.,2,С захватом двух суставов (выше и ниже места перелома).,"Все вопросы / полный банк; Частные охранники / все вопросы; Частные охранники 4,5,6 разрядов / Первая помощь; Первая помощь / все вопросы; Частные охранники / 4 разряд; Частные охранники / 5 разряд; Частные охранники / 6 разряд; Первая помощь / травмы, переломы, ожоги, отравления; Экзаменационный тест / частные охранники без огневой подготовки; Экзаменационный тест / частные охранники 5–6 разряды",
85.0,"Частные охранники 4,5,6 разрядов",4–6 разряд,3.29,Первая помощь,При повреждении костей плеча или бедра шину накладывают:,С захватом только верхнего (по отношению к месту перелома) сустава.,С захватом только двух суставов (выше и ниже места перелома).,С захватом трех суставов (двух ниже и одного выше места перелома).,3,С захватом трех суставов (двух ниже и одного выше места перелома).,"Все вопросы / полный банк; Частные охранники / все вопросы; Частные охранники 4,5,6 разрядов / Первая помощь; Первая помощь / все вопросы; Частные охранники / 4 разряд; Частные охранники / 5 разряд; Частные охранники / 6 разряд; Первая помощь / травмы, переломы, ожоги, отравления; Экзаменационный тест / частные охранники без огневой подготовки; Экзаменационный тест / частные охранники 5–6 разряды",
86.0,"Частные охранники 4,5,6 разрядов",4–6 разряд,3.30,Первая помощь,Порядок оказания первой помощи при открытых переломах.,"Обезболить (по возможности), наложить повязку, наложить шину.","Наложить шину, наложить повязку на рану.",Наложить шину и обезболить (по возможности).,1,"Обезболить (по возможности), наложить повязку, наложить шину.","Все вопросы / полный банк; Частные охранники / все вопросы; Частные охранники 4,5,6 разрядов / Первая помощь; Первая помощь / все вопросы; Частные охранники / 4 разряд; Частные охранники / 5 разряд; Частные охранники / 6 разряд; Первая помощь / вызов помощи, безопасность, порядок действий; Первая помощь / травмы, переломы, ожоги, отравления; Экзаменационный тест / частные охранники без огневой подготовки; Экзаменационный тест / частные охранники 5–6 разряды",
87.0,"Частные охранники 4,5,6 разрядов",4–6 разряд,3.31,Первая помощь,При каких действиях достигается наибольшая эффективность оказания помощи при выведении пострадавшего из обморока?,"При укутывании пострадавшего в одеяло, приведения его в боковое устойчивое положение.","При поднятии ног пострадавшего выше уровня тела, при скручивающем нажатии на середину грудины, при наличии нашатырного спирта - при поднесении к носу и смазывании висков ваткой, смоченной нашатырным спиртом.",При нажатии на точку в центре носогубного треугольника.,2,"При поднятии ног пострадавшего выше уровня тела, при скручивающем нажатии на середину грудины, при наличии нашатырного спирта - при поднесении к носу и смазывании висков ваткой, смоченной нашатырным спиртом.","Все вопросы / полный банк; Частные охранники / все вопросы; Частные охранники 4,5,6 разрядов / Первая помощь; Первая помощь / все вопросы; Частные охранники / 4 разряд; Частные охранники / 5 разряд; Частные охранники / 6 разряд; Первая помощь / СЛР, ИВЛ и критические состояния; Экзаменационный тест / частные охранники без огневой подготовки; Экзаменационный тест / частные охранники 5–6 разряды",
88.0,"Частные охранники 4,5,6 разрядов",4–6 разряд,3.32,Первая помощь,Как проверяется пульс при бессознательном состоянии пострадавшего и при травмах?,Пульс проверяется на запястье.,Пульс проверяется на сонной артерии.,Приложив ухо к груди прослушивается сердцебиение.,2,Пульс проверяется на сонной артерии.,"Все вопросы / полный банк; Частные охранники / все вопросы; Частные охранники 4,5,6 разрядов / Первая помощь; Первая помощь / все вопросы; Частные охранники / 4 разряд; Частные охранники / 5 разряд; Частные охранники / 6 разряд; Первая помощь / СЛР, ИВЛ и критические состояния; Экзаменационный тест / частные охранники без огневой подготовки; Экзаменационный тест / частные охранники 5–6 разряды",
89.0,"Частные охранники 4,5,6 разрядов",4–6 разряд,3.33,Первая помощь,Что надо сделать для определения наличия дыхания при бессознательном состоянии пострадавшего?,Поднести зеркальце или птичье перо к носу пострадавшего.,Поднести к носу пострадавшего внутреннюю сторону своего запястья или щеку.,Приложить ухо к груди пострадавшего и прослушать дыхание.,2,Поднести к носу пострадавшего внутреннюю сторону своего запястья или щеку.,"Все вопросы / полный банк; Частные охранники / все вопросы; Частные охранники 4,5,6 разрядов / Первая помощь; Первая помощь / все вопросы; Частные охранники / 4 разряд; Частные охранники / 5 разряд; Частные охранники / 6 разряд; Первая помощь / СЛР, ИВЛ и критические состояния; Экзаменационный тест / частные охранники без огневой подготовки; Экзаменационный тест / частные охранники 5–6 разряды",
90.0,"Частные охранники 4,5,6 разрядов",4–6 разряд,3.34,Первая помощь,В каком объеме проводятся мероприятия при прекращении сердечной деятельности и дыхания у пострадавшего?,"Освобождение дыхательных путей, проведение ИВЛ (искусственной вентиляции легких) и НМС (непрямого массажа сердца).",Проведение НМС (непрямого массажа сердца).,"Освобождение дыхательных путей, проведение ИВЛ (искусственной вентиляции легких).",1,"Освобождение дыхательных путей, проведение ИВЛ (искусственной вентиляции легких) и НМС (непрямого массажа сердца).","Все вопросы / полный банк; Частные охранники / все вопросы; Частные охранники 4,5,6 разрядов / Первая помощь; Первая помощь / все вопросы; Частные охранники / 4 разряд; Частные охранники / 5 разряд; Частные охранники / 6 разряд; Первая помощь / СЛР, ИВЛ и критические состояния; Экзаменационный тест / частные охранники без огневой подготовки; Экзаменационный тест / частные охранники 5–6 разряды",
91.0,"Частные охранники 4,5,6 разрядов",4–6 разряд,3.35,Первая помощь,Положение пострадавшего при проведении сердечно-легочной реанимации:,"На спине, на ровной жесткой поверхности (колени реанимирующего на уровне спины пострадавшего).","В том положении, в котором был обнаружен пострадавший (колени реанимирующего выше уровня спины пострадавшего).",На спине на кровати (колени реанимирующего ниже уровня спины пострадавшего).,1,"На спине, на ровной жесткой поверхности (колени реанимирующего на уровне спины пострадавшего).","Все вопросы / полный банк; Частные охранники / все вопросы; Частные охранники 4,5,6 разрядов / Первая помощь; Первая помощь / все вопросы; Частные охранники / 4 разряд; Частные охранники / 5 разряд; Частные охранники / 6 разряд; Первая помощь / СЛР, ИВЛ и критические состояния; Экзаменационный тест / частные охранники без огневой подготовки; Экзаменационный тест / частные охранники 5–6 разряды",
92.0,"Частные охранники 4,5,6 разрядов",4–6 разряд,3.36,Первая помощь,При проведении ИВЛ (искусственной вентиляции легких) методом «рот ко рту» необходимо:,Свободной рукой плотно зажимать нос пострадавшего.,"Зажимать нос пострадавшего только в случае, если носовые ходы свободны.",Нос пострадавшему не зажимать.,1,Свободной рукой плотно зажимать нос пострадавшего.,"Все вопросы / полный банк; Частные охранники / все вопросы; Частные охранники 4,5,6 разрядов / Первая помощь; Первая помощь / все вопросы; Частные охранники / 4 разряд; Частные охранники / 5 разряд; Частные охранники / 6 разряд; Первая помощь / СЛР, ИВЛ и критические состояния; Экзаменационный тест / частные охранники без огневой подготовки; Экзаменационный тест / частные охранники 5–6 разряды",
93.0,"Частные охранники 4,5,6 разрядов",4–6 разряд,3.37,Первая помощь,При проведении ИВЛ (искусственной вентиляции легких) методом «рот к носу» необходимо:,Свободной рукой открывать рот пострадавшего для обеспечения выдоха.,"Свободной рукой плотно удерживать нижнюю челюсть пострадавшего, чтобы его рот был закрыт.",Не проводить никаких манипуляций с нижней челюстью пострадавшего.,2,"Свободной рукой плотно удерживать нижнюю челюсть пострадавшего, чтобы его рот был закрыт.","Все вопросы / полный банк; Частные охранники / все вопросы; Частные охранники 4,5,6 разрядов / Первая помощь; Первая помощь / все вопросы; Частные охранники / 4 разряд; Частные охранники / 5 разряд; Частные охранники / 6 разряд; Первая помощь / СЛР, ИВЛ и критические состояния; Экзаменационный тест / частные охранники без огневой подготовки; Экзаменационный тест / частные охранники 5–6 разряды",
94.0,"Частные охранники 4,5,6 разрядов",4–6 разряд,3.38,Первая помощь,Особенности проведения ИВЛ (искусственной вентиляции легких) детям:,"Частота вдуваний воздуха и объем вдуваемого воздуха, по сравнению со взрослыми пострадавшими, не меняется.",Увеличивается частота вдуваний воздуха с обязательным уменьшением объема вдуваемого воздуха.,Уменьшается частота вдуваний воздуха с обязательным уменьшением объема вдуваемого воздуха.,2,Увеличивается частота вдуваний воздуха с обязательным уменьшением объема вдуваемого воздуха.,"Все вопросы / полный банк; Частные охранники / все вопросы; Частные охранники 4,5,6 разрядов / Первая помощь; Первая помощь / все вопросы; Частные охранники / 4 разряд; Частные охранники / 5 разряд; Частные охранники / 6 разряд; Первая помощь / СЛР, ИВЛ и критические состояния; Экзаменационный тест / частные охранники без огневой подготовки; Экзаменационный тест / частные охранники 5–6 разряды",
95.0,"Частные охранники 4,5,6 разрядов",4–6 разряд,3.39,Первая помощь,Частота вдуваний воздуха в минуту при проведении ИВЛ (искусственной вентиляции легких) составляет:,"6-8 вдуваний в минуту для взрослых, 8-10 для детей.","8-10 вдуваний в минуту для взрослых, 12-20 для детей.","20-24 вдуваний в минуту для взрослых, 30-36 для детей.",2,"8-10 вдуваний в минуту для взрослых, 12-20 для детей.","Все вопросы / полный банк; Частные охранники / все вопросы; Частные охранники 4,5,6 разрядов / Первая помощь; Первая помощь / все вопросы; Частные охранники / 4 разряд; Частные охранники / 5 разряд; Частные охранники / 6 разряд; Первая помощь / СЛР, ИВЛ и критические состояния; Экзаменационный тест / частные охранники без огневой подготовки; Экзаменационный тест / частные охранники 5–6 разряды",
96.0,"Частные охранники 4,5,6 разрядов",4–6 разряд,3.40,Первая помощь,"Ритм сердечно-легочной реанимации, выполняемой при оказании первой помощи:",5 надавливаний на грудную клетку – 1 вдувание воздуха.,15 надавливаний на грудную клетку – 2 вдувания воздуха.,30 надавливаний на грудную клетку – 2 вдувания воздуха.,3,30 надавливаний на грудную клетку – 2 вдувания воздуха.,"Все вопросы / полный банк; Частные охранники / все вопросы; Частные охранники 4,5,6 разрядов / Первая помощь; Первая помощь / все вопросы; Частные охранники / 4 разряд; Частные охранники / 5 разряд; Частные охранники / 6 разряд; Первая помощь / СЛР, ИВЛ и критические состояния; Экзаменационный тест / частные охранники без огневой подготовки; Экзаменационный тест / частные охранники 5–6 разряды",
97.0,"Частные охранники 4,5,6 разрядов",4–6 разряд,3.41,Первая помощь,Промывание желудка при отравлении в порядке первой помощи (немедицинским персоналом и без желудочного зонда) запрещено:,"При отравлениях у лиц, не имеющих при себе документов, удостоверяющих личность.","При отравлениях кислотами, щелочами, нефтепродуктами, при судорогах, в случае потери сознания пострадавшим.",При отравлениях у несовершеннолетних детей.,2,"При отравлениях кислотами, щелочами, нефтепродуктами, при судорогах, в случае потери сознания пострадавшим.","Все вопросы / полный банк; Частные охранники / все вопросы; Частные охранники 4,5,6 разрядов / Первая помощь; Первая помощь / все вопросы; Частные охранники / 4 разряд; Частные охранники / 5 разряд; Частные охранники / 6 разряд; Первая помощь / травмы, переломы, ожоги, отравления; Экзаменационный тест / частные охранники без огневой подготовки; Экзаменационный тест / частные охранники 5–6 разряды",
98.0,"Частные охранники 4,5,6 разрядов",4–6 разряд,4.1,Специальные средства,"К основному назначению специального средства «наручники», используемого в частной охранной деятельности, можно отнести:",Оказание психологического воздействия на правонарушителя.,Причинение физического ущерба правонарушителю.,Ограничение физической возможности правонарушителя по оказанию сопротивления.,3,Ограничение физической возможности правонарушителя по оказанию сопротивления.,"Все вопросы / полный банк; Частные охранники / все вопросы; Частные охранники 4,5,6 разрядов / Специальные средства; Специальные средства / все вопросы; Частные охранники / 4 разряд; Частные охранники / 5 разряд; Частные охранники / 6 разряд; Спецсредства / наручники; Экзаменационный тест / частные охранники без огневой подготовки; Экзаменационный тест / частные охранники 5–6 разряды",
99.0,"Частные охранники 4,5,6 разрядов",4–6 разряд,4.2,Специальные средства,"К основному назначению специального средства «шлем защитный», используемого в частной охранной деятельности, можно отнести:","Обеспечение индивидуальной защиты головы человека от средств поражения (пуль, осколков, холодного оружия) и контузий вследствие ударов.","Обеспечение индивидуальной защиты головы, шеи и плеч человека от средств поражения (пуль, осколков, холодного оружия) и контузий вследствие ударов.","Обеспечение индивидуальной защиты головы человека от средств поражения (пуль, осколков, холодного оружия) и нанесения оборонительных ударов правонарушителю.",1,"Обеспечение индивидуальной защиты головы человека от средств поражения (пуль, осколков, холодного оружия) и контузий вследствие ударов.","Все вопросы / полный банк; Частные охранники / все вопросы; Частные охранники 4,5,6 разрядов / Специальные средства; Специальные средства / все вопросы; Частные охранники / 4 разряд; Частные охранники / 5 разряд; Частные охранники / 6 разряд; Спецсредства / бронежилеты и защитные шлемы; Экзаменационный тест / частные охранники без огневой подготовки; Экзаменационный тест / частные охранники 5–6 разряды",
100.0,"Частные охранники 4,5,6 разрядов",4–6 разряд,4.3,Специальные средства,"К основному назначению специального средства «жилет защитный», используемого в частной охранной деятельности, можно отнести:","Обеспечение индивидуальной защиты туловища, конечностей, стоп ног и кистей рук человека от средств поражения (пуль, осколков, холодного оружия).","Обеспечение индивидуальной защиты туловища человека от средств поражения (пуль, осколков, холодного оружия).",Прекращение буйства и бесчинства задержанных лиц.,2,"Обеспечение индивидуальной защиты туловища человека от средств поражения (пуль, осколков, холодного оружия).","Все вопросы / полный банк; Частные охранники / все вопросы; Частные охранники 4,5,6 разрядов / Специальные средства; Специальные средства / все вопросы; Частные охранники / 4 разряд; Частные охранники / 5 разряд; Частные охранники / 6 разряд; Спецсредства / бронежилеты и защитные шлемы; Экзаменационный тест / частные охранники без огневой подготовки; Экзаменационный тест / частные охранники 5–6 разряды",
101.0,"Частные охранники 4,5,6 разрядов",4–6 разряд,4.4,Специальные средства,"К основному назначению специального средства «палка резиновая», используемого в частной охранной деятельности, можно отнести:",Активную защиту при нападении (сопротивлении) правонарушителя.,"Предупреждение правонарушителя перед применением огнестрельного оружия, входящего в перечень видов вооружения охранников.","Активное нападение на лиц, не выполняющих прямое указание охранника.",1,Активную защиту при нападении (сопротивлении) правонарушителя.,"Все вопросы / полный банк; Частные охранники / все вопросы; Частные охранники 4,5,6 разрядов / Специальные средства; Специальные средства / все вопросы; Частные охранники / 4 разряд; Частные охранники / 5 разряд; Частные охранники / 6 разряд; Спецсредства / резиновые палки; Экзаменационный тест / частные охранники без огневой подготовки; Экзаменационный тест / частные охранники 5–6 разряды",
102.0,"Частные охранники 4,5,6 разрядов",4–6 разряд,4.5,Специальные средства,"Какой класс защитной структуры бронеодежды (жилетов защитных) является минимально достаточным для защиты от огня из пистолетов АПС, ПМ и револьвера системы «Наган»?",Основной класс защиты Бр1 (класс защиты 1 по старой классификации).,Основной класс защиты Бр2 (класс защиты 2 по старой классификации).,Основной класс защиты Бр3 (класс защиты 3 по старой классификации).,1,Основной класс защиты Бр1 (класс защиты 1 по старой классификации).,"Все вопросы / полный банк; Частные охранники / все вопросы; Частные охранники 4,5,6 разрядов / Специальные средства; Специальные средства / все вопросы; Частные охранники / 4 разряд; Частные охранники / 5 разряд; Частные охранники / 6 разряд; Спецсредства / бронежилеты и защитные шлемы; Экзаменационный тест / частные охранники без огневой подготовки; Экзаменационный тест / частные охранники 5–6 разряды",
103.0,"Частные охранники 4,5,6 разрядов",4–6 разряд,4.6,Специальные средства,"Какой класс защиты бронежилета (жилета защитного) позволяет защититься от огня из автоматов АК-74, АКМ патронами, имеющими стальной термоупрочненный сердечник?",Основной класс защиты Бр2 (класс защиты 2 по старой классификации).,Основной класс защиты Бр3 (класс защиты 3 по старой классификации).,Основной класс защиты Бр4 (класс защиты 4 и 5 по старой классификации).,3,Основной класс защиты Бр4 (класс защиты 4 и 5 по старой классификации).,"Все вопросы / полный банк; Частные охранники / все вопросы; Частные охранники 4,5,6 разрядов / Специальные средства; Специальные средства / все вопросы; Частные охранники / 4 разряд; Частные охранники / 5 разряд; Частные охранники / 6 разряд; Спецсредства / бронежилеты и защитные шлемы; Экзаменационный тест / частные охранники без огневой подготовки; Экзаменационный тест / частные охранники 5–6 разряды",
104.0,"Частные охранники 4,5,6 разрядов",4–6 разряд,4.7,Специальные средства,"Защита от какого оружия не обеспечивается используемыми в частной охранной деятельности жилетами защитными 1-5 классов защиты (Бр1, Бр2, С1, Бр3, Бр4 по новой классификации)?","АКМ с боеприпасом, имеющим стальной термоупрочненный сердечник.","СВД с боеприпасом, имеющим легкоплавкий сердечник.","СВД с боеприпасом, имеющим стальной термоупрочненный сердечник.",3,"СВД с боеприпасом, имеющим стальной термоупрочненный сердечник.","Все вопросы / полный банк; Частные охранники / все вопросы; Частные охранники 4,5,6 разрядов / Специальные средства; Специальные средства / все вопросы; Частные охранники / 4 разряд; Частные охранники / 5 разряд; Частные охранники / 6 разряд; Спецсредства / бронежилеты и защитные шлемы; Экзаменационный тест / частные охранники без огневой подготовки; Экзаменационный тест / частные охранники 5–6 разряды",
105.0,"Частные охранники 4,5,6 разрядов",4–6 разряд,4.8,Специальные средства,Как меняется время непрерывного ношения бронежилета (жилета защитного) при повышении температуры и влажности воздуха:,Уменьшается.,Остается неизменным.,Увеличивается.,1,Уменьшается.,"Все вопросы / полный банк; Частные охранники / все вопросы; Частные охранники 4,5,6 разрядов / Специальные средства; Специальные средства / все вопросы; Частные охранники / 4 разряд; Частные охранники / 5 разряд; Частные охранники / 6 разряд; Спецсредства / бронежилеты и защитные шлемы; Экзаменационный тест / частные охранники без огневой подготовки; Экзаменационный тест / частные охранники 5–6 разряды",
106.0,"Частные охранники 4,5,6 разрядов",4–6 разряд,4.9,Специальные средства,Как меняется время непрерывного ношения бронежилета (жилета защитного) при понижении температуры воздуха:,Уменьшается.,Остается неизменным.,Увеличивается.,3,Увеличивается.,"Все вопросы / полный банк; Частные охранники / все вопросы; Частные охранники 4,5,6 разрядов / Специальные средства; Специальные средства / все вопросы; Частные охранники / 4 разряд; Частные охранники / 5 разряд; Частные охранники / 6 разряд; Спецсредства / бронежилеты и защитные шлемы; Экзаменационный тест / частные охранники без огневой подготовки; Экзаменационный тест / частные охранники 5–6 разряды",
107.0,"Частные охранники 4,5,6 разрядов",4–6 разряд,4.10,Специальные средства,Какие типы бронежилетов (жилетов защитных) не выпускаются отечественными производителями?,Бронежилеты скрытого ношения.,Бронежилеты со специальной подсветкой.,Бронежилеты с положительной плавучестью.,2,Бронежилеты со специальной подсветкой.,"Все вопросы / полный банк; Частные охранники / все вопросы; Частные охранники 4,5,6 разрядов / Специальные средства; Специальные средства / все вопросы; Частные охранники / 4 разряд; Частные охранники / 5 разряд; Частные охранники / 6 разряд; Спецсредства / бронежилеты и защитные шлемы; Спецсредства / резиновые палки; Экзаменационный тест / частные охранники без огневой подготовки; Экзаменационный тест / частные охранники 5–6 разряды",
108.0,"Частные охранники 4,5,6 разрядов",4–6 разряд,4.11,Специальные средства,Защита от какого оружия не обеспечивается бронешлемами (шлемами защитными) 1-3 классов защиты?,"ТТ, ПММ, ПСМ.",СВД.,АПС.,2,СВД.,"Все вопросы / полный банк; Частные охранники / все вопросы; Частные охранники 4,5,6 разрядов / Специальные средства; Специальные средства / все вопросы; Частные охранники / 4 разряд; Частные охранники / 5 разряд; Частные охранники / 6 разряд; Спецсредства / бронежилеты и защитные шлемы; Экзаменационный тест / частные охранники без огневой подготовки; Экзаменационный тест / частные охранники 5–6 разряды",
109.0,"Частные охранники 4,5,6 разрядов",4–6 разряд,4.12,Специальные средства,Каким дополнительным элементом не комплектуются бронешлемы (шлемы защитные)?,Шейно-плечевой накладкой.,Бармицей для защиты шеи.,Встроенной радиогарнитурой.,1,Шейно-плечевой накладкой.,"Все вопросы / полный банк; Частные охранники / все вопросы; Частные охранники 4,5,6 разрядов / Специальные средства; Специальные средства / все вопросы; Частные охранники / 4 разряд; Частные охранники / 5 разряд; Частные охранники / 6 разряд; Спецсредства / бронежилеты и защитные шлемы; Экзаменационный тест / частные охранники без огневой подготовки; Экзаменационный тест / частные охранники 5–6 разряды",
110.0,"Частные охранники 4,5,6 разрядов",4–6 разряд,4.13,Специальные средства,"Каким способом проверяется фиксация замков наручников, не угрожающая нормальному кровообращению у правонарушителя?",Визуальным осмотром конечностей правонарушителя на предмет посинения.,Периодическим открытием и закрытием замка наручников.,Проверкой возможности браслетов наручников без затруднений проворачиваться на конечностях правонарушителя (и в то же время надежно фиксировать их).,3,Проверкой возможности браслетов наручников без затруднений проворачиваться на конечностях правонарушителя (и в то же время надежно фиксировать их).,"Все вопросы / полный банк; Частные охранники / все вопросы; Частные охранники 4,5,6 разрядов / Специальные средства; Специальные средства / все вопросы; Частные охранники / 4 разряд; Частные охранники / 5 разряд; Частные охранники / 6 разряд; Спецсредства / наручники; Экзаменационный тест / частные охранники без огневой подготовки; Экзаменационный тест / частные охранники 5–6 разряды",
111.0,"Частные охранники 4,5,6 разрядов",4–6 разряд,4.14,Специальные средства,"Какая модель наручников, используемых в частной охранной деятельности, обладает жесткой системой крепления браслетов между собой?",БР-С.,БОС.,БКС-1.,2,БОС.,"Все вопросы / полный банк; Частные охранники / все вопросы; Частные охранники 4,5,6 разрядов / Специальные средства; Специальные средства / все вопросы; Частные охранники / 4 разряд; Частные охранники / 5 разряд; Частные охранники / 6 разряд; Спецсредства / наручники; Экзаменационный тест / частные охранники без огневой подготовки; Экзаменационный тест / частные охранники 5–6 разряды",
112.0,"Частные охранники 4,5,6 разрядов",4–6 разряд,4.15,Специальные средства,"Какая модель наручников, используемых в частной охранной деятельности, имеет вариант изготовления, предназначенный для стационарного крепления к стенам зданий?",БР-С.,БОС.,БКС-1.,3,БКС-1.,"Все вопросы / полный банк; Частные охранники / все вопросы; Частные охранники 4,5,6 разрядов / Специальные средства; Специальные средства / все вопросы; Частные охранники / 4 разряд; Частные охранники / 5 разряд; Частные охранники / 6 разряд; Спецсредства / наручники; Экзаменационный тест / частные охранники без огневой подготовки; Экзаменационный тест / частные охранники 5–6 разряды",
113.0,"Частные охранники 4,5,6 разрядов",4–6 разряд,4.16,Специальные средства,"Каков минимальный предел температуры окружающего воздуха, при котором обеспечивается надлежащее техническое состояние (исправность) наручников, используемых в частной охранной деятельности?",-20°С,-30°С,-40°С,2,-30°С,"Все вопросы / полный банк; Частные охранники / все вопросы; Частные охранники 4,5,6 разрядов / Специальные средства; Специальные средства / все вопросы; Частные охранники / 4 разряд; Частные охранники / 5 разряд; Частные охранники / 6 разряд; Спецсредства / наручники; Экзаменационный тест / частные охранники без огневой подготовки; Экзаменационный тест / частные охранники 5–6 разряды",
114.0,"Частные охранники 4,5,6 разрядов",4–6 разряд,4.17,Специальные средства,"Каков максимальный предел температуры окружающего воздуха, при котором обеспечивается надлежащее техническое состояние (исправность) наручников, используемых в частной охранной деятельности?",+35°С.,+40°С.,+45°С.,2,+40°С.,"Все вопросы / полный банк; Частные охранники / все вопросы; Частные охранники 4,5,6 разрядов / Специальные средства; Специальные средства / все вопросы; Частные охранники / 4 разряд; Частные охранники / 5 разряд; Частные охранники / 6 разряд; Спецсредства / наручники; Экзаменационный тест / частные охранники без огневой подготовки; Экзаменационный тест / частные охранники 5–6 разряды",
115.0,"Частные охранники 4,5,6 разрядов",4–6 разряд,4.18,Специальные средства,"Чистка и смазка наручников, используемых в частной охранной деятельности, производится:",Согласно инструкции предприятия-изготовителя.,"В порядке, установленном соответствующим Постановление Правительства РФ.","Произвольно, по решению охранника.",1,Согласно инструкции предприятия-изготовителя.,"Все вопросы / полный банк; Частные охранники / все вопросы; Частные охранники 4,5,6 разрядов / Специальные средства; Специальные средства / все вопросы; Частные охранники / 4 разряд; Частные охранники / 5 разряд; Частные охранники / 6 разряд; Спецсредства / наручники; Экзаменационный тест / частные охранники без огневой подготовки; Экзаменационный тест / частные охранники 5–6 разряды",
116.0,"Частные охранники 4,5,6 разрядов",4–6 разряд,4.19,Специальные средства,"Палка резиновая ПУС-3, разрешенная для использования в частной охранной деятельности, выпускается в следующих вариантах:",Раскладная и телескопическая.,Прямая и с боковой ручкой.,Произвольная и штатная.,1,Раскладная и телескопическая.,"Все вопросы / полный банк; Частные охранники / все вопросы; Частные охранники 4,5,6 разрядов / Специальные средства; Специальные средства / все вопросы; Частные охранники / 4 разряд; Частные охранники / 5 разряд; Частные охранники / 6 разряд; Спецсредства / резиновые палки; Экзаменационный тест / частные охранники без огневой подготовки; Экзаменационный тест / частные охранники 5–6 разряды",
117.0,"Частные охранники 4,5,6 разрядов",4–6 разряд,4.20,Специальные средства,"Палки резиновые ПУС-2 и ПР-Т, разрешенные для использования в частной охранной деятельности, имеют в своей конструкции:",Выступающий кольцевой элемент (мини-гарду) рукоятки.,Боковую ручку.,Металлический наконечник.,2,Боковую ручку.,"Все вопросы / полный банк; Частные охранники / все вопросы; Частные охранники 4,5,6 разрядов / Специальные средства; Специальные средства / все вопросы; Частные охранники / 4 разряд; Частные охранники / 5 разряд; Частные охранники / 6 разряд; Спецсредства / резиновые палки; Экзаменационный тест / частные охранники без огневой подготовки; Экзаменационный тест / частные охранники 5–6 разряды",
118.0,"Частные охранники 4,5,6 разрядов",4–6 разряд,4.21,Специальные средства,"Палка резиновая ПР-73М, разрешенная для использования в частной охранной деятельности, имеют в своей конструкции:",Выступающий кольцевой элемент (мини-гарду) рукоятки.,Боковую ручку.,Металлический наконечник.,1,Выступающий кольцевой элемент (мини-гарду) рукоятки.,"Все вопросы / полный банк; Частные охранники / все вопросы; Частные охранники 4,5,6 разрядов / Специальные средства; Специальные средства / все вопросы; Частные охранники / 4 разряд; Частные охранники / 5 разряд; Частные охранники / 6 разряд; Спецсредства / резиновые палки; Экзаменационный тест / частные охранники без огневой подготовки; Экзаменационный тест / частные охранники 5–6 разряды",
119.0,"Частные охранники 4,5,6 разрядов",4–6 разряд,4.22,Специальные средства,Какой из перечисленных способов надевания одной пары наручников может быть применен и при этом является наиболее эффективным для затруднения сопротивления и предотвращения побега двух задержанных:,На правую руку одного задержанного и правую руку другого.,На правую руку одного задержанного и левую руку другого.,На руку одного задержанного и на ногу другого.,1,На правую руку одного задержанного и правую руку другого.,"Все вопросы / полный банк; Частные охранники / все вопросы; Частные охранники 4,5,6 разрядов / Специальные средства; Специальные средства / все вопросы; Частные охранники / 4 разряд; Частные охранники / 5 разряд; Частные охранники / 6 разряд; Спецсредства / наручники; Экзаменационный тест / частные охранники без огневой подготовки; Экзаменационный тест / частные охранники 5–6 разряды",
120.0,"Частные охранники 4,5,6 разрядов",4–6 разряд,4.23,Специальные средства,"Каков минимальный предел температуры окружающего воздуха, установленный в качестве допустимого при эксплуатации палок резиновых ПУС-1, ПУС-2, ПУС-3 (изготовленных из высокомолекулярного полиэтилена), используемых в частной охранной деятельности?",-60°С.,-45°С.,-30°С.,1,-60°С.,"Все вопросы / полный банк; Частные охранники / все вопросы; Частные охранники 4,5,6 разрядов / Специальные средства; Специальные средства / все вопросы; Частные охранники / 4 разряд; Частные охранники / 5 разряд; Частные охранники / 6 разряд; Спецсредства / резиновые палки; Экзаменационный тест / частные охранники без огневой подготовки; Экзаменационный тест / частные охранники 5–6 разряды",
121.0,"Частные охранники 4,5,6 разрядов",4–6 разряд,4.24,Специальные средства,"Каков минимальный предел температуры окружающего воздуха, установленный в качестве допустимого при эксплуатации палок резиновых ПР-73М, ПР-К, ПР-Т (изготовленных из резиновой смеси), используемых в частной охранной деятельности?",-60°С.,-45°С.,-30°С.,3,-30°С.,"Все вопросы / полный банк; Частные охранники / все вопросы; Частные охранники 4,5,6 разрядов / Специальные средства; Специальные средства / все вопросы; Частные охранники / 4 разряд; Частные охранники / 5 разряд; Частные охранники / 6 разряд; Спецсредства / резиновые палки; Экзаменационный тест / частные охранники без огневой подготовки; Экзаменационный тест / частные охранники 5–6 разряды",
122.0,"Частные охранники 4,5,6 разрядов",4–6 разряд,4.25,Специальные средства,"Каков максимальный предел температуры окружающего воздуха, установленный в качестве допустимого при эксплуатации палок резиновых ПУС-1, ПУС-2, ПУС-3 (изготовленных из высокомолекулярного полиэтилена), используемых в частной охранной деятельности?",+50°С.,+40°С.,+30°С.,1,+50°С.,"Все вопросы / полный банк; Частные охранники / все вопросы; Частные охранники 4,5,6 разрядов / Специальные средства; Специальные средства / все вопросы; Частные охранники / 4 разряд; Частные охранники / 5 разряд; Частные охранники / 6 разряд; Спецсредства / резиновые палки; Экзаменационный тест / частные охранники без огневой подготовки; Экзаменационный тест / частные охранники 5–6 разряды",
123.0,"Частные охранники 4,5,6 разрядов",4–6 разряд,4.26,Специальные средства,"Каков максимальный предел температуры окружающего воздуха, установленный в качестве допустимого при эксплуатации палок резиновых ПР-73М, ПР-К, ПР-Т (изготовленных из резиновой смеси), используемых в частной охранной деятельности?",+50°С.,+40°С.,+30°С.,2,+40°С.,"Все вопросы / полный банк; Частные охранники / все вопросы; Частные охранники 4,5,6 разрядов / Специальные средства; Специальные средства / все вопросы; Частные охранники / 4 разряд; Частные охранники / 5 разряд; Частные охранники / 6 разряд; Спецсредства / резиновые палки; Экзаменационный тест / частные охранники без огневой подготовки; Экзаменационный тест / частные охранники 5–6 разряды",
124.0,"Частные охранники 4,5,6 разрядов",4–6 разряд,4.27,Специальные средства,"Бронеодежда (жилеты защитные) и бронешлемы (шлемы защитные), за исключением изготовленных специально для особых условий эксплуатации, могут терять свои свойства:",При воздействии ультрафиолетового излучения.,При намокании.,При температуре +30°С.,2,При намокании.,"Все вопросы / полный банк; Частные охранники / все вопросы; Частные охранники 4,5,6 разрядов / Специальные средства; Специальные средства / все вопросы; Частные охранники / 4 разряд; Частные охранники / 5 разряд; Частные охранники / 6 разряд; Спецсредства / бронежилеты и защитные шлемы; Экзаменационный тест / частные охранники без огневой подготовки; Экзаменационный тест / частные охранники 5–6 разряды",
125.0,"Частные охранники 4,5,6 разрядов",4–6 разряд,4.28,Специальные средства,Какие вещества (материалы) запрещается хранить совместно с бронеодеждой (жилетами защитными) и бронешлемами (шлемами защитными)?,Гидросорбенты (влагопоглотители).,Резиновые изделия (резину).,Масла и кислоты.,3,Масла и кислоты.,"Все вопросы / полный банк; Частные охранники / все вопросы; Частные охранники 4,5,6 разрядов / Специальные средства; Специальные средства / все вопросы; Частные охранники / 4 разряд; Частные охранники / 5 разряд; Частные охранники / 6 разряд; Спецсредства / бронежилеты и защитные шлемы; Экзаменационный тест / частные охранники без огневой подготовки; Экзаменационный тест / частные охранники 5–6 разряды",
126.0,"Частные охранники 4,5,6 разрядов",4–6 разряд,4.29,Специальные средства,"Каково назначение фиксатора, имеющегося в конструкции браслетов наручников, используемых в частной охранной деятельности?",Фиксация ключа от наручников к одному из браслетов (во избежание его утери).,Блокировка механизма зацепления подвижной запирающей дужки браслета наручников.,Блокировка доступа к замочной скважине браслета наручников.,2,Блокировка механизма зацепления подвижной запирающей дужки браслета наручников.,"Все вопросы / полный банк; Частные охранники / все вопросы; Частные охранники 4,5,6 разрядов / Специальные средства; Специальные средства / все вопросы; Частные охранники / 4 разряд; Частные охранники / 5 разряд; Частные охранники / 6 разряд; Спецсредства / наручники; Экзаменационный тест / частные охранники без огневой подготовки; Экзаменационный тест / частные охранники 5–6 разряды",
127.0,"Частные охранники 4,5,6 разрядов",4–6 разряд,4.30,Специальные средства,"Какой способ применяется для включения фиксатора, имеющегося в конструкции браслетов наручников, используемых в частной охранной деятельности?","Нажатие (утопление) штифта фиксатора, расположенного на боковой стороне браслета с помощью ключа от наручников.","Пальцевое нажатие (утопление) выступа фиксатора, выполненного в виде шляпки одной из заклепок браслета наручников (а именно - расположенной в непосредственной близости от замочной скважины).",Поворот ключа от наручников в замочной скважине в необходимую для включения фиксатора сторону.,1,"Нажатие (утопление) штифта фиксатора, расположенного на боковой стороне браслета с помощью ключа от наручников.","Все вопросы / полный банк; Частные охранники / все вопросы; Частные охранники 4,5,6 разрядов / Специальные средства; Специальные средства / все вопросы; Частные охранники / 4 разряд; Частные охранники / 5 разряд; Частные охранники / 6 разряд; Спецсредства / наручники; Экзаменационный тест / частные охранники без огневой подготовки; Экзаменационный тест / частные охранники 5–6 разряды",
128.0,"Частные охранники 4,5,6 разрядов",4–6 разряд,4.31,Специальные средства,"Что необходимо сделать для выключения (разблокировки) фиксатора, имеющегося в конструкции браслетов наручников, используемых в частной охранной деятельности?",Вставить ключ от наручников в отверстие на боковой стороне браслета и повернуть его в необходимую для разблокировки сторону.,Вставить ключ от наручников в замочную скважину и повернуть его в необходимую для разблокировки сторону.,Резко потянуть запирающую дужку браслета наручников в сторону отпирания.,2,Вставить ключ от наручников в замочную скважину и повернуть его в необходимую для разблокировки сторону.,"Все вопросы / полный банк; Частные охранники / все вопросы; Частные охранники 4,5,6 разрядов / Специальные средства; Специальные средства / все вопросы; Частные охранники / 4 разряд; Частные охранники / 5 разряд; Частные охранники / 6 разряд; Спецсредства / наручники; Экзаменационный тест / частные охранники без огневой подготовки; Экзаменационный тест / частные охранники 5–6 разряды",
129.0,"Частные охранники 4,5,6 разрядов",4–6 разряд,4.32,Специальные средства,"Хранение каких видов специальных средств, используемых в частной охранной деятельности, допускается ближе 1 метра от отопительных приборов?",Наручников.,Палок резиновых.,Жилетов и шлемов защитных.,1,Наручников.,"Все вопросы / полный банк; Частные охранники / все вопросы; Частные охранники 4,5,6 разрядов / Специальные средства; Специальные средства / все вопросы; Частные охранники / 4 разряд; Частные охранники / 5 разряд; Частные охранники / 6 разряд; Спецсредства / резиновые палки; Экзаменационный тест / частные охранники без огневой подготовки; Экзаменационный тест / частные охранники 5–6 разряды",
130.0,"Частные охранники 4,5,6 разрядов",4–6 разряд,4.33,Специальные средства,"К дополнительным (съемным) элементам бронезащиты, которыми могут комплектоваться все типы жилетов защитных (за исключением некоторых моделей скрытого ношения) относятся:","Сменные жесткие позвоночные накладки, маски защитные, перчатки защитные, локтевые (кольцевые) защитные накладки.","Шейно-плечевые накладки, паховые накладки, сменные жесткие защитные элементы (бронепластины).","Спецрадиостанции бронированные, планшеты защитные (бронированные), сапоги специальные защитные.",2,"Шейно-плечевые накладки, паховые накладки, сменные жесткие защитные элементы (бронепластины).","Все вопросы / полный банк; Частные охранники / все вопросы; Частные охранники 4,5,6 разрядов / Специальные средства; Специальные средства / все вопросы; Частные охранники / 4 разряд; Частные охранники / 5 разряд; Частные охранники / 6 разряд; Спецсредства / бронежилеты и защитные шлемы; Экзаменационный тест / частные охранники без огневой подготовки; Экзаменационный тест / частные охранники 5–6 разряды",
131.0,"Частные охранники 4,5,6 разрядов",4–6 разряд,4.34,Специальные средства,"В какой модели наручников, из числа разрешенных в частной охранной деятельности, используется соединительная цепочка?",БР-2М.,БОС.,БКС-1.,3,БКС-1.,"Все вопросы / полный банк; Частные охранники / все вопросы; Частные охранники 4,5,6 разрядов / Специальные средства; Специальные средства / все вопросы; Частные охранники / 4 разряд; Частные охранники / 5 разряд; Частные охранники / 6 разряд; Спецсредства / наручники; Экзаменационный тест / частные охранники без огневой подготовки; Экзаменационный тест / частные охранники 5–6 разряды",
132.0,"Частные охранники 4,5,6 разрядов",4–6 разряд,4.35,Специальные средства,"Какой класс защитной структуры бронеодежды (жилетов защитных) является минимально достаточным для защиты от огня из пистолета СР-1 (9-мм пистолета Сердюкова) и пистолетов ТТ, ПММ, ПСМ?",Основной класс защиты Бр1 (класс защиты 1 по старой классификации).,Основной класс защиты Бр2 (класс защиты 2 по старой классификации).,Основной класс защиты Бр3 (класс защиты 3 по старой классификации).,2,Основной класс защиты Бр2 (класс защиты 2 по старой классификации).,"Все вопросы / полный банк; Частные охранники / все вопросы; Частные охранники 4,5,6 разрядов / Специальные средства; Специальные средства / все вопросы; Частные охранники / 4 разряд; Частные охранники / 5 разряд; Частные охранники / 6 разряд; Спецсредства / бронежилеты и защитные шлемы; Экзаменационный тест / частные охранники без огневой подготовки; Экзаменационный тест / частные охранники 5–6 разряды",
133.0,"Частные охранники 4,5,6 разрядов",4–6 разряд,4.36,Специальные средства,"Какая особенность не характерна для применения наручников БОС, имеющих жесткую систему крепления браслетов между собой?",Возможность мгновенной стыковки и расстыковки браслетов наручников между собой с помощью электромагнитного затвора.,Сравнительно малое время надевания браслетов на оказывающего сопротивление правонарушителя.,Снижение вероятности доступа к замкам браслетов и перевода зафиксированных рук правонарушителя из положения «сзади» в положение «спереди».,1,Возможность мгновенной стыковки и расстыковки браслетов наручников между собой с помощью электромагнитного затвора.,"Все вопросы / полный банк; Частные охранники / все вопросы; Частные охранники 4,5,6 разрядов / Специальные средства; Специальные средства / все вопросы; Частные охранники / 4 разряд; Частные охранники / 5 разряд; Частные охранники / 6 разряд; Спецсредства / наручники; Экзаменационный тест / частные охранники без огневой подготовки; Экзаменационный тест / частные охранники 5–6 разряды",
134.0,"Частные охранники 4,5,6 разрядов",4–6 разряд,4.37,Специальные средства,Какие из перечисленных ниже наручников не используются в частной охранной деятельности?,Наручники конвойные с соединительной цепочкой.,"Наручники, предназначенные для стационарного крепления к стенам зданий.",Пальцевые наручники.,3,Пальцевые наручники.,"Все вопросы / полный банк; Частные охранники / все вопросы; Частные охранники 4,5,6 разрядов / Специальные средства; Специальные средства / все вопросы; Частные охранники / 4 разряд; Частные охранники / 5 разряд; Частные охранники / 6 разряд; Спецсредства / наручники; Экзаменационный тест / частные охранники без огневой подготовки; Экзаменационный тест / частные охранники 5–6 разряды",
135.0,"Частные охранники 4,5,6 разрядов",4–6 разряд,4.38,Специальные средства,Перед надеванием наручников на правонарушителя необходимо:,"Подложить на запястья в тех местах, на которые будут надеваться наручники, ткань, салфетку или платок.",Освободить запястья от одежды.,Получить на применение наручников разрешение руководителя частной охранной организации.,2,Освободить запястья от одежды.,"Все вопросы / полный банк; Частные охранники / все вопросы; Частные охранники 4,5,6 разрядов / Специальные средства; Специальные средства / все вопросы; Частные охранники / 4 разряд; Частные охранники / 5 разряд; Частные охранники / 6 разряд; Спецсредства / наручники; Экзаменационный тест / частные охранники без огневой подготовки; Экзаменационный тест / частные охранники 5–6 разряды",
136.0,"Частные охранники 4,5,6 разрядов",4–6 разряд,4.39,Специальные средства,"Какой класс защитной структуры бронеодежды (жилетов защитных) является минимально достаточным для защиты от огня из охотничьего ружья 12-го калибра 18,5 мм охотничьим патроном со свинцовым сердечником?",Основной класс защиты Бр1 (класс защиты 1 по старой классификации).,Основной класс защиты Бр2 (класс защиты 2 по старой классификации).,Специальный класс защиты С1 (класс защиты 2а по старой классификации).,3,Специальный класс защиты С1 (класс защиты 2а по старой классификации).,"Все вопросы / полный банк; Частные охранники / все вопросы; Частные охранники 4,5,6 разрядов / Специальные средства; Специальные средства / все вопросы; Частные охранники / 4 разряд; Частные охранники / 5 разряд; Частные охранники / 6 разряд; Спецсредства / бронежилеты и защитные шлемы; Экзаменационный тест / частные охранники без огневой подготовки; Экзаменационный тест / частные охранники 5–6 разряды",
137.0,"Частные охранники 4,5,6 разрядов",4–6 разряд,4.40,Специальные средства,При ношении бронежилетов (жилетов защитных) скрытого ношения рекомендуется использовать одежду:,"Совпадающую по размеру с той, которую носит использующий бронежилет (жилет защитный) или одежду свободного покроя.","На 1-2 размера больше той, которую носит использующий бронежилет (жилет защитный) или одежду свободного покроя.","На 3-4 размера больше той, которую носит использующий бронежилет (жилет защитный) или одежду свободного покроя.",2,"На 1-2 размера больше той, которую носит использующий бронежилет (жилет защитный) или одежду свободного покроя.","Все вопросы / полный банк; Частные охранники / все вопросы; Частные охранники 4,5,6 разрядов / Специальные средства; Специальные средства / все вопросы; Частные охранники / 4 разряд; Частные охранники / 5 разряд; Частные охранники / 6 разряд; Спецсредства / бронежилеты и защитные шлемы; Экзаменационный тест / частные охранники без огневой подготовки; Экзаменационный тест / частные охранники 5–6 разряды",
138.0,"Частные охранники 4,5,6 разрядов",6 разряд,5.1,Огневая подготовка,Как определяется термин «короткоствольное оружие» в соответствии с действующим государственным стандартом? (6 разряд),Оружие с длиной ствола (стволов) не более 150 мм и общей длиной не более 300 мм.,Оружие с длиной ствола (стволов) не более 200 мм и общей длиной не более 400 мм.,Оружие с длиной ствола (стволов) не более 300 мм и общей длиной не более 600 мм.,3,Оружие с длиной ствола (стволов) не более 300 мм и общей длиной не более 600 мм.,"Все вопросы / полный банк; Частные охранники / все вопросы; Частные охранники 4,5,6 разрядов / Огневая подготовка; Огневая подготовка / все вопросы; Частные охранники / 6 разряд; Огневая / теория оружия, боеприпасы, баллистика; Экзаменационный тест / частные охранники 5–6 разряды",
139.0,"Частные охранники 4,5,6 разрядов",5–6 разряд,5.2,Огневая подготовка,"Произойдет ли выстрел, если охранник дослал патрон в патронник пистолета, передернув затвор и сразу поставил его на предохранитель (А при этом курок сорвался с боевого взвода!)?","Произойдет, как и при любом срыве курка с боевого взвода.","Произойдет, но с замедлением до 30 секунд.","Не произойдет, пока не будет произведен повторный взвод и спуск курка при снятом предохранителе.",3,"Не произойдет, пока не будет произведен повторный взвод и спуск курка при снятом предохранителе.","Все вопросы / полный банк; Частные охранники / все вопросы; Частные охранники 4,5,6 разрядов / Огневая подготовка; Огневая подготовка / все вопросы; Частные охранники / 5 разряд; Частные охранники / 6 разряд; Огневая / теория оружия, боеприпасы, баллистика; Огневая / безопасность обращения и команды; Огневая / практическая стрельба и упражнения; Экзаменационный тест / частные охранники 5–6 разряды",
140.0,"Частные охранники 4,5,6 разрядов",5–6 разряд,5.3,Огневая подготовка,Правилами оборота гражданского и служебного оружия на территории Российской Федерации установлен следующий порядок ношения огнестрельного короткоствольного оружия:,"В кобуре, со снаряженным магазином или барабаном, поставленным на предохранитель (при наличии).","В кобуре, с патроном в патроннике, со взведенным курком.","В кобуре, с патроном в патроннике, поставленным на предохранитель (при наличии).",1,"В кобуре, со снаряженным магазином или барабаном, поставленным на предохранитель (при наличии).","Все вопросы / полный банк; Частные охранники / все вопросы; Частные охранники 4,5,6 разрядов / Огневая подготовка; Огневая подготовка / все вопросы; Частные охранники / 5 разряд; Частные охранники / 6 разряд; Огневая / теория оружия, боеприпасы, баллистика; Экзаменационный тест / частные охранники 5–6 разряды",
141.0,"Частные охранники 4,5,6 разрядов",6 разряд,5.4,Огневая подготовка,Эффективной мерой по обеспечению сохранности короткоствольного служебного оружия в процессе его ношения является: (6 разряд),Ношение оружия с использованием пистолетного (револьверного) шнура.,Обматывание оружия изоляционной лентой.,Ношение патронов отдельно от оружия.,1,Ношение оружия с использованием пистолетного (револьверного) шнура.,"Все вопросы / полный банк; Частные охранники / все вопросы; Частные охранники 4,5,6 разрядов / Огневая подготовка; Огневая подготовка / все вопросы; Частные охранники / 6 разряд; Огневая / теория оружия, боеприпасы, баллистика; Экзаменационный тест / частные охранники 5–6 разряды",
142.0,"Частные охранники 4,5,6 разрядов",5–6 разряд,5.5,Огневая подготовка,Согласно рекомендациям предприятий-производителей после стрельбы из пистолетов (револьверов) газовыми патронами их чистка производится:,Сухой тканью.,"Тканью, смоченной спиртом или спиртовым раствором.","Тканью, смоченной ружейной смазкой.",2,"Тканью, смоченной спиртом или спиртовым раствором.","Все вопросы / полный банк; Частные охранники / все вопросы; Частные охранники 4,5,6 разрядов / Огневая подготовка; Огневая подготовка / все вопросы; Частные охранники / 5 разряд; Частные охранники / 6 разряд; Огневая / теория оружия, боеприпасы, баллистика; Огневая / практическая стрельба и упражнения; Огневая / чистка, хранение и обслуживание оружия; Экзаменационный тест / частные охранники 5–6 разряды",
143.0,"Частные охранники 4,5,6 разрядов",5–6 разряд,5.6,Огневая подготовка,"Правилами оборота гражданского и служебного оружия на территории Российской Федерации предусмотрено, что досылание патрона в патронник разрешается:","Только при необходимости применения оружия либо для защиты жизни, здоровья и собственности в состоянии необходимой обороны или крайней необходимости.","При необходимости применения оружия, а также в любых других опасных ситуациях.","При необходимости применения оружия, а также при охране денежных средств и ценных грузов.",1,"Только при необходимости применения оружия либо для защиты жизни, здоровья и собственности в состоянии необходимой обороны или крайней необходимости.","Все вопросы / полный банк; Частные охранники / все вопросы; Частные охранники 4,5,6 разрядов / Огневая подготовка; Огневая подготовка / все вопросы; Частные охранники / 5 разряд; Частные охранники / 6 разряд; Огневая / теория оружия, боеприпасы, баллистика; Экзаменационный тест / частные охранники 5–6 разряды",
144.0,"Частные охранники 4,5,6 разрядов",5–6 разряд,5.7,Огневая подготовка,"На основании правил оборота гражданского и служебного оружия на территории Российской Федерации охранники, осуществляющие ношение оружия при исполнении служебных обязанностей, должны иметь при себе:","Документы, удостоверяющие их личность, приказ на охрану поста (маршрута).","Выданное Федеральной службой войск национальной гвардии Российской Федерации или ее территориальным органом разрешение на хранение и ношение имеющегося у них оружия, медицинские справки форм 002-О/у и 003-О/у.","Документы, удостоверяющие их личность, а также выданное Федеральной службой войск национальной гвардии Российской Федерации или ее территориальным органом разрешение на хранение и ношение имеющегося у них оружия.",3,"Документы, удостоверяющие их личность, а также выданное Федеральной службой войск национальной гвардии Российской Федерации или ее территориальным органом разрешение на хранение и ношение имеющегося у них оружия.","Все вопросы / полный банк; Частные охранники / все вопросы; Частные охранники 4,5,6 разрядов / Огневая подготовка; Огневая подготовка / все вопросы; Частные охранники / 5 разряд; Частные охранники / 6 разряд; Огневая / теория оружия, боеприпасы, баллистика; Экзаменационный тест / частные охранники 5–6 разряды",
145.0,"Частные охранники 4,5,6 разрядов",6 разряд,5.8,Огневая подготовка,"Каков неснижаемый запас патронов для служебного длинноствольного гладкоствольного оружия, установленный нормами обеспечения для частных охранных организаций? (6 разряд)",15 патронов.,20 патронов.,10 патронов.,3,10 патронов.,"Все вопросы / полный банк; Частные охранники / все вопросы; Частные охранники 4,5,6 разрядов / Огневая подготовка; Огневая подготовка / все вопросы; Частные охранники / 6 разряд; Огневая / теория оружия, боеприпасы, баллистика; Экзаменационный тест / частные охранники 5–6 разряды",
146.0,"Частные охранники 4,5,6 разрядов",6 разряд,5.9,Огневая подготовка,"Каков неснижаемый запас патронов для пистолетов и револьверов служебных с нарезным стволом, установленный нормами обеспечения для частных охранных организаций? (6 разряд)",16 патронов.,20 патронов.,24 патрона.,2,20 патронов.,"Все вопросы / полный банк; Частные охранники / все вопросы; Частные охранники 4,5,6 разрядов / Огневая подготовка; Огневая подготовка / все вопросы; Частные охранники / 6 разряд; Огневая / теория оружия, боеприпасы, баллистика; Экзаменационный тест / частные охранники 5–6 разряды",
147.0,"Частные охранники 4,5,6 разрядов",5–6 разряд,5.10,Огневая подготовка,"Каков неснижаемый запас патронов для огнестрельного оружия ограниченного поражения, газовых пистолетов и револьверов, установленный нормами обеспечения для частных охранных организаций?",Не регламентируется.,По два магазина (комплекта).,10 патронов.,1,Не регламентируется.,"Все вопросы / полный банк; Частные охранники / все вопросы; Частные охранники 4,5,6 разрядов / Огневая подготовка; Огневая подготовка / все вопросы; Частные охранники / 5 разряд; Частные охранники / 6 разряд; Огневая / теория оружия, боеприпасы, баллистика; Экзаменационный тест / частные охранники 5–6 разряды",
148.0,"Частные охранники 4,5,6 разрядов",5–6 разряд,5.11,Огневая подготовка,При осуществлении частной охранной деятельности может использоваться следующее оружие:,"Только служебное оружие (сертифицированные в качестве служебного оружия огнестрельное гладкоствольное и нарезное короткоствольное оружие отечественного производства, огнестрельное гладкоствольное длинноствольное оружие отечественного производства и огнестрельное оружие ограниченного поражения отечественного производства).","Служебное оружие (сертифицированные в качестве служебного оружия огнестрельное гладкоствольное и нарезное короткоствольное оружие отечественного производства, огнестрельное гладкоствольное длинноствольное оружие отечественного производства и огнестрельное оружие ограниченного поражения отечественного производства), а также любое гражданское оружие.","Служебное оружие (сертифицированные в качестве служебного оружия огнестрельное гладкоствольное и нарезное короткоствольное оружие отечественного производства, огнестрельное гладкоствольное длинноствольное оружие отечественного производства и огнестрельное оружие ограниченного поражения отечественного производства), а также гражданское оружие, включенное в перечень видов вооружения охранников.",3,"Служебное оружие (сертифицированные в качестве служебного оружия огнестрельное гладкоствольное и нарезное короткоствольное оружие отечественного производства, огнестрельное гладкоствольное длинноствольное оружие отечественного производства и огнестрельное оружие ограниченного поражения отечественного производства), а также гражданское оружие, включенное в перечень видов вооружения охранников.","Все вопросы / полный банк; Частные охранники / все вопросы; Частные охранники 4,5,6 разрядов / Огневая подготовка; Огневая подготовка / все вопросы; Частные охранники / 5 разряд; Частные охранники / 6 разряд; Огневая / теория оружия, боеприпасы, баллистика; Экзаменационный тест / частные охранники 5–6 разряды",
149.0,"Частные охранники 4,5,6 разрядов",5–6 разряд,5.12,Огневая подготовка,Может ли сертифицированное в установленном порядке в качестве гражданского оружия огнестрельное оружие ограниченного поражения отечественного производства использоваться в частной охранной деятельности?,"Не может, так как подлежит использованию только гражданами.","Может, так как включено в перечень видов вооружения охранников.","Может, при условии наличия соответствующего договора между гражданином (охранником) и частной охранной организацией.",2,"Может, так как включено в перечень видов вооружения охранников.","Все вопросы / полный банк; Частные охранники / все вопросы; Частные охранники 4,5,6 разрядов / Огневая подготовка; Огневая подготовка / все вопросы; Частные охранники / 5 разряд; Частные охранники / 6 разряд; Огневая / теория оружия, боеприпасы, баллистика; Экзаменационный тест / частные охранники 5–6 разряды",
150.0,"Частные охранники 4,5,6 разрядов",5–6 разряд,5.13,Огневая подготовка,Могут ли сертифицированное в установленном порядке в качестве гражданского оружия электрошоковые устройства и искровые разрядники отечественного производства использоваться в частной охранной деятельности?,"Могут, так как включены в перечень видов вооружения охранников.","Не могут, так как подлежат использованию только гражданами.","Могут, при условии наличия соответствующего договора между гражданином (охранником) и частной охранной организацией.",1,"Могут, так как включены в перечень видов вооружения охранников.","Все вопросы / полный банк; Частные охранники / все вопросы; Частные охранники 4,5,6 разрядов / Огневая подготовка; Огневая подготовка / все вопросы; Частные охранники / 5 разряд; Частные охранники / 6 разряд; Спецсредства / электрошоковые устройства; Огневая / теория оружия, боеприпасы, баллистика; Экзаменационный тест / частные охранники 5–6 разряды",
151.0,"Частные охранники 4,5,6 разрядов",5–6 разряд,5.14,Огневая подготовка,В каком качестве газовые пистолеты и револьверы отечественного производства могут выдаваться охранникам в частной охранной организации?,"В качестве служебного оружия, включенного в перечень видов вооружения охранников.","В качестве гражданского оружия, включенного в перечень видов вооружения охранников.","В качестве специального средства, включенного в перечень специальных средств, используемых в частной охранной деятельности.",2,"В качестве гражданского оружия, включенного в перечень видов вооружения охранников.","Все вопросы / полный банк; Частные охранники / все вопросы; Частные охранники 4,5,6 разрядов / Огневая подготовка; Огневая подготовка / все вопросы; Частные охранники / 5 разряд; Частные охранники / 6 разряд; Огневая / теория оружия, боеприпасы, баллистика; Экзаменационный тест / частные охранники 5–6 разряды",
152.0,"Частные охранники 4,5,6 разрядов",5–6 разряд,5.15,Огневая подготовка,Какая особенность рикошетирования пули может использоваться и должна учитываться участником огневого контакта в его интересах?,Потеря пулей опасности после рикошета.,Возможность избежать поражения противником из-за самой способности пули рикошетировать от препятствий.,"Возможность поражения с помощью рикошета цели, находящейся за укрытием.",2,Возможность избежать поражения противником из-за самой способности пули рикошетировать от препятствий.,"Все вопросы / полный банк; Частные охранники / все вопросы; Частные охранники 4,5,6 разрядов / Огневая подготовка; Огневая подготовка / все вопросы; Частные охранники / 5 разряд; Частные охранники / 6 разряд; Огневая / теория оружия, боеприпасы, баллистика; Огневая / безопасность обращения и команды; Экзаменационный тест / частные охранники 5–6 разряды",
153.0,"Частные охранники 4,5,6 разрядов",5–6 разряд,5.16,Огневая подготовка,Каков порядок действий стрелка при проведении стрельб в тирах и на стрельбищах?,"Стрелок самостоятельно выходит на линию огня, по команде «заряжай» заряжает оружие и по команде «огонь» ведет огонь.","Стрелок по команде «на линию огня» выходит на огневой рубеж, заряжает, стреляет.","Стрелок выходит, заряжает, стреляет, производит иные действия только по мере получения отдельных команд.",3,"Стрелок выходит, заряжает, стреляет, производит иные действия только по мере получения отдельных команд.","Все вопросы / полный банк; Частные охранники / все вопросы; Частные охранники 4,5,6 разрядов / Огневая подготовка; Огневая подготовка / все вопросы; Частные охранники / 5 разряд; Частные охранники / 6 разряд; Огневая / безопасность обращения и команды; Огневая / практическая стрельба и упражнения; Экзаменационный тест / частные охранники 5–6 разряды",
154.0,"Частные охранники 4,5,6 разрядов",5–6 разряд,5.17,Огневая подготовка,Согласно действующему государственному стандарту по безопасности проведения стрельб при хвате оружия двумя руками запрещается:,Накладывать большой палец позади затвора.,"Производить стрельбу более, чем по одной мишени.",Выполнять упражнения с ограничением времени на стрельбу.,1,Накладывать большой палец позади затвора.,"Все вопросы / полный банк; Частные охранники / все вопросы; Частные охранники 4,5,6 разрядов / Огневая подготовка; Огневая подготовка / все вопросы; Частные охранники / 5 разряд; Частные охранники / 6 разряд; Огневая / теория оружия, боеприпасы, баллистика; Огневая / безопасность обращения и команды; Огневая / практическая стрельба и упражнения; Экзаменационный тест / частные охранники 5–6 разряды",
155.0,"Частные охранники 4,5,6 разрядов",5–6 разряд,5.18,Огневая подготовка,В случае задержки при стрельбе из пистолета в тире необходимо:,"Осторожно вынуть магазин из основания рукоятки, устранить причину задержки, продолжить выполнение упражнения.","Поставить оружие на предохранитель, вынуть магазин из основания рукоятки, сдать оружие руководителю стрельб (инструктору).","Не производить никаких действий с оружием и удерживая его в направлении мишени, доложить руководителю стрельб (инструктору) о задержке и действовать по его команде.",3,"Не производить никаких действий с оружием и удерживая его в направлении мишени, доложить руководителю стрельб (инструктору) о задержке и действовать по его команде.","Все вопросы / полный банк; Частные охранники / все вопросы; Частные охранники 4,5,6 разрядов / Огневая подготовка; Огневая подготовка / все вопросы; Частные охранники / 5 разряд; Частные охранники / 6 разряд; Огневая / безопасность обращения и команды; Огневая / практическая стрельба и упражнения; Экзаменационный тест / частные охранники 5–6 разряды",
156.0,"Частные охранники 4,5,6 разрядов",6 разряд,5.19,Огневая подготовка,Как следует производить перезарядку служебного (гладкоствольного длинноствольного) ружья с помповым механизмом? (6 разряд),"Быстрым движением цевья назад, и не задерживая в заднем положении, быстрым вперед.",Медленно назад и быстро вперед.,Быстро назад и медленно вперед.,1,"Быстрым движением цевья назад, и не задерживая в заднем положении, быстрым вперед.","Все вопросы / полный банк; Частные охранники / все вопросы; Частные охранники 4,5,6 разрядов / Огневая подготовка; Огневая подготовка / все вопросы; Частные охранники / 6 разряд; Огневая / теория оружия, боеприпасы, баллистика; Экзаменационный тест / частные охранники 5–6 разряды",
157.0,"Частные охранники 4,5,6 разрядов",5–6 разряд,5.20,Огневая подготовка,К основным частям огнестрельного оружия относятся:,"Ствол, затвор, барабан, рамка, ствольная коробка.","Ствол, затворная рама, крышка ствольной коробки, приклад, рукоятка.","Ствол, магазин, барабан, рамка, ствольная коробка, патрон.",1,"Ствол, затвор, барабан, рамка, ствольная коробка.","Все вопросы / полный банк; Частные охранники / все вопросы; Частные охранники 4,5,6 разрядов / Огневая подготовка; Огневая подготовка / все вопросы; Частные охранники / 5 разряд; Частные охранники / 6 разряд; Огневая / теория оружия, боеприпасы, баллистика; Экзаменационный тест / частные охранники 5–6 разряды",
158.0,"Частные охранники 4,5,6 разрядов",5–6 разряд,5.21,Огневая подготовка,Безопасное использование оружия предполагает в период непосредственного применения:,"Держать указательный палец вдоль спусковой скобы, переставляя его на спусковой крючок только перед выстрелом.",Держать указательный палец всегда на спусковом крючке.,"Удерживая пистолет двумя руками, всегда держать указательные пальцы (один на другом) на спусковом крючке.",1,"Держать указательный палец вдоль спусковой скобы, переставляя его на спусковой крючок только перед выстрелом.","Все вопросы / полный банк; Частные охранники / все вопросы; Частные охранники 4,5,6 разрядов / Огневая подготовка; Огневая подготовка / все вопросы; Частные охранники / 5 разряд; Частные охранники / 6 разряд; Огневая / теория оружия, боеприпасы, баллистика; Огневая / безопасность обращения и команды; Экзаменационный тест / частные охранники 5–6 разряды",
159.0,"Частные охранники 4,5,6 разрядов",5–6 разряд,5.22,Огневая подготовка,Безопасное использование оружия предполагает в период непосредственного применения:,Не отвлекаться на расчет траектории выстрела (в части исключения вреда посторонним лицам и/или вреда их имуществу).,"Обязательно рассчитывать траекторию выстрела для исключения вреда посторонним лицам, а по возможности и их имуществу.",Обязательно рассчитывать траекторию выстрела для исключения вреда посторонним лицам.,2,"Обязательно рассчитывать траекторию выстрела для исключения вреда посторонним лицам, а по возможности и их имуществу.","Все вопросы / полный банк; Частные охранники / все вопросы; Частные охранники 4,5,6 разрядов / Огневая подготовка; Огневая подготовка / все вопросы; Частные охранники / 5 разряд; Частные охранники / 6 разряд; Огневая / теория оружия, боеприпасы, баллистика; Огневая / безопасность обращения и команды; Экзаменационный тест / частные охранники 5–6 разряды",
160.0,"Частные охранники 4,5,6 разрядов",5–6 разряд,5.23,Огневая подготовка,Безопасное использование оружия предполагает в период непосредственного применения:,Ни при каких обстоятельствах не ставить оружие на предохранитель.,"Не ставить оружие на предохранитель после досылки патрона в патронник, даже если оружие не применяется сразу после досылки патрона.","Ставить оружие на предохранитель после досылки патрона в патронник, если оружие не применяется сразу после досылки патрона.",3,"Ставить оружие на предохранитель после досылки патрона в патронник, если оружие не применяется сразу после досылки патрона.","Все вопросы / полный банк; Частные охранники / все вопросы; Частные охранники 4,5,6 разрядов / Огневая подготовка; Огневая подготовка / все вопросы; Частные охранники / 5 разряд; Частные охранники / 6 разряд; Огневая / теория оружия, боеприпасы, баллистика; Огневая / безопасность обращения и команды; Экзаменационный тест / частные охранники 5–6 разряды",
161.0,"Частные охранники 4,5,6 разрядов",5–6 разряд,5.24,Огневая подготовка,Безопасное использование оружия предполагает в период непосредственного применения:,Обязательный контроль направления ствола оружия при досылке патрона в патронник для исключения возможного вреда посторонним лицам.,Не отвлекаться на контроль направления ствола оружия при досылке патрона в патронник.,Контролировать направления ствола оружия при досылке патрона в патронник только в ситуациях близости несовершеннолетних или ценного имущества.,1,Обязательный контроль направления ствола оружия при досылке патрона в патронник для исключения возможного вреда посторонним лицам.,"Все вопросы / полный банк; Частные охранники / все вопросы; Частные охранники 4,5,6 разрядов / Огневая подготовка; Огневая подготовка / все вопросы; Частные охранники / 5 разряд; Частные охранники / 6 разряд; Огневая / теория оружия, боеприпасы, баллистика; Огневая / безопасность обращения и команды; Экзаменационный тест / частные охранники 5–6 разряды",
162.0,"Частные охранники 4,5,6 разрядов",5–6 разряд,5.25,Огневая подготовка,При стрельбе в тире в противошумовых наушниках или защитных очках действуют следующие правила:,Следует закрепить их во избежание падения во время стрельбы.,"Запрещается надевать, поправлять и снимать их с оружием в руках.","Разрешается надевать, поправлять и снимать их с оружием в руках.",2,"Запрещается надевать, поправлять и снимать их с оружием в руках.","Все вопросы / полный банк; Частные охранники / все вопросы; Частные охранники 4,5,6 разрядов / Огневая подготовка; Огневая подготовка / все вопросы; Частные охранники / 5 разряд; Частные охранники / 6 разряд; Огневая / безопасность обращения и команды; Огневая / практическая стрельба и упражнения; Экзаменационный тест / частные охранники 5–6 разряды",
163.0,"Частные охранники 4,5,6 разрядов",5–6 разряд,5.26,Огневая подготовка,При необходимости перемещения по тиру или стрельбищу (осмотр мишеней и т.п.) в соответствии с мерами по обеспечению безопасности оружие должно находиться:,Непосредственно в руках стрелка.,В кобуре стрелка или на столике стрелка - в разряженном или поставленном на предохранитель виде.,Какие-либо правила на этот счет отсутствуют.,2,В кобуре стрелка или на столике стрелка - в разряженном или поставленном на предохранитель виде.,"Все вопросы / полный банк; Частные охранники / все вопросы; Частные охранники 4,5,6 разрядов / Огневая подготовка; Огневая подготовка / все вопросы; Частные охранники / 5 разряд; Частные охранники / 6 разряд; Огневая / теория оружия, боеприпасы, баллистика; Огневая / безопасность обращения и команды; Огневая / практическая стрельба и упражнения; Экзаменационный тест / частные охранники 5–6 разряды",
164.0,"Частные охранники 4,5,6 разрядов",5–6 разряд,5.27,Огневая подготовка,"Безопасное использование оружия при его ношении предполагает передачу оружия лицу, уполномоченному на его проверку:",С патроном в патроннике и присоединенным магазином.,С отсоединенным магазином и после проверки факта отсутствия патрона в патроннике.,"В том состоянии, которого потребовал проверяющий.",2,С отсоединенным магазином и после проверки факта отсутствия патрона в патроннике.,"Все вопросы / полный банк; Частные охранники / все вопросы; Частные охранники 4,5,6 разрядов / Огневая подготовка; Огневая подготовка / все вопросы; Частные охранники / 5 разряд; Частные охранники / 6 разряд; Огневая / теория оружия, боеприпасы, баллистика; Огневая / безопасность обращения и команды; Экзаменационный тест / частные охранники 5–6 разряды",
165.0,"Частные охранники 4,5,6 разрядов",5–6 разряд,5.28,Огневая подготовка,Для эффективного поражения цели предполагается ведение огня (в зависимости от дистанции):,"На дистанции, не превышающей рекомендуемую для данного оружия.",На любой дистанции (в том числе и превышающей рекомендуемую для данного оружия).,"На дистанции, не превышающей максимальную дальность полета пули из данного оружия.",1,"На дистанции, не превышающей рекомендуемую для данного оружия.","Все вопросы / полный банк; Частные охранники / все вопросы; Частные охранники 4,5,6 разрядов / Огневая подготовка; Огневая подготовка / все вопросы; Частные охранники / 5 разряд; Частные охранники / 6 разряд; Экзаменационный тест / частные охранники 5–6 разряды",
166.0,"Частные охранники 4,5,6 разрядов",5–6 разряд,5.29,Огневая подготовка,По своему назначению шептало пистолета служит:,Для возвращения спускового крючка в крайнее переднее положение.,Для удержания курка на боевом и предохранительном взводе.,"Для приведения в действие курка, рычага взвода и спусковой тяги.",2,Для удержания курка на боевом и предохранительном взводе.,"Все вопросы / полный банк; Частные охранники / все вопросы; Частные охранники 4,5,6 разрядов / Огневая подготовка; Огневая подготовка / все вопросы; Частные охранники / 5 разряд; Частные охранники / 6 разряд; Экзаменационный тест / частные охранники 5–6 разряды",
167.0,"Частные охранники 4,5,6 разрядов",5–6 разряд,5.30,Огневая подготовка,"Согласно рекомендациям предприятий-производителей, не следует применять аэрозольные устройства, снаряженные слезоточивыми веществами:",Во время дождя или в сырую погоду.,"При встречном ветре, а также в замкнутом пространстве (подъездах, лифтах, транспортных средствах и т.п.).",При температуре окружающего воздуха ниже 0ºС.,2,"При встречном ветре, а также в замкнутом пространстве (подъездах, лифтах, транспортных средствах и т.п.).","Все вопросы / полный банк; Частные охранники / все вопросы; Частные охранники 4,5,6 разрядов / Огневая подготовка; Огневая подготовка / все вопросы; Частные охранники / 5 разряд; Частные охранники / 6 разряд; Экзаменационный тест / частные охранники 5–6 разряды",
168.0,"Частные охранники 4,5,6 разрядов",5–6 разряд,5.31,Огневая подготовка,"Меры безопасности при проведении на стрелковых объектах специальных упражнений (связанных с поворотами, разворотами, кувырками, перекатами и т.п.) предполагают:","Обязательное применение оружия, предназначенного для подразделений специального назначения.","Нахождение оружия на предохранителе вплоть до момента открытия огня, направление оружия и производство выстрелов только по мишеням, установленным перед пулеприемником (пулеприемниками).","Надежное удержание оружия при передвижениях, без каких-либо дополнительных требований.",2,"Нахождение оружия на предохранителе вплоть до момента открытия огня, направление оружия и производство выстрелов только по мишеням, установленным перед пулеприемником (пулеприемниками).","Все вопросы / полный банк; Частные охранники / все вопросы; Частные охранники 4,5,6 разрядов / Огневая подготовка; Огневая подготовка / все вопросы; Частные охранники / 5 разряд; Частные охранники / 6 разряд; Огневая / безопасность обращения и команды; Огневая / практическая стрельба и упражнения; Экзаменационный тест / частные охранники 5–6 разряды",
169.0,"Частные охранники 4,5,6 разрядов",6 разряд,5.32,Огневая подготовка,Как определяется термин «длинноствольное оружие» в соответствии с действующим государственным стандартом? (6 разряд),Оружие с длиной ствола (стволов) более 300 мм и общей длиной более 600 мм.,Оружие с длиной ствола (стволов) более 200 мм и общей длиной более 400 мм.,Оружие с длиной ствола (стволов) более 150 мм и общей длиной более 300 мм.,1,Оружие с длиной ствола (стволов) более 300 мм и общей длиной более 600 мм.,"Все вопросы / полный банк; Частные охранники / все вопросы; Частные охранники 4,5,6 разрядов / Огневая подготовка; Огневая подготовка / все вопросы; Частные охранники / 6 разряд; Огневая / теория оружия, боеприпасы, баллистика; Экзаменационный тест / частные охранники 5–6 разряды",
170.0,"Частные охранники 4,5,6 разрядов",5–6 разряд,5.33,Огневая подготовка,"Неполная разборка пистолета, для пистолетов по конструкции сходных с пистолетом ИЖ-71 (МР-71), производится в следующем порядке:","Отделить затвор, отвинтить винт рукоятки, отделить рукоятку от рамки, снять возвратную пружину.","Выключить предохранитель, отвести спусковую скобу вниз и влево, отделить затвор от рамки, поставить спусковую скобу на место, снять со ствола возвратную пружину.","Извлечь магазин из основания рукоятки, выключить предохранитель, убедится в отсутствии патрона в патроннике, отвести спусковую скобу вниз и влево, отделить затвор от рамки, поставить спусковую скобу на место, снять со ствола возвратную пружину.",3,"Извлечь магазин из основания рукоятки, выключить предохранитель, убедится в отсутствии патрона в патроннике, отвести спусковую скобу вниз и влево, отделить затвор от рамки, поставить спусковую скобу на место, снять со ствола возвратную пружину.","Все вопросы / полный банк; Частные охранники / все вопросы; Частные охранники 4,5,6 разрядов / Огневая подготовка; Огневая подготовка / все вопросы; Частные охранники / 5 разряд; Частные охранники / 6 разряд; Огневая / чистка, хранение и обслуживание оружия; Экзаменационный тест / частные охранники 5–6 разряды",
171.0,"Частные охранники 4,5,6 разрядов",5–6 разряд,5.34,Огневая подготовка,По своему назначению выбрасыватель пистолета служит:,Для отвода неизрасходованной части пороховых газов.,Для удержания гильзы (патрона) в чашечке затвора до встречи с отражателем.,Для извлечения магазина из рукоятки пистолета.,2,Для удержания гильзы (патрона) в чашечке затвора до встречи с отражателем.,"Все вопросы / полный банк; Частные охранники / все вопросы; Частные охранники 4,5,6 разрядов / Огневая подготовка; Огневая подготовка / все вопросы; Частные охранники / 5 разряд; Частные охранники / 6 разряд; Экзаменационный тест / частные охранники 5–6 разряды",
172.0,"Частные охранники 4,5,6 разрядов",5–6 разряд,5.35,Огневая подготовка,По своему назначению боевая пружина пистолета служит:,Для досылания патрона в патронник.,Для возвращения затвора в крайнее переднее положение после выстрела.,"Для приведения в действие курка, рычага взвода и спусковой тяги.",3,"Для приведения в действие курка, рычага взвода и спусковой тяги.","Все вопросы / полный банк; Частные охранники / все вопросы; Частные охранники 4,5,6 разрядов / Огневая подготовка; Огневая подготовка / все вопросы; Частные охранники / 5 разряд; Частные охранники / 6 разряд; Экзаменационный тест / частные охранники 5–6 разряды",
173.0,"Частные охранники 4,5,6 разрядов",5–6 разряд,5.36,Огневая подготовка,По своему назначению возвратная пружина пистолета служит:,Для возвращения спускового крючка в крайнее переднее положение.,Для возвращения затвора в крайнее переднее положение после выстрела.,"Для приведения в действие курка, рычага взвода и спусковой тяги.",2,Для возвращения затвора в крайнее переднее положение после выстрела.,"Все вопросы / полный банк; Частные охранники / все вопросы; Частные охранники 4,5,6 разрядов / Огневая подготовка; Огневая подготовка / все вопросы; Частные охранники / 5 разряд; Частные охранники / 6 разряд; Экзаменационный тест / частные охранники 5–6 разряды",
174.0,"Частные охранники 4,5,6 разрядов",5–6 разряд,5.37,Огневая подготовка,По своему назначению курок пистолета служит:,Для нанесения удара по ударнику.,Для приведения в действие спусковой тяги с рычагом взвода.,Для нанесения удара по капсюлю гильзы.,1,Для нанесения удара по ударнику.,"Все вопросы / полный банк; Частные охранники / все вопросы; Частные охранники 4,5,6 разрядов / Огневая подготовка; Огневая подготовка / все вопросы; Частные охранники / 5 разряд; Частные охранники / 6 разряд; Экзаменационный тест / частные охранники 5–6 разряды",
175.0,"Частные охранники 4,5,6 разрядов",5–6 разряд,5.38,Огневая подготовка,По своему назначению затвор пистолета служит:,"Для подачи патрона из магазина в патронник, фиксации ствола при выстреле, отвода неизрасходованных пороховых газов и извлечения гильзы после выстрела, для постановки курка на предохранительный взвод.",Для соединения всех частей пистолета.,"Для подачи патрона из магазина в патронник, запирания канала ствола при выстреле, удержания гильзы (извлечения патрона) и постановки курка на боевой взвод.",3,"Для подачи патрона из магазина в патронник, запирания канала ствола при выстреле, удержания гильзы (извлечения патрона) и постановки курка на боевой взвод.","Все вопросы / полный банк; Частные охранники / все вопросы; Частные охранники 4,5,6 разрядов / Огневая подготовка; Огневая подготовка / все вопросы; Частные охранники / 5 разряд; Частные охранники / 6 разряд; Экзаменационный тест / частные охранники 5–6 разряды",
176.0,"Частные охранники 4,5,6 разрядов",5–6 разряд,5.39,Огневая подготовка,Начальной скоростью пули называется:,Скорость движения пули при прохождении дульного среза ствола.,Скорость движения пули при вхождении в ствол из патронника (каморы барабана).,Скорость движения пули на расстоянии одного метра от дульного среза ствола.,1,Скорость движения пули при прохождении дульного среза ствола.,"Все вопросы / полный банк; Частные охранники / все вопросы; Частные охранники 4,5,6 разрядов / Огневая подготовка; Огневая подготовка / все вопросы; Частные охранники / 5 разряд; Частные охранники / 6 разряд; Экзаменационный тест / частные охранники 5–6 разряды",
177.0,"Частные охранники 4,5,6 разрядов",5–6 разряд,5.40,Огневая подготовка,Линией прицеливания называется:,"Линия, проходящая от центра ствола в точку прицеливания.","Прямая линия, проходящая от глаза стрелка через середину прорези прицела (на уровне с ее краями) и вершину мушки в точку прицеливания.","Линия, описываемая центром тяжести пули в полете.",2,"Прямая линия, проходящая от глаза стрелка через середину прорези прицела (на уровне с ее краями) и вершину мушки в точку прицеливания.","Все вопросы / полный банк; Частные охранники / все вопросы; Частные охранники 4,5,6 разрядов / Огневая подготовка; Огневая подготовка / все вопросы; Частные охранники / 5 разряд; Частные охранники / 6 разряд; Огневая / практическая стрельба и упражнения; Экзаменационный тест / частные охранники 5–6 разряды",
178.0,"Частные охранники 4,5,6 разрядов",5–6 разряд,5.41,Огневая подготовка,Прямым выстрелом называется:,"Выстрел, при котором траектория полета пули поднимается над линией прицеливания выше цели не более, чем на одной трети своего протяжения.","Выстрел, при котором ствол оружия и линия плеч стрелка составляют прямой угол.","Выстрел, при котором траектория полета пули не поднимается над линией прицеливания выше цели на всем своем протяжении.",3,"Выстрел, при котором траектория полета пули не поднимается над линией прицеливания выше цели на всем своем протяжении.","Все вопросы / полный банк; Частные охранники / все вопросы; Частные охранники 4,5,6 разрядов / Огневая подготовка; Огневая подготовка / все вопросы; Частные охранники / 5 разряд; Частные охранники / 6 разряд; Огневая / практическая стрельба и упражнения; Экзаменационный тест / частные охранники 5–6 разряды",
179.0,"Частные охранники 4,5,6 разрядов",5–6 разряд,5.42,Огневая подготовка,Траекторией полета пули называется:,"Кривая линия, описываемая центром тяжести пули в полете.","Прямая линия, проходящая от глаза стрелка через середину прорези прицела (на уровне с ее краями) и вершину мушки в точку прицеливания.",Прямая линия от центра ствола до точки попадания.,1,"Кривая линия, описываемая центром тяжести пули в полете.","Все вопросы / полный банк; Частные охранники / все вопросы; Частные охранники 4,5,6 разрядов / Огневая подготовка; Огневая подготовка / все вопросы; Частные охранники / 5 разряд; Частные охранники / 6 разряд; Огневая / теория оружия, боеприпасы, баллистика; Экзаменационный тест / частные охранники 5–6 разряды",
180.0,"Частные охранники 4,5,6 разрядов",6 разряд,5.43,Огневая подготовка,Емкость магазина пистолета служебного ПКСК составляет: (6 разряд),5 патронов.,8 патронов.,10 патронов.,3,10 патронов.,"Все вопросы / полный банк; Частные охранники / все вопросы; Частные охранники 4,5,6 разрядов / Огневая подготовка; Огневая подготовка / все вопросы; Частные охранники / 6 разряд; Огневая / теория оружия, боеприпасы, баллистика; Экзаменационный тест / частные охранники 5–6 разряды",
181.0,"Частные охранники 4,5,6 разрядов",6 разряд,5.44,Огневая подготовка,Емкость магазина служебного пистолета ОЦ-21С составляет: (6 разряд),5 патронов.,8 патронов.,10 патронов.,1,5 патронов.,"Все вопросы / полный банк; Частные охранники / все вопросы; Частные охранники 4,5,6 разрядов / Огневая подготовка; Огневая подготовка / все вопросы; Частные охранники / 6 разряд; Огневая / теория оружия, боеприпасы, баллистика; Экзаменационный тест / частные охранники 5–6 разряды",
182.0,"Частные охранники 4,5,6 разрядов",6 разряд,5.45,Огневая подготовка,Емкость магазина служебного пистолета П-96С составляет: (6 разряд),5 патронов.,8 патронов.,10 патронов.,3,10 патронов.,"Все вопросы / полный банк; Частные охранники / все вопросы; Частные охранники 4,5,6 разрядов / Огневая подготовка; Огневая подготовка / все вопросы; Частные охранники / 6 разряд; Огневая / теория оружия, боеприпасы, баллистика; Экзаменационный тест / частные охранники 5–6 разряды",
183.0,"Частные охранники 4,5,6 разрядов",5–6 разряд,5.46,Огневая подготовка,"Чистка и смазка оружия (пистолетов, револьверов, ружей и карабинов), находящегося без употребления, производится:",Ежедневно.,Не реже одного раза в неделю.,Не реже одного раза в месяц.,2,Не реже одного раза в неделю.,"Все вопросы / полный банк; Частные охранники / все вопросы; Частные охранники 4,5,6 разрядов / Огневая подготовка; Огневая подготовка / все вопросы; Частные охранники / 5 разряд; Частные охранники / 6 разряд; Огневая / теория оружия, боеприпасы, баллистика; Огневая / чистка, хранение и обслуживание оружия; Экзаменационный тест / частные охранники 5–6 разряды",
184.0,"Частные охранники 4,5,6 разрядов",5–6 разряд,5.47,Огневая подготовка,"Чистка и смазка оружия (пистолетов, револьверов, ружей и карабинов) после стрельбы производится:","Однократно, по возвращении со стрельбы.","Немедленно по окончании стрельбы (частично), по возвращении со стрельбы (окончательно).","Немедленно по окончании стрельбы (частично), по возвращении со стрельбы (окончательно), в последующие 3-4 дня ежедневно.",3,"Немедленно по окончании стрельбы (частично), по возвращении со стрельбы (окончательно), в последующие 3-4 дня ежедневно.","Все вопросы / полный банк; Частные охранники / все вопросы; Частные охранники 4,5,6 разрядов / Огневая подготовка; Огневая подготовка / все вопросы; Частные охранники / 5 разряд; Частные охранники / 6 разряд; Огневая / теория оружия, боеприпасы, баллистика; Огневая / практическая стрельба и упражнения; Огневая / чистка, хранение и обслуживание оружия; Экзаменационный тест / частные охранники 5–6 разряды",
185.0,"Частные охранники 4,5,6 разрядов",5–6 разряд,5.48,Огневая подготовка,"Чистка и смазка оружия (пистолетов, револьверов, ружей и карабинов), внесенного с мороза в теплое помещение:","Производится после того, как оружие «отпотеет» (появятся капли влаги) и влага высохнет.","Производится, не дожидаясь, пока оружие начнет «отпотевать» (оружие сразу протирается насухо; начинается его чистка).","Производится, когда оружие «отпотеет» - появятся капли влаги (после этого сразу протирается насухо; начинается его чистка).",3,"Производится, когда оружие «отпотеет» - появятся капли влаги (после этого сразу протирается насухо; начинается его чистка).","Все вопросы / полный банк; Частные охранники / все вопросы; Частные охранники 4,5,6 разрядов / Огневая подготовка; Огневая подготовка / все вопросы; Частные охранники / 5 разряд; Частные охранники / 6 разряд; Огневая / теория оружия, боеприпасы, баллистика; Огневая / чистка, хранение и обслуживание оружия; Экзаменационный тест / частные охранники 5–6 разряды",
186.0,"Частные охранники 4,5,6 разрядов",5–6 разряд,5.49,Огневая подготовка,"Тактика действий при наличии на траектории стрельбы третьих лиц, не участвующих в нападении:","Обороняющийся, сам оставаясь в неподвижности, ожидает изменения ситуации (подавая третьим лицам соответствующие команды голосом).","Обороняющийся перемещается в направлении (влево, вправо, вниз или вверх), обеспечивающем безопасную для третьих лиц траекторию выстрела.","Обороняющийся не отвлекается на действия, направленные на обеспечение безопасности третьих лиц.",2,"Обороняющийся перемещается в направлении (влево, вправо, вниз или вверх), обеспечивающем безопасную для третьих лиц траекторию выстрела.","Все вопросы / полный банк; Частные охранники / все вопросы; Частные охранники 4,5,6 разрядов / Огневая подготовка; Огневая подготовка / все вопросы; Частные охранники / 5 разряд; Частные охранники / 6 разряд; Огневая / теория оружия, боеприпасы, баллистика; Огневая / практическая стрельба и упражнения; Экзаменационный тест / частные охранники 5–6 разряды",
187.0,"Частные охранники 4,5,6 разрядов",5–6 разряд,5.50,Огневая подготовка,Смазку оружия положено производить:,Одновременно с чисткой.,По истечении 10 минут после чистки.,Немедленно после чистки.,3,Немедленно после чистки.,"Все вопросы / полный банк; Частные охранники / все вопросы; Частные охранники 4,5,6 разрядов / Огневая подготовка; Огневая подготовка / все вопросы; Частные охранники / 5 разряд; Частные охранники / 6 разряд; Огневая / теория оружия, боеприпасы, баллистика; Огневая / чистка, хранение и обслуживание оружия; Экзаменационный тест / частные охранники 5–6 разряды",
188.0,"Частные охранники 4,5,6 разрядов",5–6 разряд,5.51,Огневая подготовка,При эксплуатации электрошоковых устройств (ЭШУ) необходимо:,"Избегать контакта рабочих электродов в области низа живота, поясницы и ягодиц объекта воздействия.","Избегать контакта рабочих электродов в области сердца, головы, шеи и солнечного сплетения объекта воздействия.",Еженедельно зачищать рабочие электроды наждачной бумагой.,2,"Избегать контакта рабочих электродов в области сердца, головы, шеи и солнечного сплетения объекта воздействия.","Все вопросы / полный банк; Частные охранники / все вопросы; Частные охранники 4,5,6 разрядов / Огневая подготовка; Огневая подготовка / все вопросы; Частные охранники / 5 разряд; Частные охранники / 6 разряд; Спецсредства / электрошоковые устройства; Экзаменационный тест / частные охранники 5–6 разряды",
189.0,"Частные охранники 4,5,6 разрядов",5–6 разряд,5.52,Огневая подготовка,Действия с пистолетом при получении в тире (на стрельбище) команды «Оружие к осмотру»:,"Выключить предохранитель, отвести затвор в крайнее заднее положение (привести пистолет в положение «на затворной задержке»), оружие удерживать горизонтально дульной частью в направлении мишени так, чтобы руководитель стрельбы видел патронник.","Выключить предохранитель, отвести затвор в крайнее заднее положение (привести пистолет в положение «на затворной задержке»), извлечь магазин из основания рукоятки пистолета и вложить его под большой палец руки, удерживающей оружие, впереди предохранителя так, чтобы подаватель магазина был на 2 - 3 см выше затвора (оружие при этом удерживать горизонтально дульной частью в направлении мишени так, чтобы руководитель стрельбы видел патронник).","Выключить предохранитель, извлечь магазин из основания рукоятки пистолета и вложить его под большой палец руки, удерживающей оружие, впереди предохранителя так, чтобы подаватель магазина был на 2 - 3 см выше затвора (оружие при этом удерживать горизонтально дульной частью в направлении мишени).",2,"Выключить предохранитель, отвести затвор в крайнее заднее положение (привести пистолет в положение «на затворной задержке»), извлечь магазин из основания рукоятки пистолета и вложить его под большой палец руки, удерживающей оружие, впереди предохранителя так, чтобы подаватель магазина был на 2 - 3 см выше затвора (оружие при этом удерживать горизонтально дульной частью в направлении мишени так, чтобы руководитель стрельбы видел патронник).","Все вопросы / полный банк; Частные охранники / все вопросы; Частные охранники 4,5,6 разрядов / Огневая подготовка; Огневая подготовка / все вопросы; Частные охранники / 5 разряд; Частные охранники / 6 разряд; Огневая / теория оружия, боеприпасы, баллистика; Огневая / безопасность обращения и команды; Огневая / практическая стрельба и упражнения; Экзаменационный тест / частные охранники 5–6 разряды",
190.0,"Частные охранники 4,5,6 разрядов",5–6 разряд,5.53,Огневая подготовка,Действия с пистолетом при получении в тире (на стрельбище) команды «Осмотрено»:,"Взять магазин в свободную руку, снять затвор с затворной задержки, провести контрольный спуск курка в направлении мишени, включить предохранитель, вставить магазин в основание рукоятки, и в зависимости от доведенных условий стрельбы – убрать оружие в кобуру и застегнуть ее или поместить оружие на стойку (столик) стрелка.","Взять магазин в свободную руку, снять затвор с затворной задержки, провести контрольный спуск курка в направлении мишени, включить предохранитель, и в зависимости от доведенных условий стрельбы – убрать оружие в кобуру и застегнуть ее или поместить оружие на стойку (столик) стрелка.","Снять затвор с затворной задержки, провести контрольный спуск курка в направлении мишени, включить предохранитель",1,"Взять магазин в свободную руку, снять затвор с затворной задержки, провести контрольный спуск курка в направлении мишени, включить предохранитель, вставить магазин в основание рукоятки, и в зависимости от доведенных условий стрельбы – убрать оружие в кобуру и застегнуть ее или поместить оружие на стойку (столик) стрелка.","Все вопросы / полный банк; Частные охранники / все вопросы; Частные охранники 4,5,6 разрядов / Огневая подготовка; Огневая подготовка / все вопросы; Частные охранники / 5 разряд; Частные охранники / 6 разряд; Огневая / безопасность обращения и команды; Огневая / практическая стрельба и упражнения; Экзаменационный тест / частные охранники 5–6 разряды",
191.0,"Частные охранники 4,5,6 разрядов",5–6 разряд,5.54,Огневая подготовка,Действия по временному прекращению стрельбы в тире (на стрельбище):,"Прекратить нажим на хвост спускового крючка; извлечь магазин, произвести контрольный спуск курка (в условиях безопасности по направлению возможного выстрела), включить предохранитель (если таковой имеется).",Прекратить нажим на хвост спускового крючка; включить предохранитель (если таковой имеется).,"Прекратить нажим на хвост спускового крючка; извлечь магазин, произвести контрольный спуск курка (в условиях безопасности по направлению возможного выстрела).",2,Прекратить нажим на хвост спускового крючка; включить предохранитель (если таковой имеется).,"Все вопросы / полный банк; Частные охранники / все вопросы; Частные охранники 4,5,6 разрядов / Огневая подготовка; Огневая подготовка / все вопросы; Частные охранники / 5 разряд; Частные охранники / 6 разряд; Огневая / безопасность обращения и команды; Огневая / практическая стрельба и упражнения; Экзаменационный тест / частные охранники 5–6 разряды",
192.0,"Частные охранники 4,5,6 разрядов",5–6 разряд,5.55,Огневая подготовка,Действия по временному прекращению стрельбы при исполнении служебных обязанностей охранника:,Прекратить нажим на хвост спускового крючка; включить предохранитель (если таковой имеется); при необходимости – перезарядить оружие.,"Прекратить нажим на хвост спускового крючка; извлечь магазин, произвести контрольный спуск курка (в условиях безопасности по направлению возможного выстрела).","Прекратить нажим на хвост спускового крючка; извлечь магазин, произвести контрольный спуск курка (в условиях безопасности по направлению возможного выстрела), включить предохранитель (если таковой имеется).",1,Прекратить нажим на хвост спускового крючка; включить предохранитель (если таковой имеется); при необходимости – перезарядить оружие.,"Все вопросы / полный банк; Частные охранники / все вопросы; Частные охранники 4,5,6 разрядов / Огневая подготовка; Огневая подготовка / все вопросы; Частные охранники / 5 разряд; Частные охранники / 6 разряд; Огневая / практическая стрельба и упражнения; Экзаменационный тест / частные охранники 5–6 разряды",
193.0,"Частные охранники 4,5,6 разрядов",5–6 разряд,5.56,Огневая подготовка,Для временного прекращения стрельбы в тире (на стрельбище) подается команда:,«Оружие к осмотру».,«Разряжай».,"«Стой» или «Стой, прекратить огонь».",3,"«Стой» или «Стой, прекратить огонь».","Все вопросы / полный банк; Частные охранники / все вопросы; Частные охранники 4,5,6 разрядов / Огневая подготовка; Огневая подготовка / все вопросы; Частные охранники / 5 разряд; Частные охранники / 6 разряд; Огневая / безопасность обращения и команды; Огневая / практическая стрельба и упражнения; Экзаменационный тест / частные охранники 5–6 разряды",
194.0,"Частные охранники 4,5,6 разрядов",5–6 разряд,5.57,Огневая подготовка,В случае неполного израсходования патронов в тире (на стрельбище) подается команда:,«Оружие к осмотру».,«Разряжай».,"«Стой» или «Стой, прекратить огонь».",2,«Разряжай».,"Все вопросы / полный банк; Частные охранники / все вопросы; Частные охранники 4,5,6 разрядов / Огневая подготовка; Огневая подготовка / все вопросы; Частные охранники / 5 разряд; Частные охранники / 6 разряд; Огневая / теория оружия, боеприпасы, баллистика; Огневая / безопасность обращения и команды; Огневая / практическая стрельба и упражнения; Экзаменационный тест / частные охранники 5–6 разряды",
195.0,"Частные охранники 4,5,6 разрядов",5–6 разряд,5.58,Огневая подготовка,Действия при завершении стрельбы в тире (на стрельбище):,"Прекратить нажим на хвост спускового крючка (убрать палец со спускового крючка), включить предохранитель (если таковой имеется); далее действовать по команде «Отбой».","Прекратить нажим на хвост спускового крючка (убрать палец со спускового крючка), принять исходное положение, снять затвор с затворной задержки (для систем с затворной задержкой), включить предохранитель (если таковой имеется); далее действовать по команде «Отбой» (а при отсутствия технических средств осмотра и фиксации результатов стрельбы – также и по команде «Смена, к мишеням шагом-марш»).","Прекратить нажим на хвост спускового крючка (убрать палец со спускового крючка), принять исходное положение, снять затвор с затворной задержки (для систем с затворной задержкой), включить предохранитель (если таковой имеется) и доложить о завершении стрельбы: «Иванов стрельбу закончил»; в случае неполного израсходования патронов по команде «Разряжай» разрядить оружие (согласно правилам, установленным для данного оружия); далее действовать по командам «Оружие к осмотру», «Осмотрено», «Отбой» (а при отсутствия технических средств осмотра и фиксации результатов стрельбы – также и по команде «Смена, к мишеням шагом-марш»).",3,"Прекратить нажим на хвост спускового крючка (убрать палец со спускового крючка), принять исходное положение, снять затвор с затворной задержки (для систем с затворной задержкой), включить предохранитель (если таковой имеется) и доложить о завершении стрельбы: «Иванов стрельбу закончил»; в случае неполного израсходования патронов по команде «Разряжай» разрядить оружие (согласно правилам, установленным для данного оружия); далее действовать по командам «Оружие к осмотру», «Осмотрено», «Отбой» (а при отсутствия технических средств осмотра и фиксации результатов стрельбы – также и по команде «Смена, к мишеням шагом-марш»).","Все вопросы / полный банк; Частные охранники / все вопросы; Частные охранники 4,5,6 разрядов / Огневая подготовка; Огневая подготовка / все вопросы; Частные охранники / 5 разряд; Частные охранники / 6 разряд; Огневая / безопасность обращения и команды; Огневая / практическая стрельба и упражнения; Экзаменационный тест / частные охранники 5–6 разряды",
196.0,"Частные охранники 4,5,6 разрядов",5–6 разряд,5.59,Огневая подготовка,Согласно действующему государственному стандарту по безопасности проведения стрельб при выполнении в тире (на стрельбище) команды «Заряжай»:,"Пистолет направляется дульной частью в сторону мишени, снаряженный магазин вставляется в основание рукоятки пистолета (если по условиям упражнения уже не был присоединен), патрон в патронник не досылается, стрелок производит доклад о готовности «Иванов к стрельбе готов».","Пистолет направляется дульной частью в сторону мишени, снаряженный магазин вставляется в основание рукоятки пистолета (если по условиям упражнения уже не был присоединен), пистолет снимается с предохранителя (предохранитель выключается), патрон досылается в патронник, пистолет ставится на предохранитель (предохранитель включается), стрелок производит доклад о готовности «Иванов к стрельбе готов».","Пистолет удерживается дульной частью в произвольном направлении, снаряженный магазин вставляется в основание рукоятки пистолета (если по условиям упражнения уже не был присоединен), пистолет снимается с предохранителя (предохранитель выключается), патрон досылается в патронник, пистолет ставится на предохранитель (предохранитель включается), стрелок производит доклад о готовности «Иванов к стрельбе готов».",2,"Пистолет направляется дульной частью в сторону мишени, снаряженный магазин вставляется в основание рукоятки пистолета (если по условиям упражнения уже не был присоединен), пистолет снимается с предохранителя (предохранитель выключается), патрон досылается в патронник, пистолет ставится на предохранитель (предохранитель включается), стрелок производит доклад о готовности «Иванов к стрельбе готов».","Все вопросы / полный банк; Частные охранники / все вопросы; Частные охранники 4,5,6 разрядов / Огневая подготовка; Огневая подготовка / все вопросы; Частные охранники / 5 разряд; Частные охранники / 6 разряд; Огневая / безопасность обращения и команды; Огневая / практическая стрельба и упражнения; Экзаменационный тест / частные охранники 5–6 разряды",
197.0,"Частные охранники 4,5,6 разрядов",5–6 разряд,5.60,Огневая подготовка,"Согласно действующему государственному стандарту по безопасности проведения стрельб, в составе действий по командам «Заряжай», «Огонь» подаваемым в тире (на стрельбище) подряд без паузы (то есть в случаях, когда открытие огня предусматривается сразу после заряжания оружия), промежуточное включение и выключение предохранителя, а также доклад о готовности к стрельбе перед открытием огня:",Не производится.,Производится в обязательном порядке.,"Производится в случае, если такое решение принято самим стреляющим.",1,Не производится.,"Все вопросы / полный банк; Частные охранники / все вопросы; Частные охранники 4,5,6 разрядов / Огневая подготовка; Огневая подготовка / все вопросы; Частные охранники / 5 разряд; Частные охранники / 6 разряд; Огневая / теория оружия, боеприпасы, баллистика; Огневая / безопасность обращения и команды; Огневая / практическая стрельба и упражнения; Экзаменационный тест / частные охранники 5–6 разряды",
198.0,"Частные охранники 4,5,6 разрядов",5–6 разряд,5.61,Огневая подготовка,Команда «Отбой» подается в тире (на стрельбище):,Перед началом осмотра оружия стреляющих.,После завершения осмотра оружия у всей смены стреляющих.,После завершения осмотра оружия каждого отдельного стрелка в смене.,2,После завершения осмотра оружия у всей смены стреляющих.,"Все вопросы / полный банк; Частные охранники / все вопросы; Частные охранники 4,5,6 разрядов / Огневая подготовка; Огневая подготовка / все вопросы; Частные охранники / 5 разряд; Частные охранники / 6 разряд; Огневая / безопасность обращения и команды; Огневая / практическая стрельба и упражнения; Экзаменационный тест / частные охранники 5–6 разряды",
199.0,"Частные охранники 4,5,6 разрядов",5–6 разряд,5.62,Огневая подготовка,"По команде «Отбой», подаваемой в тире (на стрельбище):",Все действия с оружием прекращаются.,"Не допускаются никакие действия с оружием, кроме действий по его разряжанию.","Не допускаются никакие действия с оружием, кроме действий по его осмотру.",1,Все действия с оружием прекращаются.,"Все вопросы / полный банк; Частные охранники / все вопросы; Частные охранники 4,5,6 разрядов / Огневая подготовка; Огневая подготовка / все вопросы; Частные охранники / 5 разряд; Частные охранники / 6 разряд; Огневая / безопасность обращения и команды; Огневая / практическая стрельба и упражнения; Экзаменационный тест / частные охранники 5–6 разряды",
200.0,"Частные охранники 4,5,6 разрядов",6 разряд,5.63,Огневая подготовка,"При применении охранником служебного огнестрельного гладкоствольного длинноствольного оружия необходимо учитывать, что предельная дальность полета пуль 12 калибра для названного оружия составляет (6 разряд):",1000 - 1500 метров.,300 - 500 метров.,100 - 300 метров.,1,1000 - 1500 метров.,"Все вопросы / полный банк; Частные охранники / все вопросы; Частные охранники 4,5,6 разрядов / Огневая подготовка; Огневая подготовка / все вопросы; Частные охранники / 6 разряд; Огневая / теория оружия, боеприпасы, баллистика; Экзаменационный тест / частные охранники 5–6 разряды",
201.0,"Частные охранники 4,5,6 разрядов",5–6 разряд,5.64,Огневая подготовка,Действия с оружием по завершении его применения частным охранником при исполнении служебных обязанностей (до прибытия правоохранительных органов):,"Прекратить нажим на хвост спускового крючка, не разряжая оружие и не ставя оружие на предохранитель, дождаться указаний вышестоящего начальника или представителей правоохранительных органов.","Прекратить нажим на хвост спускового крючка, разрядить оружие, включить предохранитель (если таковой имеется), убрать оружие в кобуру (для тех видов оружия, ношение которых осуществляется в кобуре).","Прекратить нажим на хвост спускового крючка, не разряжая оружие, включить предохранитель (если таковой имеется), убрать оружие в кобуру (для тех видов оружия, ношение которых осуществляется в кобуре).",3,"Прекратить нажим на хвост спускового крючка, не разряжая оружие, включить предохранитель (если таковой имеется), убрать оружие в кобуру (для тех видов оружия, ношение которых осуществляется в кобуре).","Все вопросы / полный банк; Частные охранники / все вопросы; Частные охранники 4,5,6 разрядов / Огневая подготовка; Огневая подготовка / все вопросы; Частные охранники / 5 разряд; Частные охранники / 6 разряд; Огневая / теория оружия, боеприпасы, баллистика; Экзаменационный тест / частные охранники 5–6 разряды",
202.0,"Частные охранники 4,5,6 разрядов",5–6 разряд,5.65,Огневая подготовка,"Самостоятельное снаряжение патронов к огнестрельному оружию, используемому в частной охранной деятельности:",Не предусмотрено действующим законодательством.,"Предусмотрено действующим законодательством в случае, если названное оружие относится к огнестрельному гладкоствольному длинноствольному оружию отечественного производства.",Предусмотрено действующим законодательством для всех его видов и типов.,1,Не предусмотрено действующим законодательством.,"Все вопросы / полный банк; Частные охранники / все вопросы; Частные охранники 4,5,6 разрядов / Огневая подготовка; Огневая подготовка / все вопросы; Частные охранники / 5 разряд; Частные охранники / 6 разряд; Огневая / теория оружия, боеприпасы, баллистика; Экзаменационный тест / частные охранники 5–6 разряды",
203.0,"Частные охранники 4,5,6 разрядов",6 разряд,6.1,Противодействие терроризму,В чем состоит особенность действий охранника 6 разряда в ходе противодействия террористическим угрозам? (6 разряд),"В связи с возможным наличием у охранника служебного и/или гражданского оружия, а также специальных средств, необходимо дополнительно прогнозировать эффективность, а также возможные положительные и отрицательные последствия от их применения, учитывая опасность террористической угрозы.","В связи с возможным наличием у охранника служебного и/или гражданского оружия, а также специальных средств, необходимо понимать, что в ситуации противодействия террористическим угрозам их применять категорически запрещается.",Каких-либо особенностей действий для охранника 6 разряда в ходе противодействия террористическим угрозам не усматривается.,1,"В связи с возможным наличием у охранника служебного и/или гражданского оружия, а также специальных средств, необходимо дополнительно прогнозировать эффективность, а также возможные положительные и отрицательные последствия от их применения, учитывая опасность террористической угрозы.","Все вопросы / полный банк; Частные охранники / все вопросы; Частные охранники 4,5,6 разрядов / Противодействие терроризму; Противодействие терроризму / все вопросы; Частные охранники / 6 разряд; Экзаменационный тест / частные охранники без огневой подготовки; Экзаменационный тест / частные охранники 5–6 разряды",
204.0,"Частные охранники 4,5,6 разрядов",5 разряд,6.2,Противодействие терроризму,В чем состоит особенность действий охранника 5 разряда в ходе противодействия террористическим угрозам? (5 разряд),Каких-либо особенностей действий для охранника 5 разряда в ходе противодействия террористическим угрозам не усматривается.,"В связи с возможным наличием у охранника гражданского оружия и/или специальных средств, необходимо дополнительно прогнозировать эффективность, а также возможные положительные и отрицательные последствия от их применения, учитывая опасность террористической угрозы.","В связи с возможным наличием у охранника гражданского оружия и/или специальных средств, необходимо понимать, что в ситуации противодействия террористическим угрозам их применять категорически запрещается.",2,"В связи с возможным наличием у охранника гражданского оружия и/или специальных средств, необходимо дополнительно прогнозировать эффективность, а также возможные положительные и отрицательные последствия от их применения, учитывая опасность террористической угрозы.","Все вопросы / полный банк; Частные охранники / все вопросы; Частные охранники 4,5,6 разрядов / Противодействие терроризму; Противодействие терроризму / все вопросы; Частные охранники / 5 разряд; Экзаменационный тест / частные охранники без огневой подготовки; Экзаменационный тест / частные охранники 5–6 разряды",
205.0,"Частные охранники 4,5,6 разрядов",4 разряд,6.3,Противодействие терроризму,В чем состоит особенность действий охранника 4 разряда в ходе противодействия террористическим угрозам? (4 разряд),"В связи с возможным наличием у охранника специальных средств, необходимо понимать, что в ситуации противодействия террористическим угрозам их применять категорически запрещается.",Каких-либо особенностей действий для охранника 4 разряда в ходе противодействия террористическим угрозам не усматривается.,"В связи с возможным наличием у охранника специальных средств необходимо дополнительно прогнозировать эффективность, а также возможные положительные и отрицательные последствия от их применения с учетом опасности террористической угрозы.",3,"В связи с возможным наличием у охранника специальных средств необходимо дополнительно прогнозировать эффективность, а также возможные положительные и отрицательные последствия от их применения с учетом опасности террористической угрозы.","Все вопросы / полный банк; Частные охранники / все вопросы; Частные охранники 4,5,6 разрядов / Противодействие терроризму; Противодействие терроризму / все вопросы; Частные охранники / 4 разряд; Экзаменационный тест / частные охранники без огневой подготовки",
206.0,Работники ЮЛ с особыми уставными задачами,ЮЛ,1.1,Правовая подготовка,В соответствии с действующим законодательством оружие это:,"Устройства и предметы, конструктивно предназначенные для поражения живой или иной цели, подачи сигналов.","Устройства и предметы, конструктивно не предназначенные, но приспособленные для поражения живой или иной цели.","Устройства и предметы, при помощи которых производится метание пули, дроби, картечи.",1,"Устройства и предметы, конструктивно предназначенные для поражения живой или иной цели, подачи сигналов.","Все вопросы / полный банк; Работники ЮЛ / все вопросы; Работники ЮЛ с особыми уставными задачами / Правовая подготовка; Правовая подготовка / все вопросы; Право / оружие: выдача, хранение, ношение, ограничения",
207.0,Работники ЮЛ с особыми уставными задачами,ЮЛ,1.2,Правовая подготовка,В соответствии с действующим законодательством огнестрельное оружие это:,"Устройства, предназначенные для механического поражения цели на расстоянии снарядом, получившим направленное движение за счет мускульной силы человека.","Оружие, предназначенное для механического поражения цели на расстоянии метаемым снаряжением, получающим направленное движение за счет энергии порохового или иного заряда.","Оружие, в котором для метания поражающего элемента используется энергия газов.",2,"Оружие, предназначенное для механического поражения цели на расстоянии метаемым снаряжением, получающим направленное движение за счет энергии порохового или иного заряда.","Все вопросы / полный банк; Работники ЮЛ / все вопросы; Работники ЮЛ с особыми уставными задачами / Правовая подготовка; Правовая подготовка / все вопросы; Право / применение физической силы, спецсредств и оружия; Право / оружие: выдача, хранение, ношение, ограничения",
208.0,Работники ЮЛ с особыми уставными задачами,ЮЛ,1.3,Правовая подготовка,В соответствии с действующим законодательством к основным частям огнестрельного оружия относятся:,"Курок, ударник, спусковой механизм, прицельное приспособление.","Совокупность механизмов и деталей, обеспечивающих производство выстрела.","Ствол, затвор, барабан, рамка, ствольная коробка.",3,"Ствол, затвор, барабан, рамка, ствольная коробка.","Все вопросы / полный банк; Работники ЮЛ / все вопросы; Работники ЮЛ с особыми уставными задачами / Правовая подготовка; Правовая подготовка / все вопросы; Право / применение физической силы, спецсредств и оружия; Право / оружие: выдача, хранение, ношение, ограничения",
209.0,Работники ЮЛ с особыми уставными задачами,ЮЛ,1.4,Правовая подготовка,В соответствии с действующим законодательством холодное оружие это:,"Оружие, предназначенное для поражения цели при помощи мускульной силы человека при непосредственном контакте с объектом поражения.","Оружие, предназначенное для поражения цели при помощи механического устройства при непосредственном контакте с объектом поражения.","Оружие, предназначенное для поражения цели на расстоянии снарядом, получающим направленное движение при помощи мускульной силы человека.",1,"Оружие, предназначенное для поражения цели при помощи мускульной силы человека при непосредственном контакте с объектом поражения.","Все вопросы / полный банк; Работники ЮЛ / все вопросы; Работники ЮЛ с особыми уставными задачами / Правовая подготовка; Правовая подготовка / все вопросы; Право / оружие: выдача, хранение, ношение, ограничения",
210.0,Работники ЮЛ с особыми уставными задачами,ЮЛ,1.5,Правовая подготовка,В соответствии с действующим законодательством метательное оружие это:,"Устройства, предназначенные для поражения цели на расстоянии снарядом, получающим направленное движение за счет энергии сжатой пружины.","Оружие, предназначенное для поражения цели на расстоянии, метаемое с использованием мускульной силы человека (метательное бросковое оружие), а также оружие, предназначенное для поражения цели на расстоянии снарядами, метаемыми с использованием механической энергии.","Устройства, предназначенные для поражения цели на расстоянии снарядом, получающим направленное движение за счет энергии сжатого, сжиженного или отвержденного газа.",2,"Оружие, предназначенное для поражения цели на расстоянии, метаемое с использованием мускульной силы человека (метательное бросковое оружие), а также оружие, предназначенное для поражения цели на расстоянии снарядами, метаемыми с использованием механической энергии.","Все вопросы / полный банк; Работники ЮЛ / все вопросы; Работники ЮЛ с особыми уставными задачами / Правовая подготовка; Правовая подготовка / все вопросы; Право / оружие: выдача, хранение, ношение, ограничения",
211.0,Работники ЮЛ с особыми уставными задачами,ЮЛ,1.6,Правовая подготовка,В соответствии с действующим законодательством пневматическое оружие это:,"Оружие, с дульной энергией не более 25 Дж, предназначенное для поражения цели на расстоянии снарядом, получившим направленное движение за счет энергии сжатого газа.","Устройства, предназначенные для поражения цели на расстоянии снарядом, получающим направленное движение за счет энергии сжатой пружины.","Оружие, предназначенное для поражения цели на расстоянии снарядом, получающим направленное движение за счет энергии сжатого, сжиженного или отвержденного газа.",3,"Оружие, предназначенное для поражения цели на расстоянии снарядом, получающим направленное движение за счет энергии сжатого, сжиженного или отвержденного газа.","Все вопросы / полный банк; Работники ЮЛ / все вопросы; Работники ЮЛ с особыми уставными задачами / Правовая подготовка; Правовая подготовка / все вопросы; Право / оружие: выдача, хранение, ношение, ограничения",
212.0,Работники ЮЛ с особыми уставными задачами,ЮЛ,1.7,Правовая подготовка,В соответствии с действующим законодательством газовое оружие это:,"Оружие, предназначенное для временного химического поражения живой цели путем применения слезоточивых или раздражающих веществ.","Оружие и устройства, предназначенные для временного поражения живой цели путем применения нервно-паралитических веществ.","Оружие, предназначенное для поражения живой цели путем применения слезоточивых, нервно-паралитических или раздражающих веществ.",1,"Оружие, предназначенное для временного химического поражения живой цели путем применения слезоточивых или раздражающих веществ.","Все вопросы / полный банк; Работники ЮЛ / все вопросы; Работники ЮЛ с особыми уставными задачами / Правовая подготовка; Правовая подготовка / все вопросы; Право / оружие: выдача, хранение, ношение, ограничения",
213.0,Работники ЮЛ с особыми уставными задачами,ЮЛ,1.8,Правовая подготовка,В соответствии с действующим законодательством боеприпасы это:,"Устройства, предназначенные для выстрела из оружия и состоящие из трех элементов - средства инициирования, метательного заряда и метаемого снаряжения.","Предметы вооружения и метаемое снаряжение, предназначенные для поражения цели и содержащие разрывной, метательный, пиротехнический или вышибной заряды либо их сочетание.","Устройства, предназначенные для выстрела из оружия и поражения цели.",2,"Предметы вооружения и метаемое снаряжение, предназначенные для поражения цели и содержащие разрывной, метательный, пиротехнический или вышибной заряды либо их сочетание.",Все вопросы / полный банк; Работники ЮЛ / все вопросы; Работники ЮЛ с особыми уставными задачами / Правовая подготовка; Правовая подготовка / все вопросы,
214.0,Работники ЮЛ с особыми уставными задачами,ЮЛ,1.9,Правовая подготовка,В соответствии с действующим законодательством патрон это:,"Боеприпас, представляющий собой сборочную единицу, состоящую из метаемого элемента, метательного заряда, капсюля-воспламенителя и гильзы.","Устройство, предназначенное для выстрела из оружия и состоящее из трех элементов - средства инициирования, метательного заряда и метаемого снаряжения.","Устройство, предназначенное для выстрела из оружия, объединяющее в одно целое при помощи гильзы средства инициирования, метательный заряд и метаемое снаряжение.",3,"Устройство, предназначенное для выстрела из оружия, объединяющее в одно целое при помощи гильзы средства инициирования, метательный заряд и метаемое снаряжение.","Все вопросы / полный банк; Работники ЮЛ / все вопросы; Работники ЮЛ с особыми уставными задачами / Правовая подготовка; Правовая подготовка / все вопросы; Право / оружие: выдача, хранение, ношение, ограничения",
215.0,Работники ЮЛ с особыми уставными задачами,ЮЛ,1.10,Правовая подготовка,В соответствии с действующим законодательством сигнальное оружие это:,"Оружие, конструктивно предназначенное только для подачи световых, дымовых или звуковых сигналов.","Устройство, конструктивно предназначенное для подачи сигналов бедствия в виде звука, или света.","Предметы вооружения и метаемое снаряжение, предназначенные для создания световых, дымовых или звуковых эффектов.",1,"Оружие, конструктивно предназначенное только для подачи световых, дымовых или звуковых сигналов.","Все вопросы / полный банк; Работники ЮЛ / все вопросы; Работники ЮЛ с особыми уставными задачами / Правовая подготовка; Правовая подготовка / все вопросы; Право / оружие: выдача, хранение, ношение, ограничения",
216.0,Работники ЮЛ с особыми уставными задачами,ЮЛ,1.11,Правовая подготовка,В соответствии с действующим законодательством оборот оружия и основных частей огнестрельного оружия в Российской Федерации это:,"Приобретение гражданами и юридическими лицами с особыми уставными задачами оружия и основных частей огнестрельного оружия, получение разрешений на его хранение и использование, транспортирование, учет, хранение, ношение и использование.","Производство оружия, торговля оружием, продажа, передача, приобретение, коллекционирование, экспонирование, учет, хранение, ношение, перевозка, транспортирование, использование, изъятие, уничтожение, ввоз оружия на территорию Российской Федерации и вывоз его из Российской Федерации.",Весь жизненный цикл оружия и основных частей огнестрельного оружия от его производства до утилизации.,2,"Производство оружия, торговля оружием, продажа, передача, приобретение, коллекционирование, экспонирование, учет, хранение, ношение, перевозка, транспортирование, использование, изъятие, уничтожение, ввоз оружия на территорию Российской Федерации и вывоз его из Российской Федерации.","Все вопросы / полный банк; Работники ЮЛ / все вопросы; Работники ЮЛ с особыми уставными задачами / Правовая подготовка; Правовая подготовка / все вопросы; Право / применение физической силы, спецсредств и оружия; Право / оружие: выдача, хранение, ношение, ограничения",
217.0,Работники ЮЛ с особыми уставными задачами,ЮЛ,1.12,Правовая подготовка,В соответствии с действующим законодательством огнестрельное оружие ограниченного поражения это:,"Устройство, предназначенное для механического поражения цели на коротких дистанциях патроном травматического действия, не предназначенным для причинения смерти человеку.","Оружие, не предназначенное для причинения смерти человеку, в котором направленное движение метаемому травматическому патрону придается за счет энергии порохового заряда.","Короткоствольное оружие и бесствольное оружие, предназначенные для механического поражения живой цели на расстоянии метаемым снаряжением патрона травматического действия, получающим направленное движение за счет энергии порохового или иного заряда, и не предназначенные для причинения смерти человеку.",3,"Короткоствольное оружие и бесствольное оружие, предназначенные для механического поражения живой цели на расстоянии метаемым снаряжением патрона травматического действия, получающим направленное движение за счет энергии порохового или иного заряда, и не предназначенные для причинения смерти человеку.","Все вопросы / полный банк; Работники ЮЛ / все вопросы; Работники ЮЛ с особыми уставными задачами / Правовая подготовка; Правовая подготовка / все вопросы; Право / применение физической силы, спецсредств и оружия; Право / оружие: выдача, хранение, ношение, ограничения",
218.0,Работники ЮЛ с особыми уставными задачами,ЮЛ,1.13,Правовая подготовка,В соответствии с действующим законодательством патрон травматического действия это:,"Устройство, предназначенное для выстрела из огнестрельного гладкоствольного оружия или огнестрельного оружия ограниченного поражения, объединяющее в одно целое при помощи гильзы средства инициирования, метательный заряд и метаемое снаряжение травматического действия и не предназначенное для причинения смерти человеку.","Патрон, предназначенный для выстрела из травматического оружия и не предназначенный для причинения смерти человеку.","Устройство, предназначенное для выстрела из огнестрельного гладкоствольного или бесствольного оружия, содержащее метаемое снаряжение травматического действия, не предназначенное для причинения смерти человеку.",1,"Устройство, предназначенное для выстрела из огнестрельного гладкоствольного оружия или огнестрельного оружия ограниченного поражения, объединяющее в одно целое при помощи гильзы средства инициирования, метательный заряд и метаемое снаряжение травматического действия и не предназначенное для причинения смерти человеку.","Все вопросы / полный банк; Работники ЮЛ / все вопросы; Работники ЮЛ с особыми уставными задачами / Правовая подготовка; Правовая подготовка / все вопросы; Право / оружие: выдача, хранение, ношение, ограничения",
219.0,Работники ЮЛ с особыми уставными задачами,ЮЛ,1.14,Правовая подготовка,В соответствии с действующим законодательством патрон газового действия это:,"Устройство, предназначенное для выстрела из огнестрельного гладкоствольного оружия ограниченного поражения метательного снаряда, снаряженного слезоточивыми или раздражающими веществами и не предназначенное для причинения смерти человеку.","Устройство, предназначенное для выстрела из газового оружия или огнестрельного оружия ограниченного поражения, объединяющее в одно целое при помощи гильзы средства инициирования, снаряженное слезоточивыми или раздражающими веществами и не предназначенное для причинения смерти человеку.","Патрон, предназначенный для выстрела из газового оружия и не предназначенный для причинения смерти человеку.",2,"Устройство, предназначенное для выстрела из газового оружия или огнестрельного оружия ограниченного поражения, объединяющее в одно целое при помощи гильзы средства инициирования, снаряженное слезоточивыми или раздражающими веществами и не предназначенное для причинения смерти человеку.","Все вопросы / полный банк; Работники ЮЛ / все вопросы; Работники ЮЛ с особыми уставными задачами / Правовая подготовка; Правовая подготовка / все вопросы; Право / оружие: выдача, хранение, ношение, ограничения",
220.0,Работники ЮЛ с особыми уставными задачами,ЮЛ,1.15,Правовая подготовка,В соответствии с действующим законодательством патрон светозвукового действия это:,"Устройство, предназначенное для выстрела из огнестрельного оружия или сигнального оружия, объединяющее в одно целое при помощи гильзы средства инициирования, метательный заряд и метаемое снаряжение для подачи светового, дымового или звукового сигнала и не предназначенное для поражения живой или иной цели.","Патрон, предназначенный для выстрела из сигнального оружия и не предназначенный для причинения смерти человеку.","Устройство, предназначенное для выстрела из огнестрельного оружия, огнестрельного оружия ограниченного поражения, газового или сигнального оружия, объединяющее в одно целое при помощи гильзы средства инициирования и снаряжение светозвукового действия и не предназначенное для поражения живой или иной цели.",3,"Устройство, предназначенное для выстрела из огнестрельного оружия, огнестрельного оружия ограниченного поражения, газового или сигнального оружия, объединяющее в одно целое при помощи гильзы средства инициирования и снаряжение светозвукового действия и не предназначенное для поражения живой или иной цели.","Все вопросы / полный банк; Работники ЮЛ / все вопросы; Работники ЮЛ с особыми уставными задачами / Правовая подготовка; Правовая подготовка / все вопросы; Право / оружие: выдача, хранение, ношение, ограничения",
221.0,Работники ЮЛ с особыми уставными задачами,ЮЛ,1.16,Правовая подготовка,В соответствии с действующим законодательством сигнальный патрон это:,"Устройство, предназначенное для выстрела из огнестрельного оружия или сигнального оружия, объединяющее в одно целое при помощи гильзы средства инициирования, метательный заряд и метаемое снаряжение для подачи светового, дымового или звукового сигнала и не предназначенное для поражения живой или иной цели.","Устройство, предназначенное для выстрела из огнестрельного гладкоствольного оружия, огнестрельного оружия ограниченного поражения, газового или сигнального оружия, объединяющее в одно целое при помощи гильзы средства инициирования, метательный заряд и метаемое снаряжение травматического действия, дымового или звукового сигнала и не предназначенное для причинения смерти человеку.","Устройство, предназначенное для выстрела из огнестрельного оружия ограниченного поражения, объединяющее в одно целое при помощи гильзы средства инициирования, метательный заряд и метаемое снаряжение для подачи светового или звукового сигнала и не предназначенное для поражения живой или иной цели.",1,"Устройство, предназначенное для выстрела из огнестрельного оружия или сигнального оружия, объединяющее в одно целое при помощи гильзы средства инициирования, метательный заряд и метаемое снаряжение для подачи светового, дымового или звукового сигнала и не предназначенное для поражения живой или иной цели.","Все вопросы / полный банк; Работники ЮЛ / все вопросы; Работники ЮЛ с особыми уставными задачами / Правовая подготовка; Правовая подготовка / все вопросы; Право / оружие: выдача, хранение, ношение, ограничения",
222.0,Работники ЮЛ с особыми уставными задачами,ЮЛ,1.17,Правовая подготовка,В соответствии с действующим законодательством боек ударного механизма это:,"Устройство, предназначенное для нанесения удара по капсюлю-воспламенителю.","Деталь ударного механизма, наносящая удар по средству инициирования патрона.","Механизм оружия, обеспечивающий приведение в действие средства инициирования патрона.",2,"Деталь ударного механизма, наносящая удар по средству инициирования патрона.",Все вопросы / полный банк; Работники ЮЛ / все вопросы; Работники ЮЛ с особыми уставными задачами / Правовая подготовка; Правовая подготовка / все вопросы,
223.0,Работники ЮЛ с особыми уставными задачами,ЮЛ,1.18,Правовая подготовка,Какое из перечисленных ниже изделий не относится к оружию?,Стартовый пистолет.,Пневматический пистолет.,Топор.,3,Топор.,"Все вопросы / полный банк; Работники ЮЛ / все вопросы; Работники ЮЛ с особыми уставными задачами / Правовая подготовка; Правовая подготовка / все вопросы; Право / оружие: выдача, хранение, ношение, ограничения",
224.0,Работники ЮЛ с особыми уставными задачами,ЮЛ,1.19,Правовая подготовка,Какое из перечисленных ниже изделий относится к оружию?,Кухонный нож для разделки мяса.,Пневматический пистолет с дульной энергией 5 Дж.,Бейсбольная бита.,2,Пневматический пистолет с дульной энергией 5 Дж.,"Все вопросы / полный банк; Работники ЮЛ / все вопросы; Работники ЮЛ с особыми уставными задачами / Правовая подготовка; Правовая подготовка / все вопросы; Право / оружие: выдача, хранение, ношение, ограничения",
225.0,Работники ЮЛ с особыми уставными задачами,ЮЛ,1.20,Правовая подготовка,Какое из перечисленных ниже изделий не относится к оружию?,"Механические распылители, аэрозольные и другие устройства, снаряженные слезоточивыми или раздражающими веществами, разрешенными к применению федеральным органом исполнительной власти, осуществляющим функции по выработке государственной политики и нормативно-правовому регулированию в сфере здравоохранения.",Пневматический пистолет с дульной энергией свыше 3 Дж.,"Изделия, сертифицированные в качестве изделий хозяйственно-бытового и производственного назначения, спортивные снаряды, конструктивно сходные с оружием.",3,"Изделия, сертифицированные в качестве изделий хозяйственно-бытового и производственного назначения, спортивные снаряды, конструктивно сходные с оружием.","Все вопросы / полный банк; Работники ЮЛ / все вопросы; Работники ЮЛ с особыми уставными задачами / Правовая подготовка; Правовая подготовка / все вопросы; Право / оружие: выдача, хранение, ношение, ограничения",
226.0,Работники ЮЛ с особыми уставными задачами,ЮЛ,1.21,Правовая подготовка,Какое из перечисленных ниже изделий не относится к оружию?,Монтажные пистолеты производственного назначения.,"Электрошоковые устройства и искровые разрядники отечественного производства, имеющие выходные параметры, соответствующие требованиям государственных стандартов Российской Федерации и нормам федерального органа исполнительной власти, осуществляющего функции по выработке государственной политики и нормативно-правовому регулированию в сфере здравоохранения.",Спортивное холодное клинковое оружие.,1,Монтажные пистолеты производственного назначения.,"Все вопросы / полный банк; Работники ЮЛ / все вопросы; Работники ЮЛ с особыми уставными задачами / Правовая подготовка; Правовая подготовка / все вопросы; Право / оружие: выдача, хранение, ношение, ограничения",
227.0,Работники ЮЛ с особыми уставными задачами,ЮЛ,1.22,Правовая подготовка,"Оружие в зависимости от целей его использования соответствующими субъектами, а также по основным параметрам и характеристикам подразделяется:","На огнестрельное, холодное, газовое и пневматическое.","На гражданское, служебное, боевое ручное стрелковое и холодное.","На длинноствольное, короткоствольное и бесствольное.",2,"На гражданское, служебное, боевое ручное стрелковое и холодное.","Все вопросы / полный банк; Работники ЮЛ / все вопросы; Работники ЮЛ с особыми уставными задачами / Правовая подготовка; Правовая подготовка / все вопросы; Право / оружие: выдача, хранение, ношение, ограничения",
228.0,Работники ЮЛ с особыми уставными задачами,ЮЛ,1.23,Правовая подготовка,К гражданскому оружию относится:,"Оружие, предназначенное для использования гражданами Российской Федерации в целях: самообороны, ведения боевых действий и использования в иных целях.","Оружие, предназначенное для использования должностными лицами государственных органов, которым законодательством Российской Федерации разрешено ношение, хранение и применение указанного оружия, в целях исполнения возложенных на них федеральным законом обязанностей по защите жизни и здоровья граждан, собственности, по охране природы и природных ресурсов.","Оружие, предназначенное для использования гражданами Российской Федерации в целях самообороны, для занятий спортом и охотой, а также в культурных и образовательных целях.",3,"Оружие, предназначенное для использования гражданами Российской Федерации в целях самообороны, для занятий спортом и охотой, а также в культурных и образовательных целях.","Все вопросы / полный банк; Работники ЮЛ / все вопросы; Работники ЮЛ с особыми уставными задачами / Правовая подготовка; Правовая подготовка / все вопросы; Право / оружие: выдача, хранение, ношение, ограничения",
229.0,Работники ЮЛ с особыми уставными задачами,ЮЛ,1.24,Правовая подготовка,Какое из перечисленных ниже изделий не относится к гражданскому оружию:,Палка резиновая.,Электрошоковое устройство отечественного производства.,"Механические распылители, снаряженные слезоточивыми или раздражающими веществами.",1,Палка резиновая.,"Все вопросы / полный банк; Работники ЮЛ / все вопросы; Работники ЮЛ с особыми уставными задачами / Правовая подготовка; Правовая подготовка / все вопросы; Право / оружие: выдача, хранение, ношение, ограничения",
230.0,Работники ЮЛ с особыми уставными задачами,ЮЛ,1.25,Правовая подготовка,Юридическими лицами с особыми уставными задачами являются:,"Предприятия и организации, которым в соответствии с действующим законодательством разрешается производство, транспортирование, экспонирование и уничтожение огнестрельного оружия.","Предприятия и организации, на которые законодательством Российской Федерации возложены функции, связанные с использованием и применением служебного оружия.","Предприятия и организации, которые выполняют функции по защите охраняемых объектов от противоправных посягательств.",2,"Предприятия и организации, на которые законодательством Российской Федерации возложены функции, связанные с использованием и применением служебного оружия.",Все вопросы / полный банк; Работники ЮЛ / все вопросы; Работники ЮЛ с особыми уставными задачами / Правовая подготовка; Правовая подготовка / все вопросы,
231.0,Работники ЮЛ с особыми уставными задачами,ЮЛ,1.26,Правовая подготовка,К служебному оружию не относится:,"Оружие, предназначенное для использования должностными лицами государственных органов и работниками юридических лиц, которым законодательством Российской Федерации разрешено ношение, хранение и применение указанного оружия, в целях самообороны или для исполнения возложенных на них федеральным законом обязанностей по защите жизни и здоровья граждан, собственности, по охране природы и природных ресурсов, ценных и опасных грузов, специальной корреспонденции.","Огнестрельное гладкоствольное и нарезное короткоствольное оружие отечественного производства с дульной энергией не более 300 Дж, огнестрельное гладкоствольное длинноствольное оружие, а также огнестрельное оружие ограниченного поражения с патронами травматического действия.","Оружие, предназначенное для решения боевых и оперативно-служебных задач.",3,"Оружие, предназначенное для решения боевых и оперативно-служебных задач.","Все вопросы / полный банк; Работники ЮЛ / все вопросы; Работники ЮЛ с особыми уставными задачами / Правовая подготовка; Правовая подготовка / все вопросы; Право / оружие: выдача, хранение, ношение, ограничения",
232.0,Работники ЮЛ с особыми уставными задачами,ЮЛ,1.27,Правовая подготовка,К боевому ручному стрелковому и холодному оружию относится:,Огнестрельное гладкоствольное и нарезное короткоствольное оружие отечественного производства с дульной энергией более 300 Дж.,"Оружие, предназначенное для решения боевых и оперативно-служебных задач.","Оружие, предназначенное для использования должностными лицами государственных органов и работниками юридических лиц с особыми уставными задачами.",2,"Оружие, предназначенное для решения боевых и оперативно-служебных задач.","Все вопросы / полный банк; Работники ЮЛ / все вопросы; Работники ЮЛ с особыми уставными задачами / Правовая подготовка; Правовая подготовка / все вопросы; Право / оружие: выдача, хранение, ношение, ограничения",
233.0,Работники ЮЛ с особыми уставными задачами,ЮЛ,1.28,Правовая подготовка,Дульная энергия при выстреле из служебного огнестрельного оружия ограниченного поражения патронами травматического действия не должна превышать:,150 Дж.,300 Дж.,450 Дж.,1,150 Дж.,"Все вопросы / полный банк; Работники ЮЛ / все вопросы; Работники ЮЛ с особыми уставными задачами / Правовая подготовка; Правовая подготовка / все вопросы; Право / применение физической силы, спецсредств и оружия; Право / оружие: выдача, хранение, ношение, ограничения",
234.0,Работники ЮЛ с особыми уставными задачами,ЮЛ,1.29,Правовая подготовка,При каких условиях разрешен оборот гражданского огнестрельного длинноствольного оружия?,Если общая длина оружия 750 мм.,Если длина ствола со ствольной коробкой 450 мм.,Если общая длина оружия 810 мм.,3,Если общая длина оружия 810 мм.,"Все вопросы / полный банк; Работники ЮЛ / все вопросы; Работники ЮЛ с особыми уставными задачами / Правовая подготовка; Правовая подготовка / все вопросы; Право / применение физической силы, спецсредств и оружия; Право / оружие: выдача, хранение, ношение, ограничения",
235.0,Работники ЮЛ с особыми уставными задачами,ЮЛ,1.30,Правовая подготовка,При каких условиях запрещён оборот гражданского оружия?,"Если огнестрельное оружие имеет форму, имитирующую другие предметы.",Если емкость магазина (барабана) менее 10 патронов.,Если общая длина оружия более 800 мм.,1,"Если огнестрельное оружие имеет форму, имитирующую другие предметы.","Все вопросы / полный банк; Работники ЮЛ / все вопросы; Работники ЮЛ с особыми уставными задачами / Правовая подготовка; Правовая подготовка / все вопросы; Право / оружие: выдача, хранение, ношение, ограничения",
236.0,Работники ЮЛ с особыми уставными задачами,ЮЛ,1.31,Правовая подготовка,Приобретение оружия и патронов к нему на территории Российской Федерации подлежит лицензированию если:,Оружие и патроны к нему приобретаются государственными военизированными организациями.,"Приобретается спортивное пневматическое оружие с дульной энергией не более 7,5 Дж и калибром до 4,5 мм включительно.",Оружие и патроны к нему приобретаются юридическим лицом с особыми уставными задачами.,3,Оружие и патроны к нему приобретаются юридическим лицом с особыми уставными задачами.,"Все вопросы / полный банк; Работники ЮЛ / все вопросы; Работники ЮЛ с особыми уставными задачами / Правовая подготовка; Правовая подготовка / все вопросы; Право / оружие: выдача, хранение, ношение, ограничения",
237.0,Работники ЮЛ с особыми уставными задачами,ЮЛ,1.32,Правовая подготовка,Юридические лица с особыми уставными задачами имеют право в соответствии с нормативными правовыми актами Правительства Российской Федерации:,Приобретать гражданское и служебное оружие у юридических лиц-поставщиков.,"Приобретать боевое ручное стрелковое оружие, находящееся на законных основаниях на вооружении государственных военизированных организаций.","Приобретать гражданское оружие у граждан, владеющих им на законных основаниях, после получения соответствующей лицензии в территориальных органах Росгвардии.",1,Приобретать гражданское и служебное оружие у юридических лиц-поставщиков.,Все вопросы / полный банк; Работники ЮЛ / все вопросы; Работники ЮЛ с особыми уставными задачами / Правовая подготовка; Правовая подготовка / все вопросы,
238.0,Работники ЮЛ с особыми уставными задачами,ЮЛ,1.33,Правовая подготовка,"Виды, типы, модели и количество гражданского и служебного оружия, которое имеет право приобретать юридические лица с особыми уставными задачами, устанавливаются:",Государственной Думой Российской Федерации.,Правительством Российской Федерации.,Федеральной службой войск национальной гвардии Российской Федерации.,2,Правительством Российской Федерации.,"Все вопросы / полный банк; Работники ЮЛ / все вопросы; Работники ЮЛ с особыми уставными задачами / Правовая подготовка; Правовая подготовка / все вопросы; Право / оружие: выдача, хранение, ношение, ограничения",
239.0,Работники ЮЛ с особыми уставными задачами,ЮЛ,1.34,Правовая подготовка,Кем определяются правила оборота боевого ручного стрелкового оружия?,Правительством Российской Федерации.,Федеральной службой войск национальной гвардии Российской Федерации.,Президентом Российской Федерации.,1,Правительством Российской Федерации.,"Все вопросы / полный банк; Работники ЮЛ / все вопросы; Работники ЮЛ с особыми уставными задачами / Правовая подготовка; Правовая подготовка / все вопросы; Право / оружие: выдача, хранение, ношение, ограничения",
240.0,Работники ЮЛ с особыми уставными задачами,ЮЛ,1.35,Правовая подготовка,Кем определяются правила оборота патронов к боевому ручному стрелковому оружию?,Правительством Российской Федерации.,Федеральной службой войск национальной гвардии Российской Федерации.,Президентом Российской Федерации.,1,Правительством Российской Федерации.,"Все вопросы / полный банк; Работники ЮЛ / все вопросы; Работники ЮЛ с особыми уставными задачами / Правовая подготовка; Правовая подготовка / все вопросы; Право / оружие: выдача, хранение, ношение, ограничения",
241.0,Работники ЮЛ с особыми уставными задачами,ЮЛ,1.36,Правовая подготовка,В какие сроки подлежит регистрации в соответствующих территориальных органах Росгвардии приобретенное оружие?,В течение 30 дней с момента его приобретения.,Не более чем 10 дней со дня его приобретения.,В двухнедельный срок со дня его приобретения.,3,В двухнедельный срок со дня его приобретения.,"Все вопросы / полный банк; Работники ЮЛ / все вопросы; Работники ЮЛ с особыми уставными задачами / Правовая подготовка; Правовая подготовка / все вопросы; Право / оружие: выдача, хранение, ношение, ограничения",
242.0,Работники ЮЛ с особыми уставными задачами,ЮЛ,1.37,Правовая подготовка,Кому не разрешается приобретение и использование охотничьего огнестрельного оружия в качестве служебного?,"Физкультурно-спортивным организациям и (или) спортивным клубам, осуществляющие свою деятельность в соответствующих видах спорта, связанных с использованием оружия (спортивные организации).","Государственным органам и государственным учреждениям, которые в соответствии с Лесным кодексом Российской Федерации осуществляют государственный лесной контроль и надзор.","Организациям, которые осуществляют функции охраны, контроля и регулирования использования объектов животного мира и среды их обитания.",1,"Физкультурно-спортивным организациям и (или) спортивным клубам, осуществляющие свою деятельность в соответствующих видах спорта, связанных с использованием оружия (спортивные организации).","Все вопросы / полный банк; Работники ЮЛ / все вопросы; Работники ЮЛ с особыми уставными задачами / Правовая подготовка; Правовая подготовка / все вопросы; Право / применение физической силы, спецсредств и оружия; Право / оружие: выдача, хранение, ношение, ограничения",
243.0,Работники ЮЛ с особыми уставными задачами,ЮЛ,1.38,Правовая подготовка,Закрепление оружия за работниками юридических лиц с особыми уставными задачами осуществляется:,"По решению начальника органа внутренних дел, на территории обслуживания которого осуществляет свою деятельность юридическое лицо с особыми уставными задачами.","По решению руководителя юридического лица, после прохождения работниками соответствующей подготовки, периодической проверки на пригодность к действиям в условиях, связанных с применением огнестрельного оружия, и при отсутствии у них оснований, препятствующих получению лицензии на приобретение гражданского оружия.","По решению комиссии по проведению периодической проверки работников юридических лиц на пригодность к действиям в условиях, связанных с применением огнестрельного оружия и специальных средств.",2,"По решению руководителя юридического лица, после прохождения работниками соответствующей подготовки, периодической проверки на пригодность к действиям в условиях, связанных с применением огнестрельного оружия, и при отсутствии у них оснований, препятствующих получению лицензии на приобретение гражданского оружия.","Все вопросы / полный банк; Работники ЮЛ / все вопросы; Работники ЮЛ с особыми уставными задачами / Правовая подготовка; Правовая подготовка / все вопросы; Право / оружие: выдача, хранение, ношение, ограничения",
244.0,Работники ЮЛ с особыми уставными задачами,ЮЛ,1.39,Правовая подготовка,"В организациях с особыми уставными задачами должности, связанные с учетом, хранением, выдачей или использованием огнестрельного оружия, боеприпасов и патронов к огнестрельному оружию, не могут замещать:","Лица, которые по своему состоянию здоровья требуют ежегодной реабилитации в учреждениях санаторно-курортного лечения.","Лица, уволенные с государственной службы.","Лица, которые имеют неснятую или непогашенную судимость за преступление, совершенное умышленно, либо в отношении которых судом установлен запрет замещать такие должности или заниматься определенной профессиональной или предпринимательской деятельностью в сфере оборота оружия.",3,"Лица, которые имеют неснятую или непогашенную судимость за преступление, совершенное умышленно, либо в отношении которых судом установлен запрет замещать такие должности или заниматься определенной профессиональной или предпринимательской деятельностью в сфере оборота оружия.","Все вопросы / полный банк; Работники ЮЛ / все вопросы; Работники ЮЛ с особыми уставными задачами / Правовая подготовка; Правовая подготовка / все вопросы; Право / применение физической силы, спецсредств и оружия; Право / оружие: выдача, хранение, ношение, ограничения",
245.0,Работники ЮЛ с особыми уставными задачами,ЮЛ,1.40,Правовая подготовка,Юридические лица с особыми уставными задачами могут продавать находящееся у них на законных основаниях гражданское и служебное оружие и патроны к нему:,"Гражданам, имеющим лицензию на приобретение оружия, с предварительным уведомлением об этом органов внутренних дел по месту учета указанного оружия.","Юридическим лицам, имеющим лицензию на торговлю гражданским и служебным оружием, с предварительным уведомлением об этом федерального органа исполнительной власти, уполномоченного в сфере оборота оружия, или его территориального органа по месту учета указанного оружия.",Государственным военизированным организациям.,2,"Юридическим лицам, имеющим лицензию на торговлю гражданским и служебным оружием, с предварительным уведомлением об этом федерального органа исполнительной власти, уполномоченного в сфере оборота оружия, или его территориального органа по месту учета указанного оружия.","Все вопросы / полный банк; Работники ЮЛ / все вопросы; Работники ЮЛ с особыми уставными задачами / Правовая подготовка; Правовая подготовка / все вопросы; Право / оружие: выдача, хранение, ношение, ограничения",
246.0,Работники ЮЛ с особыми уставными задачами,ЮЛ,1.41,Правовая подготовка,Требования к условиям хранения различных видов гражданского и служебного оружия и патронов к нему определяются:,Федеральной службой войск национальной гвардии Российской Федерации.,Президентом Российской Федерации.,Правительством Российской Федерации.,3,Правительством Российской Федерации.,"Все вопросы / полный банк; Работники ЮЛ / все вопросы; Работники ЮЛ с особыми уставными задачами / Правовая подготовка; Правовая подготовка / все вопросы; Право / оружие: выдача, хранение, ношение, ограничения",
247.0,Работники ЮЛ с особыми уставными задачами,ЮЛ,1.42,Правовая подготовка,Относится ли ствольная коробка и рамка к основным частям огнестрельного оружия?,Ствольная коробка и рамка к основным частям огнестрельного оружия не относятся.,Ствольная коробка и рамка являются основным частям огнестрельного оружия.,К основным частям огнестрельного оружия относится только ствольная коробка.,2,Ствольная коробка и рамка являются основным частям огнестрельного оружия.,"Все вопросы / полный банк; Работники ЮЛ / все вопросы; Работники ЮЛ с особыми уставными задачами / Правовая подготовка; Правовая подготовка / все вопросы; Право / применение физической силы, спецсредств и оружия; Право / оружие: выдача, хранение, ношение, ограничения",
248.0,Работники ЮЛ с особыми уставными задачами,ЮЛ,1.43,Правовая подготовка,"Верно ли, что различие оружия на гражданское, служебное, боевое ручное стрелковое и холодное, осуществляется по целям его использования, параметрам и характеристикам?","Различие оружия на гражданское, служебное, боевое ручное стрелковое и холодное осуществляется по принадлежности его организациям, назначению и способам производства, и техническим характеристикам.","Различие оружия на гражданское, служебное, боевое ручное стрелковое и холодное, осуществляется по целям его использования, параметрам и характеристикам.","Оружие по целям его использования, параметрам и характеристикам различается на длинноствольное, короткоствольное и бесствольное.",2,"Различие оружия на гражданское, служебное, боевое ручное стрелковое и холодное, осуществляется по целям его использования, параметрам и характеристикам.","Все вопросы / полный банк; Работники ЮЛ / все вопросы; Работники ЮЛ с особыми уставными задачами / Правовая подготовка; Правовая подготовка / все вопросы; Право / оружие: выдача, хранение, ношение, ограничения",
249.0,Работники ЮЛ с особыми уставными задачами,ЮЛ,1.44,Правовая подготовка,Какое оружие относится к гражданскому оружию самообороны?,Искровые разрядники и электрошоковые устройства отечественного производства.,Искровые разрядники и электрошоковые устройства иностранного производства.,"Искровые разрядники и электрошоковые устройства иностранного производства, имеющие соответствующий сертификат качества.",1,Искровые разрядники и электрошоковые устройства отечественного производства.,"Все вопросы / полный банк; Работники ЮЛ / все вопросы; Работники ЮЛ с особыми уставными задачами / Правовая подготовка; Правовая подготовка / все вопросы; Право / оружие: выдача, хранение, ношение, ограничения",
250.0,Работники ЮЛ с особыми уставными задачами,ЮЛ,1.45,Правовая подготовка,"Относятся ли аэрозольные устройства и механические распылители, снаряженные слезоточивым веществом, к оружию самообороны?","Аэрозольные устройства и механические распылители, снаряженные слезоточивым веществом, относятся к оружию самообороны.","Механические распылители, снаряженные слезоточивым веществом, не относятся к оружию самообороны.","К оружию самообороны относятся только механические распылители, снаряженные слезоточивым веществом.",1,"Аэрозольные устройства и механические распылители, снаряженные слезоточивым веществом, относятся к оружию самообороны.","Все вопросы / полный банк; Работники ЮЛ / все вопросы; Работники ЮЛ с особыми уставными задачами / Правовая подготовка; Правовая подготовка / все вопросы; Право / оружие: выдача, хранение, ношение, ограничения",
251.0,Работники ЮЛ с особыми уставными задачами,ЮЛ,1.46,Правовая подготовка,Должно ли гражданское огнестрельное оружие соответствовать следующим требованиям - исключать ведение огня очередями и иметь емкость магазина (барабана) не более 10 патронов?,В случае использования гражданского оружия в качестве служебного оружия из него допускается ведение огня очередями.,"Допускается емкость магазина более 10 патронов, если гражданское оружие используется как служебное оружие.",Гражданское оружие должно соответствовать указанным в вопросе требованиям.,3,Гражданское оружие должно соответствовать указанным в вопросе требованиям.,"Все вопросы / полный банк; Работники ЮЛ / все вопросы; Работники ЮЛ с особыми уставными задачами / Правовая подготовка; Правовая подготовка / все вопросы; Право / применение физической силы, спецсредств и оружия; Право / оружие: выдача, хранение, ношение, ограничения",
252.0,Работники ЮЛ с особыми уставными задачами,ЮЛ,1.47,Правовая подготовка,Должно ли служебное оружие отличаться от боевого ручного стрелкового оружия по типам патронов?,Для служебного и боевого ручного стрелкового оружия могут использоваться патроны одного типа.,Нарезное служебное оружие должно иметь отличия от боевого ручного стрелкового оружия по типам и размерам патрона.,"При стрельбе из служебного оружия и боевого ручного стрелкового оружия могут использоваться патроны одного типа, но при этом они должны различаться по следообразованию на гильзе.",2,Нарезное служебное оружие должно иметь отличия от боевого ручного стрелкового оружия по типам и размерам патрона.,"Все вопросы / полный банк; Работники ЮЛ / все вопросы; Работники ЮЛ с особыми уставными задачами / Правовая подготовка; Правовая подготовка / все вопросы; Право / оружие: выдача, хранение, ношение, ограничения",
253.0,Работники ЮЛ с особыми уставными задачами,ЮЛ,1.48,Правовая подготовка,"Возможно ли из служебного оружия, при емкости магазина не более 5 патронов, ведение огня очередями?",Служебное оружие должно исключать ведение огня очередями.,"Из служебного оружия, возможно ведение огня очередями только при емкости магазина более 10 патронов.",Допускается ведение огня очередями только из нарезного служебного оружия.,1,Служебное оружие должно исключать ведение огня очередями.,"Все вопросы / полный банк; Работники ЮЛ / все вопросы; Работники ЮЛ с особыми уставными задачами / Правовая подготовка; Правовая подготовка / все вопросы; Право / оружие: выдача, хранение, ношение, ограничения",
254.0,Работники ЮЛ с особыми уставными задачами,ЮЛ,1.49,Правовая подготовка,"Может ли служебное оружие, в котором исключена возможность ведения огня очередями, иметь магазин емкостью в 15 патронов?",Емкость магазина служебного оружия более 10 патронов допускается.,Емкость магазина служебного оружия должна быть не более 10 патронов.,Служебное оружие должно иметь магазин не более 5 патронов.,2,Емкость магазина служебного оружия должна быть не более 10 патронов.,"Все вопросы / полный банк; Работники ЮЛ / все вопросы; Работники ЮЛ с особыми уставными задачами / Правовая подготовка; Правовая подготовка / все вопросы; Право / оружие: выдача, хранение, ношение, ограничения",
255.0,Работники ЮЛ с особыми уставными задачами,ЮЛ,1.50,Правовая подготовка,"Запрещается ли на территории Российской Федерации оборот гражданского огнестрельного оружия, имитирующего другие предметы?","На территории Российской Федерации оборот гражданского оружия, которое имитирует другие предметы не запрещается.","На территории Российской Федерации запрещается оборот в качестве гражданского оружия огнестрельного оружия, которое имеет форму, имитирующую другие предметы.","На территории Российской Федерации разрешается оборот гражданского оружия, которое имитирует другие предметы, при условии, что это гражданское оружие состоит на вооружение юридического лица с особыми уставными задачами.",2,"На территории Российской Федерации запрещается оборот в качестве гражданского оружия огнестрельного оружия, которое имеет форму, имитирующую другие предметы.","Все вопросы / полный банк; Работники ЮЛ / все вопросы; Работники ЮЛ с особыми уставными задачами / Правовая подготовка; Правовая подготовка / все вопросы; Право / применение физической силы, спецсредств и оружия; Право / оружие: выдача, хранение, ношение, ограничения",
256.0,Работники ЮЛ с особыми уставными задачами,ЮЛ,1.51,Правовая подготовка,"Запрещается ли на территории Российской Федерации оборот газового оружия, снаряженного нервно-паралитическими и отравляющими веществами?","На территории Российской Федерации оборот газового оружия, снаряженного нервно-паралитическими, отравляющими, а также другими веществами, не разрешенными к применению федеральным органом исполнительной власти, осуществляющим функции по выработке государственной политики и нормативно-правовому регулированию в сфере здравоохранения запрещен.","На территории Российской Федерации запрещен оборот газового оружия только снаряженного нервно-паралитическими и отравляющими веществами, которые запрещаются к применению федеральным органом исполнительной власти в сфере внутренних дел.","На территории Российской Федерации оборот газового оружия, снаряженного нервно-паралитическими и другими отравляющими веществами разрешен в том случае, если это оружие состоит на вооружении юридического лица с особыми уставными задачами.",1,"На территории Российской Федерации оборот газового оружия, снаряженного нервно-паралитическими, отравляющими, а также другими веществами, не разрешенными к применению федеральным органом исполнительной власти, осуществляющим функции по выработке государственной политики и нормативно-правовому регулированию в сфере здравоохранения запрещен.","Все вопросы / полный банк; Работники ЮЛ / все вопросы; Работники ЮЛ с особыми уставными задачами / Правовая подготовка; Правовая подготовка / все вопросы; Право / оружие: выдача, хранение, ношение, ограничения",
257.0,Работники ЮЛ с особыми уставными задачами,ЮЛ,1.52,Правовая подготовка,Запрещается ли на территории Российской Федерации установка на гражданском и служебном оружии приспособлений для бесшумной стрельбы?,Установка на гражданском и служебном оружии приспособлений для бесшумной стрельбы запрещена.,Установка на гражданском и служебном оружии приспособлений для бесшумной стрельбы допускается при наличии соответствующих разрешений.,На территории Российской Федерации установка приспособлений для бесшумной стрельбы разрешена только на служебном оружии.,1,Установка на гражданском и служебном оружии приспособлений для бесшумной стрельбы запрещена.,"Все вопросы / полный банк; Работники ЮЛ / все вопросы; Работники ЮЛ с особыми уставными задачами / Правовая подготовка; Правовая подготовка / все вопросы; Право / оружие: выдача, хранение, ношение, ограничения",
258.0,Работники ЮЛ с особыми уставными задачами,ЮЛ,1.53,Правовая подготовка,"Запрещается ли на территории Российской Федерации использование патронов к служебному оружию с пулями бронебойного, зажигательного, разрывного или трассирующего действия?","На территории Российской Федерации использование патронов к служебному оружию с пулями бронебойного, зажигательного, разрывного или трассирующего действия допускается только в том случае, если эти патроны используются юридическими лицами с особыми уставными задачами при пресечении массовых беспорядков.","На территории Российской Федерации использование патронов к служебному оружию с пулями бронебойного, зажигательного, разрывного или трассирующего действия запрещено.","На территории Российской Федерации использование патронов к служебному оружию с пулями бронебойного, зажигательного, разрывного или трассирующего действия разрешается при пресечении тяжкого преступления.",2,"На территории Российской Федерации использование патронов к служебному оружию с пулями бронебойного, зажигательного, разрывного или трассирующего действия запрещено.","Все вопросы / полный банк; Работники ЮЛ / все вопросы; Работники ЮЛ с особыми уставными задачами / Правовая подготовка; Правовая подготовка / все вопросы; Право / оружие: выдача, хранение, ношение, ограничения",
259.0,Работники ЮЛ с особыми уставными задачами,ЮЛ,1.54,Правовая подготовка,"Запрещается ли на территории Российской Федерации оборот кистеней, кастетов, сурикенов, бумерангов и других специально приспособленных для использования в качестве оружия предметов ударно-дробящего и метательного действия?","На территории Российской Федерации оборот кистеней, кастетов, сурикенов, бумерангов и других, специально приспособленных для использования в качестве оружия предметов ударно-дробящего и метательного действия, за исключением спортивных снарядов, запрещен.","На территории Российской Федерации оборот кистеней, кастетов, сурикенов, бумерангов и других, специально приспособленных для использования в качестве оружия предметов ударно-дробящего и метательного действия, допускается, если перечисленные предметы используются в качестве гражданского и служебного оружия.","На территории Российской Федерации оборот кистеней, кастетов, сурикенов, бумерангов и других, специально приспособленных для использования в качестве оружия предметов ударно-дробящего и метательного действия, допускается только при условии использования перечисленных предметов работниками юридического лица с особыми уставными задачами при исполнении ими служебных обязанностей.",1,"На территории Российской Федерации оборот кистеней, кастетов, сурикенов, бумерангов и других, специально приспособленных для использования в качестве оружия предметов ударно-дробящего и метательного действия, за исключением спортивных снарядов, запрещен.","Все вопросы / полный банк; Работники ЮЛ / все вопросы; Работники ЮЛ с особыми уставными задачами / Правовая подготовка; Правовая подготовка / все вопросы; Право / применение физической силы, спецсредств и оружия; Право / оружие: выдача, хранение, ношение, ограничения",
260.0,Работники ЮЛ с особыми уставными задачами,ЮЛ,1.55,Правовая подготовка,"Какое оружие могут иметь при себе граждане Российской Федерации, участвующие в проведении митингов, уличных шествий, демонстраций, пикетирования и других массовых публичных мероприятий?","При проведении митингов, уличных шествий, демонстраций, пикетирования и других массовых публичных мероприятий граждане могут иметь при себе только холодное оружие.","При проведении митингов, уличных шествий, демонстраций, пикетирования и других массовых публичных мероприятий граждане могут иметь при себе гражданское или холодное оружие.","При проведении митингов, уличных шествий, демонстраций, пикетирования и других массовых публичных мероприятий ношение гражданами оружия запрещено.",3,"При проведении митингов, уличных шествий, демонстраций, пикетирования и других массовых публичных мероприятий ношение гражданами оружия запрещено.","Все вопросы / полный банк; Работники ЮЛ / все вопросы; Работники ЮЛ с особыми уставными задачами / Правовая подготовка; Правовая подготовка / все вопросы; Право / оружие: выдача, хранение, ношение, ограничения",
261.0,Работники ЮЛ с особыми уставными задачами,ЮЛ,1.56,Правовая подготовка,"Запрещается ли на территории Российской Федерации ношение аэрозольных устройств, снаряженных слезоточивыми веществами при проведении уличных шествий, демонстраций, митингов и других массовых публичных мероприятий?","На территории Российской Федерации ношение аэрозольных устройств, снаряженных слезоточивыми веществами при проведении уличных шествий, демонстраций, митингов и других массовых публичных мероприятий запрещается.","На территории Российской Федерации ношение аэрозольных устройств, снаряженных слезоточивыми веществами при проведении уличных шествий, демонстраций, митингов и других массовых публичных мероприятий разрешается при условии возможных массовых беспорядков.","На территории Российской Федерации ношение аэрозольных устройств, снаряженных слезоточивыми веществами при проведении уличных шествий, демонстраций, митингов и других массовых публичных мероприятий разрешается работникам юридического лица с особыми уставными задачами, если они привлекаются органами внутренних дел к охране общественного порядка при проведении указанных мероприятий.",1,"На территории Российской Федерации ношение аэрозольных устройств, снаряженных слезоточивыми веществами при проведении уличных шествий, демонстраций, митингов и других массовых публичных мероприятий запрещается.","Все вопросы / полный банк; Работники ЮЛ / все вопросы; Работники ЮЛ с особыми уставными задачами / Правовая подготовка; Правовая подготовка / все вопросы; Право / оружие: выдача, хранение, ношение, ограничения",
262.0,Работники ЮЛ с особыми уставными задачами,ЮЛ,1.57,Правовая подготовка,"Разрешается ли на территории Российской Федерации ношение электрошоковых устройств отечественного производства при проведении демонстраций, пикетирования, уличных шествий или иных массовых публичных мероприятий?","На территории Российской Федерации ношение электрошоковых устройств отечественного производства при проведении уличных шествий, демонстраций, митингов и других массовых публичных мероприятий запрещается.","На территории Российской Федерации ношение электрошоковых устройств отечественного производства при проведении уличных шествий, демонстраций, митингов и других массовых публичных мероприятий разрешается при условии возможного возникновения массовых беспорядков.","На территории Российской Федерации при проведении уличных шествий, демонстраций, митингов и других массовых публичных мероприятий разрешается ношение электрошоковых устройств импортного производства только при условии возможного возникновения массовых беспорядков и предварительного согласования с органами внутренних дел.",1,"На территории Российской Федерации ношение электрошоковых устройств отечественного производства при проведении уличных шествий, демонстраций, митингов и других массовых публичных мероприятий запрещается.","Все вопросы / полный банк; Работники ЮЛ / все вопросы; Работники ЮЛ с особыми уставными задачами / Правовая подготовка; Правовая подготовка / все вопросы; Право / оружие: выдача, хранение, ношение, ограничения; Спецсредства / электрошоковые устройства",
263.0,Работники ЮЛ с особыми уставными задачами,ЮЛ,1.58,Правовая подготовка,Запрещается ли работнику юридического лица с особыми уставными задачами приобретение огнестрельного оружия на основании разрешения на хранение и ношение служебного оружия?,Работник юридического лица с особыми уставными задачами на основании разрешения на хранение и ношение служебного оружия может приобрести гладкоствольного охотничьего и газовое оружие.,Работнику юридического лица с особыми уставными задачами приобретение служебного оружия на основании разрешения на хранение и ношение служебного оружия запрещено.,Работнику юридического лица с особыми уставными задачами на основании разрешения на хранение и ношение служебного оружия разрешается приобретать служебное оружие.,2,Работнику юридического лица с особыми уставными задачами приобретение служебного оружия на основании разрешения на хранение и ношение служебного оружия запрещено.,"Все вопросы / полный банк; Работники ЮЛ / все вопросы; Работники ЮЛ с особыми уставными задачами / Правовая подготовка; Правовая подготовка / все вопросы; Право / применение физической силы, спецсредств и оружия; Право / оружие: выдача, хранение, ношение, ограничения",
264.0,Работники ЮЛ с особыми уставными задачами,ЮЛ,1.59,Правовая подготовка,"В соответствии с Федеральным законом «Об оружии» лицензии на приобретение, а также разрешения на хранение или хранение и ношение оружия аннулируются органами, выдавшими эти лицензии или разрешения, в случаях:","В случае добровольного отказа от указанных лицензии и (или) разрешения, либо прекращения (отсутствия) у юридического лица права на приобретение (хранение, использование) оружия, либо ликвидации юридического лица, либо смерти собственника оружия.","В случаях если органы, имеющие право на выдачу лицензий на приобретение или разрешений на хранение или хранение и ношение оружия, приняли решение об их аннулировании.",В случае если имеется представление прокуратуры Российской Федерации о необходимости принятия дополнительных мер по повышению технической укрепленности мест хранения оружия и патронов к нему.,1,"В случае добровольного отказа от указанных лицензии и (или) разрешения, либо прекращения (отсутствия) у юридического лица права на приобретение (хранение, использование) оружия, либо ликвидации юридического лица, либо смерти собственника оружия.","Все вопросы / полный банк; Работники ЮЛ / все вопросы; Работники ЮЛ с особыми уставными задачами / Правовая подготовка; Правовая подготовка / все вопросы; Право / оружие: выдача, хранение, ношение, ограничения; Право / ответственность и санкции",
265.0,Работники ЮЛ с особыми уставными задачами,ЮЛ,1.60,Правовая подготовка,По истечении скольких лет после аннулирования разрешения на хранение и ношение оружия возможно повторное обращение за его получением?,Трех лет со дня их аннулирования.,Пяти лет со дня их аннулирования.,Одного года со дня их аннулирования.,1,Трех лет со дня их аннулирования.,"Все вопросы / полный банк; Работники ЮЛ / все вопросы; Работники ЮЛ с особыми уставными задачами / Правовая подготовка; Правовая подготовка / все вопросы; Право / оружие: выдача, хранение, ношение, ограничения; Право / ответственность и санкции",
266.0,Работники ЮЛ с особыми уставными задачами,ЮЛ,1.61,Правовая подготовка,В соответствии с действующим законодательством при необходимой обороне допускается причинение вреда:,Посягающему лицу.,Третьим лицам.,"Как посягающему лицу, так и третьим лицам.",1,Посягающему лицу.,"Все вопросы / полный банк; Работники ЮЛ / все вопросы; Работники ЮЛ с особыми уставными задачами / Правовая подготовка; Правовая подготовка / все вопросы; Право / необходимая оборона, крайняя необходимость, задержание",
267.0,Работники ЮЛ с особыми уставными задачами,ЮЛ,1.62,Правовая подготовка,"При необходимой обороне субъектом посягательства, отражаемого обороняющимся, является:",Человек (физическое лицо).,Стихия (силы природы).,"Источник повышенной опасности (оружие, автомобиль и пр.).",1,Человек (физическое лицо).,"Все вопросы / полный банк; Работники ЮЛ / все вопросы; Работники ЮЛ с особыми уставными задачами / Правовая подготовка; Правовая подготовка / все вопросы; Право / необходимая оборона, крайняя необходимость, задержание",
268.0,Работники ЮЛ с особыми уставными задачами,ЮЛ,1.63,Правовая подготовка,Могут ли действия работника юридического лица с особыми уставными задачами по защите жизни и здоровья другого лица расцениваться как действия в состоянии необходимой обороны:,Не могут ни при каких условиях.,"Могут, если соблюдены условия необходимой обороны, предусмотренные законом.","Могут, только если при указанном лице находилось охраняемое имущество.",2,"Могут, если соблюдены условия необходимой обороны, предусмотренные законом.","Все вопросы / полный банк; Работники ЮЛ / все вопросы; Работники ЮЛ с особыми уставными задачами / Правовая подготовка; Правовая подготовка / все вопросы; Право / необходимая оборона, крайняя необходимость, задержание",
269.0,Работники ЮЛ с особыми уставными задачами,ЮЛ,1.64,Правовая подготовка,Допускается ли причинение вреда третьим лицам в состоянии необходимой обороны?,Допускается при групповом нападении.,Допускается при вооруженном нападении.,Причинение вреда третьим лицам в состоянии необходимой обороны не допускается.,3,Причинение вреда третьим лицам в состоянии необходимой обороны не допускается.,"Все вопросы / полный банк; Работники ЮЛ / все вопросы; Работники ЮЛ с особыми уставными задачами / Правовая подготовка; Правовая подготовка / все вопросы; Право / необходимая оборона, крайняя необходимость, задержание",
270.0,Работники ЮЛ с особыми уставными задачами,ЮЛ,1.65,Правовая подготовка,"Защита от посягательства, не сопряженного с насилием, опасным для жизни обороняющегося или другого лица, либо с непосредственной угрозой применения такого насилия:",Считается неправомерной и расценивается как превышение пределов необходимой обороны.,"Считается правомерной, если при этом не было допущено превышения пределов необходимой обороны, то есть умышленных действий, явно несоответствующих характеру и опасности посягательства.",Квалифицируется как умышленное преступление.,2,"Считается правомерной, если при этом не было допущено превышения пределов необходимой обороны, то есть умышленных действий, явно несоответствующих характеру и опасности посягательства.","Все вопросы / полный банк; Работники ЮЛ / все вопросы; Работники ЮЛ с особыми уставными задачами / Правовая подготовка; Правовая подготовка / все вопросы; Право / применение физической силы, спецсредств и оружия",
271.0,Работники ЮЛ с особыми уставными задачами,ЮЛ,1.66,Правовая подготовка,"Действия обороняющегося лица, если это лицо вследствие неожиданности посягательства не могло объективно оценить степень и характер опасности нападения:",Не являются превышением пределов необходимой обороны.,Считаются превышением пределов необходимой обороны.,"Квалифицируются как преступление, совершенное по неосторожности.",1,Не являются превышением пределов необходимой обороны.,"Все вопросы / полный банк; Работники ЮЛ / все вопросы; Работники ЮЛ с особыми уставными задачами / Правовая подготовка; Правовая подготовка / все вопросы; Право / объектовый режим, имущество, место происшествия",
272.0,Работники ЮЛ с особыми уставными задачами,ЮЛ,1.67,Правовая подготовка,К уголовно наказуемым деяниям при превышении пределов необходимой обороны относится:,"Причинение тяжкого вреда здоровью по неосторожности, совершенное при превышении пределов необходимой обороны.","Умышленное причинение тяжкого вреда здоровью, совершенное при превышении пределов необходимой обороны.","Умышленное причинение средней тяжести вреда здоровью, совершенное при превышении пределов необходимой обороны.",2,"Умышленное причинение тяжкого вреда здоровью, совершенное при превышении пределов необходимой обороны.","Все вопросы / полный банк; Работники ЮЛ / все вопросы; Работники ЮЛ с особыми уставными задачами / Правовая подготовка; Правовая подготовка / все вопросы; Право / необходимая оборона, крайняя необходимость, задержание; Право / ответственность и санкции",
273.0,Работники ЮЛ с особыми уставными задачами,ЮЛ,1.68,Правовая подготовка,"Вред, причиненный в состоянии крайней необходимости:",Не подлежит возмещению.,"Во всех случаях подлежит возмещению в полном объеме лицом, причинившим вред.",Подлежит возмещению по решению суда.,3,Подлежит возмещению по решению суда.,"Все вопросы / полный банк; Работники ЮЛ / все вопросы; Работники ЮЛ с особыми уставными задачами / Правовая подготовка; Правовая подготовка / все вопросы; Право / необходимая оборона, крайняя необходимость, задержание",
274.0,Работники ЮЛ с особыми уставными задачами,ЮЛ,1.69,Правовая подготовка,"Причинение вреда, менее значительного, чем предотвращенный вред, является обязательным условием правомерности действий:",В состоянии необходимой обороны.,В состоянии крайней необходимости.,"Как в состоянии необходимой обороны, так и в состоянии крайней необходимости.",2,В состоянии крайней необходимости.,"Все вопросы / полный банк; Работники ЮЛ / все вопросы; Работники ЮЛ с особыми уставными задачами / Правовая подготовка; Правовая подготовка / все вопросы; Право / необходимая оборона, крайняя необходимость, задержание",
275.0,Работники ЮЛ с особыми уставными задачами,ЮЛ,1.70,Правовая подготовка,Не является преступлением причинение вреда посягающему лицу в состоянии необходимой обороны:,В случае группового посягательства.,"Если это посягательство было сопряжено с насилием, опасным для жизни обороняющегося или другого лица, либо с непосредственной угрозой применения такого насилия.","Если посягательство сопряжено с насилием, опасным для здоровья обороняющегося.",2,"Если это посягательство было сопряжено с насилием, опасным для жизни обороняющегося или другого лица, либо с непосредственной угрозой применения такого насилия.","Все вопросы / полный банк; Работники ЮЛ / все вопросы; Работники ЮЛ с особыми уставными задачами / Правовая подготовка; Правовая подготовка / все вопросы; Право / необходимая оборона, крайняя необходимость, задержание",
276.0,Работники ЮЛ с особыми уставными задачами,ЮЛ,1.71,Правовая подготовка,"Имеют ли право на необходимую оборону лица, имеющие возможность избежать общественно опасного посягательства или обратиться за помощью к другим лицам или органам власти?","Да, имеют.","Нет, не имеют.","Имеют, если посягательство сопряжено с насилием, опасным для жизни обороняющегося.",1,"Да, имеют.","Все вопросы / полный банк; Работники ЮЛ / все вопросы; Работники ЮЛ с особыми уставными задачами / Правовая подготовка; Правовая подготовка / все вопросы; Право / необходимая оборона, крайняя необходимость, задержание",
277.0,Работники ЮЛ с особыми уставными задачами,ЮЛ,1.72,Правовая подготовка,"Подлежит ли возмещению вред, причиненный посягающему лицу в состоянии необходимой обороны, если при этом не было допущено превышения пределов необходимой обороны?","Да, подлежит.",Подлежит частично на основании судебного решения.,Не подлежит.,3,Не подлежит.,"Все вопросы / полный банк; Работники ЮЛ / все вопросы; Работники ЮЛ с особыми уставными задачами / Правовая подготовка; Правовая подготовка / все вопросы; Право / необходимая оборона, крайняя необходимость, задержание",
278.0,Работники ЮЛ с особыми уставными задачами,ЮЛ,1.73,Правовая подготовка,"Причинение вреда при задержании лица, совершившего преступление, допускается в случаях:",Если лицо застигнуто на месте совершения преступления.,Если лицо застигнуто на месте совершения преступления и пытается скрыться.,"При задержании лица для его доставления органам власти и пресечения возможности совершения им новых преступлений, если иными средствами задержать такое лицо не представлялось возможным, и при этом не было допущено превышения необходимых для этого мер.",3,"При задержании лица для его доставления органам власти и пресечения возможности совершения им новых преступлений, если иными средствами задержать такое лицо не представлялось возможным, и при этом не было допущено превышения необходимых для этого мер.","Все вопросы / полный банк; Работники ЮЛ / все вопросы; Работники ЮЛ с особыми уставными задачами / Правовая подготовка; Правовая подготовка / все вопросы; Право / необходимая оборона, крайняя необходимость, задержание",
279.0,Работники ЮЛ с особыми уставными задачами,ЮЛ,1.74,Правовая подготовка,"Превышением мер, необходимых для задержания лица, совершившего преступление, признается:","Причинение вреда здоровью при задержании лица, совершившего преступление.","Явное несоответствие характеру и степени общественной опасности совершенного задерживаемым лицом преступления и обстоятельствам задержания, когда лицу без необходимости причиняется явно чрезмерный, не вызываемый обстановкой вред.","Причинение смерти по неосторожности при задержании лица, совершившего преступление.",2,"Явное несоответствие характеру и степени общественной опасности совершенного задерживаемым лицом преступления и обстоятельствам задержания, когда лицу без необходимости причиняется явно чрезмерный, не вызываемый обстановкой вред.","Все вопросы / полный банк; Работники ЮЛ / все вопросы; Работники ЮЛ с особыми уставными задачами / Правовая подготовка; Правовая подготовка / все вопросы; Право / необходимая оборона, крайняя необходимость, задержание",
280.0,Работники ЮЛ с особыми уставными задачами,ЮЛ,1.75,Правовая подготовка,"За ненадлежащее исполнение своих обязанностей лицо, которому была поручена охрана огнестрельного оружия, боеприпасов, взрывчатых веществ или взрывных устройств если это повлекло их хищение или уничтожение, либо наступление иных тяжких последствий, привлекается:",К дисциплинарной ответственности.,К административной ответственности.,К уголовной ответственности.,3,К уголовной ответственности.,"Все вопросы / полный банк; Работники ЮЛ / все вопросы; Работники ЮЛ с особыми уставными задачами / Правовая подготовка; Правовая подготовка / все вопросы; Право / применение физической силы, спецсредств и оружия; Право / оружие: выдача, хранение, ношение, ограничения",
281.0,Работники ЮЛ с особыми уставными задачами,ЮЛ,1.76,Правовая подготовка,Нарушение работниками юридических лиц с особыми уставными задачами правил ношения оружия и патронов к нему влечет:,Уголовную ответственность.,Административную ответственность.,Уголовную и административную ответственность.,2,Административную ответственность.,"Все вопросы / полный банк; Работники ЮЛ / все вопросы; Работники ЮЛ с особыми уставными задачами / Правовая подготовка; Правовая подготовка / все вопросы; Право / оружие: выдача, хранение, ношение, ограничения",
282.0,Работники ЮЛ с особыми уставными задачами,ЮЛ,1.77,Правовая подготовка,"Неповиновение законному распоряжению или требованию должностного лица органа, осуществляющего государственный надзор (контроль) влечет:",Уголовную ответственность.,Административную ответственность.,Наказание за данное деяние законом не предусмотрено.,2,Административную ответственность.,Все вопросы / полный банк; Работники ЮЛ / все вопросы; Работники ЮЛ с особыми уставными задачами / Правовая подготовка; Правовая подготовка / все вопросы,
283.0,Работники ЮЛ с особыми уставными задачами,ЮЛ,1.78,Правовая подготовка,"Нарушение правил производства, продажи, хранения или учета оружия и патронов к нему - влечет наложение административного штрафа:","На любого работника организации, допустившего правонарушение.",К ответственности привлекаются только должностные лица.,Административному взысканию подвергается должностное и (или) юридическое лицо.,3,Административному взысканию подвергается должностное и (или) юридическое лицо.,"Все вопросы / полный банк; Работники ЮЛ / все вопросы; Работники ЮЛ с особыми уставными задачами / Правовая подготовка; Правовая подготовка / все вопросы; Право / оружие: выдача, хранение, ношение, ограничения; Право / ответственность и санкции",
284.0,Работники ЮЛ с особыми уставными задачами,ЮЛ,1.79,Правовая подготовка,Какое оружие разрешается использовать работнику юридического лица с особыми уставными задачами?,"Боевое оружие, не зарегистрированное в территориальных органах Федеральной службы войск национальной гвардии Российской Федерации.","Огнестрельное оружие, величина дульной энергии которого не превышает 3,5 Дж.",Закрепленное за ним боевое оружие при наличии соответствующего разрешения на хранение и ношение данного оружия.,3,Закрепленное за ним боевое оружие при наличии соответствующего разрешения на хранение и ношение данного оружия.,"Все вопросы / полный банк; Работники ЮЛ / все вопросы; Работники ЮЛ с особыми уставными задачами / Правовая подготовка; Правовая подготовка / все вопросы; Право / оружие: выдача, хранение, ношение, ограничения",
285.0,Работники ЮЛ с особыми уставными задачами,ЮЛ,1.80,Правовая подготовка,"Сохраняет ли право на получение оружия работник юридического лица с особыми уставными задачами, не прошедший периодическую проверку на пригодность к действиям в условиях, связанных с применением огнестрельного оружия?",Не сохраняет.,Сохраняет.,"Сохраняет, на основании приказа руководителя учреждения.",1,Не сохраняет.,"Все вопросы / полный банк; Работники ЮЛ / все вопросы; Работники ЮЛ с особыми уставными задачами / Правовая подготовка; Правовая подготовка / все вопросы; Право / применение физической силы, спецсредств и оружия; Право / оружие: выдача, хранение, ношение, ограничения",
286.0,Работники ЮЛ с особыми уставными задачами,ЮЛ,2.1,Тактико-специальная подготовка,Какая особенность рикошетирования пули может использоваться и должна учитываться участником огневого контакта в его интересах?,Потеря пулей опасности после рикошета.,Возможность избежать поражения противником из-за самой способности пули рикошетировать от препятствий.,"Возможность поражения с помощью рикошета цели, находящейся за укрытием.",2,Возможность избежать поражения противником из-за самой способности пули рикошетировать от препятствий.,"Все вопросы / полный банк; Работники ЮЛ / все вопросы; Работники ЮЛ с особыми уставными задачами / Тактико-специальная подготовка; Тактико-специальная подготовка / все вопросы; Тактика / действия на посту и при угрозах; Тактика / огневой контакт, нападение, выбор укрытия",
287.0,Работники ЮЛ с особыми уставными задачами,ЮЛ,2.2,Тактико-специальная подготовка,Для эффективного поражения цели предполагается ведение огня (в зависимости от дистанции):,"На дистанции, не превышающей рекомендуемую для данного оружия.",На любой дистанции (в том числе и превышающей рекомендуемую для данного оружия).,"На дистанции, не превышающей максимальную дальность полета пули из данного оружия.",1,"На дистанции, не превышающей рекомендуемую для данного оружия.","Все вопросы / полный банк; Работники ЮЛ / все вопросы; Работники ЮЛ с особыми уставными задачами / Тактико-специальная подготовка; Тактико-специальная подготовка / все вопросы; Тактика / действия на посту и при угрозах; Тактика / огневой контакт, нападение, выбор укрытия",
288.0,Работники ЮЛ с особыми уставными задачами,ЮЛ,2.3,Тактико-специальная подготовка,"Тактика действий при наличии на траектории стрельбы третьих лиц, не участвующих в нападении:","Обороняющийся, сам оставаясь в неподвижности, ожидает изменения ситуации (подавая третьим лицам соответствующие команды голосом).","Обороняющийся перемещается в направлении (влево, вправо, вниз или вверх), обеспечивающем безопасную для третьих лиц траекторию выстрела.","Обороняющийся не отвлекается на действия, направленные на обеспечение безопасности третьих лиц.",2,"Обороняющийся перемещается в направлении (влево, вправо, вниз или вверх), обеспечивающем безопасную для третьих лиц траекторию выстрела.","Все вопросы / полный банк; Работники ЮЛ / все вопросы; Работники ЮЛ с особыми уставными задачами / Тактико-специальная подготовка; Тактико-специальная подготовка / все вопросы; Тактика / действия на посту и при угрозах; Тактика / огневой контакт, нападение, выбор укрытия",
289.0,Работники ЮЛ с особыми уставными задачами,ЮЛ,2.4,Тактико-специальная подготовка,"Должен ли работник юридического лица с особыми уставными задачами беспрепятственно допустить на охраняемый объект лиц, представившихся работниками правоохранительных органов?","Должен в любом случае, если предъявлены удостоверения, сходные с удостоверениями работников правоохранительных органов.","Должен в случаях, когда законом предусмотрен беспрепятственный допуск, после того как убедится, что указанные лица являются работниками правоохранительных органов.",Не должен.,2,"Должен в случаях, когда законом предусмотрен беспрепятственный допуск, после того как убедится, что указанные лица являются работниками правоохранительных органов.",Все вопросы / полный банк; Работники ЮЛ / все вопросы; Работники ЮЛ с особыми уставными задачами / Тактико-специальная подготовка; Тактико-специальная подготовка / все вопросы; Тактика / действия на посту и при угрозах,
290.0,Работники ЮЛ с особыми уставными задачами,ЮЛ,2.5,Тактико-специальная подготовка,"Действия работника юридического лица с особыми уставными задачами по просмотру документов посетителей объекта охраны (а также осмотру вносимого и выносимого ими имущества, регистрации и обработке их персональных данных) могут осуществляться:","В качестве мер принуждения, применяемых независимо от воли посетителей объекта охраны, ознакомившихся с правилами внутриобъектового и пропускного режимов на объекте.","На добровольной основе, когда посетители ознакомились с соответствующими правилами внутриобъектового и пропускного режимов, установленными руководством охраняемого объекта, и согласились их выполнять.","На основании Кодекса Российской Федерации об административных правонарушениях, независимо от наличия каких-либо правил, установленных руководством охраняемого объекта.",2,"На добровольной основе, когда посетители ознакомились с соответствующими правилами внутриобъектового и пропускного режимов, установленными руководством охраняемого объекта, и согласились их выполнять.",Все вопросы / полный банк; Работники ЮЛ / все вопросы; Работники ЮЛ с особыми уставными задачами / Тактико-специальная подготовка; Тактико-специальная подготовка / все вопросы; Тактика / действия на посту и при угрозах,
291.0,Работники ЮЛ с особыми уставными задачами,ЮЛ,2.6,Тактико-специальная подготовка,Работники юридического лица с особыми уставными задачами имеют право требовать от персонала и посетителей объектов охраны соблюдения внутриобъектового и пропускного режимов:,"При обеспечении внутриобъектового и пропускного режимов, а также при транспортировке охраняемых грузов, денежных средств и иного имущества в пределах объекта охраны.",При осуществлении обязанностей по защите жизни и здоровья граждан.,"При обеспечении любых охранных мероприятий, предусмотренных законодательством.",1,"При обеспечении внутриобъектового и пропускного режимов, а также при транспортировке охраняемых грузов, денежных средств и иного имущества в пределах объекта охраны.",Все вопросы / полный банк; Работники ЮЛ / все вопросы; Работники ЮЛ с особыми уставными задачами / Тактико-специальная подготовка; Тактико-специальная подготовка / все вопросы; Тактика / действия на посту и при угрозах,
292.0,Работники ЮЛ с особыми уставными задачами,ЮЛ,2.7,Тактико-специальная подготовка,"Имеет ли право работник юридического лица с особыми уставными задачами проверять состояние инженерно-технических средств охраны, установленных на охраняемом объекте?",Имеет только в случае прохождения соответствующей подготовки и оформления допуска к их эксплуатации.,Не имеет.,Имеет.,3,Имеет.,Все вопросы / полный банк; Работники ЮЛ / все вопросы; Работники ЮЛ с особыми уставными задачами / Тактико-специальная подготовка; Тактико-специальная подготовка / все вопросы; Тактика / действия на посту и при угрозах,
293.0,Работники ЮЛ с особыми уставными задачами,ЮЛ,2.8,Тактико-специальная подготовка,Работникам юридического лица с особыми уставными задачами запрещается препятствовать:,Любым действиям должностных лиц правоохранительных и контролирующих органов при осуществлении указанными должностными лицами своей деятельности.,Законным действиям должностных лиц правоохранительных и контролирующих органов при осуществлении указанными лицами своих должностных обязанностей.,"Действиям должностных лиц правоохранительных и контролирующих органов, независимо от того, осуществляют ли они свою служебную деятельность.",2,Законным действиям должностных лиц правоохранительных и контролирующих органов при осуществлении указанными лицами своих должностных обязанностей.,Все вопросы / полный банк; Работники ЮЛ / все вопросы; Работники ЮЛ с особыми уставными задачами / Тактико-специальная подготовка; Тактико-специальная подготовка / все вопросы; Тактика / действия на посту и при угрозах,
294.0,Работники ЮЛ с особыми уставными задачами,ЮЛ,2.9,Тактико-специальная подготовка,"При выявлении нарушений, создающих на охраняемых объектах угрозу возникновения пожаров и безопасности людей, работник юридического лица с особыми уставными задачами имеет право:",Принимать меры по пресечению указанных нарушений.,Давать обязательные для исполнения указания руководству охраняемого объекта по устранению выявленных нарушений.,"Покинуть охраняемый объект, удалившись на безопасное расстояние.",1,Принимать меры по пресечению указанных нарушений.,Все вопросы / полный банк; Работники ЮЛ / все вопросы; Работники ЮЛ с особыми уставными задачами / Тактико-специальная подготовка; Тактико-специальная подготовка / все вопросы; Тактика / действия на посту и при угрозах,
295.0,Работники ЮЛ с особыми уставными задачами,ЮЛ,2.10,Тактико-специальная подготовка,"При выявлении условий, способствующих хищениям имущества, работник юридического лица с особыми уставными задачами имеет право:",Давать обязательные для исполнения указания материально-ответственным лицам охраняемого объекта по устранению выявленных нарушений.,Принимать меры по пресечению указанных нарушений и ликвидации указанных условий.,Давать рекомендации руководству охраняемого объекта по ликвидации указанных условий.,2,Принимать меры по пресечению указанных нарушений и ликвидации указанных условий.,Все вопросы / полный банк; Работники ЮЛ / все вопросы; Работники ЮЛ с особыми уставными задачами / Тактико-специальная подготовка; Тактико-специальная подготовка / все вопросы; Тактика / действия на посту и при угрозах,
296.0,Работники ЮЛ с особыми уставными задачами,ЮЛ,3.1,Первая помощь,"Каково содержание информации, сообщаемой при вызове скорой медицинской помощи?","Сообщить, кто вызывает, телефон вызывающего, что случилось, кто пострадал/заболел (пол, возраст), адрес с указанием подъездного пути, дома, подъезда, этажа, кода на входной двери.","Сообщить, что случилось, кто вызывает, телефон вызывающего, кто пострадал/заболел (пол, возраст), адрес с указанием подъездного пути, дома, подъезда, этажа, кода на входной двери.","Сообщить, что случилось, кто пострадал/заболел (пол, возраст), адрес с указанием подъездных путей, дома, подъезда, этажа, кода на входной двери, кто вызывает, телефон вызывающего.",3,"Сообщить, что случилось, кто пострадал/заболел (пол, возраст), адрес с указанием подъездных путей, дома, подъезда, этажа, кода на входной двери, кто вызывает, телефон вызывающего.","Все вопросы / полный банк; Работники ЮЛ / все вопросы; Работники ЮЛ с особыми уставными задачами / Первая помощь; Первая помощь / все вопросы; Первая помощь / вызов помощи, безопасность, порядок действий",
297.0,Работники ЮЛ с особыми уставными задачами,ЮЛ,3.2,Первая помощь,"Каков порядок действий при встрече медицинских работников, прибывающих по вызову?","Ожидать встречи «Скорой помощи» на месте происшествия, объясняя по телефону диспетчеру «03», как поехать к месту происшествия.","Направить кого-нибудь встречать «Скорую помощь», самому ожидать у места происшествия и оказывать первую помощь.","Направить кого-нибудь встречать «Скорую помощь», при сложном маршруте обозначить его дополнительными опознавательными знаками, самому ожидать у места происшествия и оказывать первую помощь.",3,"Направить кого-нибудь встречать «Скорую помощь», при сложном маршруте обозначить его дополнительными опознавательными знаками, самому ожидать у места происшествия и оказывать первую помощь.","Все вопросы / полный банк; Работники ЮЛ / все вопросы; Работники ЮЛ с особыми уставными задачами / Первая помощь; Первая помощь / все вопросы; Первая помощь / вызов помощи, безопасность, порядок действий",
298.0,Работники ЮЛ с особыми уставными задачами,ЮЛ,3.3,Первая помощь,Входят ли в состав аптечки первой помощи медицинские препараты?,"Входят медицинские препараты, отпускаемые в аптеках без рецепта (йод, нашатырный спирт, валидол, нитроглицерин и т.п.).",Не входят.,"Входят медицинские препараты, отпускаемые в аптеках без рецепта (йод, нашатырный спирт, валидол, нитроглицерин и т.п.), а также препараты для проведения комплексной противошоковой терапии (кордиамин, дексаметазон, кеторолака трометамин или баралгин и т.п.).",2,Не входят.,Все вопросы / полный банк; Работники ЮЛ / все вопросы; Работники ЮЛ с особыми уставными задачами / Первая помощь; Первая помощь / все вопросы,
299.0,Работники ЮЛ с особыми уставными задачами,ЮЛ,3.4,Первая помощь,Какие из мероприятий по оценке обстановки и обеспечению безопасных условий для оказания первой помощи совершаются в порядке осмотра места происшествия?,Определение угрожающих факторов для собственной жизни и здоровья; определение угрожающих факторов для жизни и здоровья пострадавшего; оценка количества пострадавших.,Устранение угрожающих факторов для жизни и здоровья; прекращение действия повреждающих факторов на пострадавшего.,Придание правильного транспортного положения и организация транспортировки пострадавшего.,1,Определение угрожающих факторов для собственной жизни и здоровья; определение угрожающих факторов для жизни и здоровья пострадавшего; оценка количества пострадавших.,"Все вопросы / полный банк; Работники ЮЛ / все вопросы; Работники ЮЛ с особыми уставными задачами / Первая помощь; Первая помощь / все вопросы; Первая помощь / вызов помощи, безопасность, порядок действий",
300.0,Работники ЮЛ с особыми уставными задачами,ЮЛ,3.5,Первая помощь,Первым действием (первым этапом) при оказании первой помощи является:,Предотвращение возможных осложнений.,Прекращение воздействия травмирующего фактора.,"Правильная транспортировка пострадавшего (производимая с учетом обстановки на месте происшествия, состояния и характера повреждений пострадавшего).",2,Прекращение воздействия травмирующего фактора.,"Все вопросы / полный банк; Работники ЮЛ / все вопросы; Работники ЮЛ с особыми уставными задачами / Первая помощь; Первая помощь / все вопросы; Первая помощь / вызов помощи, безопасность, порядок действий",
301.0,Работники ЮЛ с особыми уставными задачами,ЮЛ,3.6,Первая помощь,Вторым действием (вторым этапом) при оказании первой помощи является:,"Устранение состояния, угрожающего жизни и здоровью пострадавшего.","Правильная транспортировка пострадавшего (производимая с учетом обстановки на месте происшествия, состояния и характера повреждений пострадавшего).",Предотвращение возможных осложнений.,1,"Устранение состояния, угрожающего жизни и здоровью пострадавшего.","Все вопросы / полный банк; Работники ЮЛ / все вопросы; Работники ЮЛ с особыми уставными задачами / Первая помощь; Первая помощь / все вопросы; Первая помощь / вызов помощи, безопасность, порядок действий",
302.0,Работники ЮЛ с особыми уставными задачами,ЮЛ,3.7,Первая помощь,Третьим действием (третьим этапом) при оказании первой помощи является:,Прекращение воздействия травмирующего фактора.,Предотвращение возможных осложнений.,"Правильная транспортировка пострадавшего (производимая с учетом обстановки на месте происшествия, состояния и характера повреждений пострадавшего).",3,"Правильная транспортировка пострадавшего (производимая с учетом обстановки на месте происшествия, состояния и характера повреждений пострадавшего).","Все вопросы / полный банк; Работники ЮЛ / все вопросы; Работники ЮЛ с особыми уставными задачами / Первая помощь; Первая помощь / все вопросы; Первая помощь / вызов помощи, безопасность, порядок действий",
303.0,Работники ЮЛ с особыми уставными задачами,ЮЛ,3.8,Первая помощь,"Какие действия, предусмотренные в составе первой помощи, завершают ее оказание?",Передача пострадавшего бригаде скорой медицинской помощи.,Проведение мероприятий первичной медико-санитарной помощи.,Проведение мероприятий специализированной медицинской помощи.,1,Передача пострадавшего бригаде скорой медицинской помощи.,Все вопросы / полный банк; Работники ЮЛ / все вопросы; Работники ЮЛ с особыми уставными задачами / Первая помощь; Первая помощь / все вопросы,
304.0,Работники ЮЛ с особыми уставными задачами,ЮЛ,3.9,Первая помощь,"Если пострадавший находится без сознания, в какое положение до прибытия скорой помощи он должен быть переведен?",В положении на спине.,В устойчивое боковое положение.,В положении полусидя.,2,В устойчивое боковое положение.,"Все вопросы / полный банк; Работники ЮЛ / все вопросы; Работники ЮЛ с особыми уставными задачами / Первая помощь; Первая помощь / все вопросы; Первая помощь / вызов помощи, безопасность, порядок действий; Первая помощь / СЛР, ИВЛ и критические состояния",
305.0,Работники ЮЛ с особыми уставными задачами,ЮЛ,3.10,Первая помощь,"Если пострадавший находится в сознании и задыхается, или у него имеется ранение грудной клетки, в какое положение до прибытия скорой помощи он должен быть переведен?",В положении на спине.,В устойчивое боковое положение.,В положении полусидя.,3,В положении полусидя.,"Все вопросы / полный банк; Работники ЮЛ / все вопросы; Работники ЮЛ с особыми уставными задачами / Первая помощь; Первая помощь / все вопросы; Первая помощь / вызов помощи, безопасность, порядок действий; Первая помощь / кровотечения, ранения, жгуты и повязки; Первая помощь / СЛР, ИВЛ и критические состояния",
306.0,Работники ЮЛ с особыми уставными задачами,ЮЛ,3.11,Первая помощь,"Что надо делать в случае, если у пострадавшего развился приступ эпилепсии (судорожный приступ)?","Удерживать пострадавшего за руки и ноги, для предотвращения укуса языка и его западения ввести в рот ложку, по окончанию приступа перевести в устойчивое боковое положение.","Придерживать пострадавшего за голову, не давая ее разбить, по окончанию приступа перевести в устойчивое боковое положение.","Расслабить (расстегнуть) стягивающую одежду, убрать предметы, которые могут травмировать пострадавшего, подложить под голову мягкий, плоский предмет (например, подушку или свернутую одежду), зафиксировать время начала и конца приступа, по окончанию приступа перевести в устойчивое боковое положение.",3,"Расслабить (расстегнуть) стягивающую одежду, убрать предметы, которые могут травмировать пострадавшего, подложить под голову мягкий, плоский предмет (например, подушку или свернутую одежду), зафиксировать время начала и конца приступа, по окончанию приступа перевести в устойчивое боковое положение.","Все вопросы / полный банк; Работники ЮЛ / все вопросы; Работники ЮЛ с особыми уставными задачами / Первая помощь; Первая помощь / все вопросы; Первая помощь / СЛР, ИВЛ и критические состояния",
307.0,Работники ЮЛ с особыми уставными задачами,ЮЛ,3.12,Первая помощь,"Правильная транспортировка пострадавшего, находящегося без сознания (за исключением случаев, когда в связи с подозрением на травму позвоночника менять положение тела не рекомендуется) производится:",В положении на спине.,В положении на боку.,В положении с приподнятыми нижними конечностями.,2,В положении на боку.,"Все вопросы / полный банк; Работники ЮЛ / все вопросы; Работники ЮЛ с особыми уставными задачами / Первая помощь; Первая помощь / все вопросы; Первая помощь / кровотечения, ранения, жгуты и повязки; Первая помощь / СЛР, ИВЛ и критические состояния; Первая помощь / травмы, переломы, ожоги, отравления",
308.0,Работники ЮЛ с особыми уставными задачами,ЮЛ,3.13,Первая помощь,Способы временной остановки кровотечения:,"Частичное сгибание конечности, наложение пластыря, наложение давящей повязки.","Пальцевое прижатие, максимальное сгибание конечности, наложение жгута (закрутки), наложение давящей повязки.","Придание возвышенного положения конечности, наложение асептической повязки.",2,"Пальцевое прижатие, максимальное сгибание конечности, наложение жгута (закрутки), наложение давящей повязки.","Все вопросы / полный банк; Работники ЮЛ / все вопросы; Работники ЮЛ с особыми уставными задачами / Первая помощь; Первая помощь / все вопросы; Первая помощь / кровотечения, ранения, жгуты и повязки",
309.0,Работники ЮЛ с особыми уставными задачами,ЮЛ,3.14,Первая помощь,Какова правильная последовательность действий при остановке артериального кровотечения?,"Накладывается жгут (скрутка, ремень), накладывается чистая повязка, указывается время наложения жгута.","Проводится пальцевая остановка кровотечения, накладывается жгут (скрутка, ремень), накладывается чистая повязка, указывается время наложения жгута","Проводится пальцевая остановка кровотечения, накладывается чистая повязка, накладывается жгут (скрутка, ремень), указывается время наложения жгута",2,"Проводится пальцевая остановка кровотечения, накладывается жгут (скрутка, ремень), накладывается чистая повязка, указывается время наложения жгута","Все вопросы / полный банк; Работники ЮЛ / все вопросы; Работники ЮЛ с особыми уставными задачами / Первая помощь; Первая помощь / все вопросы; Первая помощь / кровотечения, ранения, жгуты и повязки",
310.0,Работники ЮЛ с особыми уставными задачами,ЮЛ,3.15,Первая помощь,Техника наложения кровоостанавливающего жгута предусматривает:,Наложение жгута на одежду ниже места кровотечения (с указанием времени наложения в записке).,Наложение жгута на одежду выше места кровотечения (с указанием времени наложения в записке).,Наложение жгута под одежду выше места кровотечения.,2,Наложение жгута на одежду выше места кровотечения (с указанием времени наложения в записке).,"Все вопросы / полный банк; Работники ЮЛ / все вопросы; Работники ЮЛ с особыми уставными задачами / Первая помощь; Первая помощь / все вопросы; Первая помощь / кровотечения, ранения, жгуты и повязки",
311.0,Работники ЮЛ с особыми уставными задачами,ЮЛ,3.16,Первая помощь,Время наложения кровоостанавливающего жгута:,"Летом – не более чем на 1 час, зимой – не более чем на 30 минут.","Летом – не более чем на 30 минут, зимой – не более чем на 1 час.","Не более чем на 30 минут, независимо от окружающей температуры.",1,"Летом – не более чем на 1 час, зимой – не более чем на 30 минут.","Все вопросы / полный банк; Работники ЮЛ / все вопросы; Работники ЮЛ с особыми уставными задачами / Первая помощь; Первая помощь / все вопросы; Первая помощь / кровотечения, ранения, жгуты и повязки",
312.0,Работники ЮЛ с особыми уставными задачами,ЮЛ,3.17,Первая помощь,При вынужденном длительном наложении кровоостанавливающий жгут необходимо:,"Периодически ослаблять, применяя на это время пальцевое прижатие, затем переносить выше прежнего места наложения.","Периодически ослаблять, и затем переносить ниже прежнего места наложения.","Периодически ослаблять, применяя на это время пальцевое прижатие, затем накладывать на прежнее место.",1,"Периодически ослаблять, применяя на это время пальцевое прижатие, затем переносить выше прежнего места наложения.","Все вопросы / полный банк; Работники ЮЛ / все вопросы; Работники ЮЛ с особыми уставными задачами / Первая помощь; Первая помощь / все вопросы; Первая помощь / кровотечения, ранения, жгуты и повязки",
313.0,Работники ЮЛ с особыми уставными задачами,ЮЛ,3.18,Первая помощь,Действия по помощи пострадавшему при попадании инородного тела в дыхательные пути:,Положить пострадавшего на бок и вызвать интенсивную рвоту.,"Нанести пострадавшему, стоящему прямо, несколько интенсивных ударов ладонью между лопаток.","Нагнуть туловище пострадавшего вперед, нанести несколько интенсивных ударов ладонью между лопаток, при отсутствии эффекта - провести прием «Хемлика».",3,"Нагнуть туловище пострадавшего вперед, нанести несколько интенсивных ударов ладонью между лопаток, при отсутствии эффекта - провести прием «Хемлика».","Все вопросы / полный банк; Работники ЮЛ / все вопросы; Работники ЮЛ с особыми уставными задачами / Первая помощь; Первая помощь / все вопросы; Первая помощь / кровотечения, ранения, жгуты и повязки; Первая помощь / СЛР, ИВЛ и критические состояния",
314.0,Работники ЮЛ с особыми уставными задачами,ЮЛ,3.19,Первая помощь,Что надо сделать при возникновении не проходящих в покое острых болей за грудиной (в области сердца)?,"Немедленно вызвать «Скорую помощь», обеспечить пострадавшему полный покой в полусидячем положении, обеспечить приток воздуха.","Положить пострадавшего на спину, укутать одеялом, вызвать «Скорую помощь».","Посадить пострадавшего, обеспечить приток свежего воздуха, положить на грудь холод, вызвать «Скорую помощь».",1,"Немедленно вызвать «Скорую помощь», обеспечить пострадавшему полный покой в полусидячем положении, обеспечить приток воздуха.","Все вопросы / полный банк; Работники ЮЛ / все вопросы; Работники ЮЛ с особыми уставными задачами / Первая помощь; Первая помощь / все вопросы; Первая помощь / СЛР, ИВЛ и критические состояния",
315.0,Работники ЮЛ с особыми уставными задачами,ЮЛ,3.20,Первая помощь,Что в первую очередь может помочь при возникновении не проходящих в покое острых болей за грудиной (в области сердца)?,Измерение давления и частоты пульса.,Обеспечение физической нагрузки.,Прием нитроглицерина под язык (только если пострадавший знает о своей болезни и имеет его при себе).,3,Прием нитроглицерина под язык (только если пострадавший знает о своей болезни и имеет его при себе).,"Все вопросы / полный банк; Работники ЮЛ / все вопросы; Работники ЮЛ с особыми уставными задачами / Первая помощь; Первая помощь / все вопросы; Первая помощь / СЛР, ИВЛ и критические состояния",
316.0,Работники ЮЛ с особыми уставными задачами,ЮЛ,3.21,Первая помощь,В каком порядке проводятся мероприятия первой помощи при ранении?,"Остановка кровотечения, обеззараживание раны (при возможности), наложение повязки.","Обеззараживание раны (при возможности), наложение повязки, остановка кровотечения.","Остановка кровотечения, наложение повязки.",1,"Остановка кровотечения, обеззараживание раны (при возможности), наложение повязки.","Все вопросы / полный банк; Работники ЮЛ / все вопросы; Работники ЮЛ с особыми уставными задачами / Первая помощь; Первая помощь / все вопросы; Первая помощь / кровотечения, ранения, жгуты и повязки",
317.0,Работники ЮЛ с особыми уставными задачами,ЮЛ,3.22,Первая помощь,Какие действия проводятся при проникающем ранении грудной клетки (с выходом воздуха в плевральную полость)?,"Придание возвышенного положения, первоначальное закрытие раны ладонью, затем закрытие раны повязкой, не пропускающей воздух - с использованием индивидуального перевязочного пакета, иного полиэтиленового пакета и т.п.","Придание возвышенного положения, первоначальное закрытие раны ладонью, закрытие раны повязкой, обеспечивающей фиксацию грудной клетки пострадавшего.","Придание пострадавшему положения «на спине» первоначальное закрытие раны ладонью, затем закрытие раны повязкой, не пропускающей воздух - с использованием индивидуального перевязочного пакета, иного полиэтиленового пакета и т.п.",1,"Придание возвышенного положения, первоначальное закрытие раны ладонью, затем закрытие раны повязкой, не пропускающей воздух - с использованием индивидуального перевязочного пакета, иного полиэтиленового пакета и т.п.","Все вопросы / полный банк; Работники ЮЛ / все вопросы; Работники ЮЛ с особыми уставными задачами / Первая помощь; Первая помощь / все вопросы; Первая помощь / кровотечения, ранения, жгуты и повязки",
318.0,Работники ЮЛ с особыми уставными задачами,ЮЛ,3.23,Первая помощь,Какие правила оказания первой помощи соблюдаются при проникающем ранении в брюшную полость?,"Не давать пострадавшему пить жидкость, извлечь инородное тело, накрыть рану стерильной салфеткой.","Приподнять голову, дать сладкое теплое питье, накрыть стерильной салфеткой и положить холод на рану.","Не давать пострадавшему пить жидкость, не извлекать инородное тело, прикрыть рану стерильным перевязочным материалом.",3,"Не давать пострадавшему пить жидкость, не извлекать инородное тело, прикрыть рану стерильным перевязочным материалом.","Все вопросы / полный банк; Работники ЮЛ / все вопросы; Работники ЮЛ с особыми уставными задачами / Первая помощь; Первая помощь / все вопросы; Первая помощь / кровотечения, ранения, жгуты и повязки",
319.0,Работники ЮЛ с особыми уставными задачами,ЮЛ,3.24,Первая помощь,Что надо делать при нахождении ножа или другого ранящего предмета в ране?,"Вытащить нож и быстро, без обработки раны антисептиком, наложить повязку.","Применить пальцевое прижатие, наложить жгут выше места ранения, вытащить ранящий предмет, наложить повязку.","Оставить ранящий предмет в ране, зафиксировать предмет в ране, наложив вокруг него повязку.",3,"Оставить ранящий предмет в ране, зафиксировать предмет в ране, наложив вокруг него повязку.","Все вопросы / полный банк; Работники ЮЛ / все вопросы; Работники ЮЛ с особыми уставными задачами / Первая помощь; Первая помощь / все вопросы; Первая помощь / кровотечения, ранения, жгуты и повязки",
320.0,Работники ЮЛ с особыми уставными задачами,ЮЛ,3.25,Первая помощь,При попадании слезоточивых и раздражающих веществ на кожу следует:,"Протереть последовательно тремя тампонами - с 40% раствором этилового спирта, с 3% раствором бикарбоната натрия (соды), с мыльным раствором.",Промыть кожу холодной водой.,Промокнуть сухой ветошью.,1,"Протереть последовательно тремя тампонами - с 40% раствором этилового спирта, с 3% раствором бикарбоната натрия (соды), с мыльным раствором.","Все вопросы / полный банк; Работники ЮЛ / все вопросы; Работники ЮЛ с особыми уставными задачами / Первая помощь; Первая помощь / все вопросы; Первая помощь / травмы, переломы, ожоги, отравления",
321.0,Работники ЮЛ с особыми уставными задачами,ЮЛ,3.26,Первая помощь,При попадании слезоточивых и раздражающих веществ в глаза необходимо:,Протереть глаза масляным тампоном.,Протереть глаза сухой ветошью.,"Промыть глаза обильной струей теплой воды, затем 2% раствором бикарбоната натрия (соды).",3,"Промыть глаза обильной струей теплой воды, затем 2% раствором бикарбоната натрия (соды).","Все вопросы / полный банк; Работники ЮЛ / все вопросы; Работники ЮЛ с особыми уставными задачами / Первая помощь; Первая помощь / все вопросы; Первая помощь / травмы, переломы, ожоги, отравления",
322.0,Работники ЮЛ с особыми уставными задачами,ЮЛ,3.27,Первая помощь,Что необходимо сделать при ожоговой ране?,Очистить рану и промыть ее холодной водой.,Наложить чистую увлажненную повязку.,"Смазать рану маслом, наложить повязку.",2,Наложить чистую увлажненную повязку.,"Все вопросы / полный банк; Работники ЮЛ / все вопросы; Работники ЮЛ с особыми уставными задачами / Первая помощь; Первая помощь / все вопросы; Первая помощь / кровотечения, ранения, жгуты и повязки; Первая помощь / травмы, переломы, ожоги, отравления",
323.0,Работники ЮЛ с особыми уставными задачами,ЮЛ,3.28,Первая помощь,При повреждении костей предплечья или голени шину накладывают:,С захватом только верхнего (по отношению к месту перелома) сустава.,С захватом двух суставов (выше и ниже места перелома).,С захватом трех суставов.,2,С захватом двух суставов (выше и ниже места перелома).,"Все вопросы / полный банк; Работники ЮЛ / все вопросы; Работники ЮЛ с особыми уставными задачами / Первая помощь; Первая помощь / все вопросы; Первая помощь / травмы, переломы, ожоги, отравления",
324.0,Работники ЮЛ с особыми уставными задачами,ЮЛ,3.29,Первая помощь,При повреждении костей плеча или бедра шину накладывают:,С захватом только верхнего (по отношению к месту перелома) сустава.,С захватом только двух суставов (выше и ниже места перелома).,С захватом трех суставов (двух ниже и одного выше места перелома).,3,С захватом трех суставов (двух ниже и одного выше места перелома).,"Все вопросы / полный банк; Работники ЮЛ / все вопросы; Работники ЮЛ с особыми уставными задачами / Первая помощь; Первая помощь / все вопросы; Первая помощь / травмы, переломы, ожоги, отравления",
325.0,Работники ЮЛ с особыми уставными задачами,ЮЛ,3.30,Первая помощь,Порядок оказания первой помощи при открытых переломах.,"Обезболить (по возможности), наложить повязку, наложить шину.","Наложить шину, наложить повязку на рану.",Наложить шину и обезболить (по возможности).,1,"Обезболить (по возможности), наложить повязку, наложить шину.","Все вопросы / полный банк; Работники ЮЛ / все вопросы; Работники ЮЛ с особыми уставными задачами / Первая помощь; Первая помощь / все вопросы; Первая помощь / вызов помощи, безопасность, порядок действий; Первая помощь / травмы, переломы, ожоги, отравления",
326.0,Работники ЮЛ с особыми уставными задачами,ЮЛ,3.31,Первая помощь,При каких действиях достигается наибольшая эффективность оказания помощи при выведении пострадавшего из обморока?,"При укутывании пострадавшего в одеяло, приведения его в боковое устойчивое положение.","При поднятии ног пострадавшего выше уровня тела, при скручивающем нажатии на середину грудины, при наличии нашатырного спирта - при поднесении к носу и смазывании висков ваткой, смоченной нашатырным спиртом.",При нажатии на точку в центре носогубного треугольника.,2,"При поднятии ног пострадавшего выше уровня тела, при скручивающем нажатии на середину грудины, при наличии нашатырного спирта - при поднесении к носу и смазывании висков ваткой, смоченной нашатырным спиртом.","Все вопросы / полный банк; Работники ЮЛ / все вопросы; Работники ЮЛ с особыми уставными задачами / Первая помощь; Первая помощь / все вопросы; Первая помощь / СЛР, ИВЛ и критические состояния",
327.0,Работники ЮЛ с особыми уставными задачами,ЮЛ,3.32,Первая помощь,Как проверяется пульс при бессознательном состоянии пострадавшего и при травмах?,Пульс проверяется на запястье.,Пульс проверяется на сонной артерии.,Приложив ухо к груди прослушивается сердцебиение.,2,Пульс проверяется на сонной артерии.,"Все вопросы / полный банк; Работники ЮЛ / все вопросы; Работники ЮЛ с особыми уставными задачами / Первая помощь; Первая помощь / все вопросы; Первая помощь / СЛР, ИВЛ и критические состояния",
328.0,Работники ЮЛ с особыми уставными задачами,ЮЛ,3.33,Первая помощь,Что надо сделать для определения наличия дыхания при бессознательном состоянии пострадавшего?,Поднести зеркальце или птичье перо к носу пострадавшего.,Поднести к носу пострадавшего внутреннюю сторону своего запястья или щеку.,Приложить ухо к груди пострадавшего и прослушать дыхание.,2,Поднести к носу пострадавшего внутреннюю сторону своего запястья или щеку.,"Все вопросы / полный банк; Работники ЮЛ / все вопросы; Работники ЮЛ с особыми уставными задачами / Первая помощь; Первая помощь / все вопросы; Первая помощь / СЛР, ИВЛ и критические состояния",
329.0,Работники ЮЛ с особыми уставными задачами,ЮЛ,3.34,Первая помощь,В каком объеме проводятся мероприятия при прекращении сердечной деятельности и дыхания у пострадавшего?,"Освобождение дыхательных путей, проведение ИВЛ (искусственной вентиляции легких) и НМС (непрямого массажа сердца).",Проведение НМС (непрямого массажа сердца).,"Освобождение дыхательных путей, проведение ИВЛ (искусственной вентиляции легких).",1,"Освобождение дыхательных путей, проведение ИВЛ (искусственной вентиляции легких) и НМС (непрямого массажа сердца).","Все вопросы / полный банк; Работники ЮЛ / все вопросы; Работники ЮЛ с особыми уставными задачами / Первая помощь; Первая помощь / все вопросы; Первая помощь / СЛР, ИВЛ и критические состояния",
330.0,Работники ЮЛ с особыми уставными задачами,ЮЛ,3.35,Первая помощь,Положение пострадавшего при проведении сердечно-легочной реанимации:,"На спине, на ровной жесткой поверхности (колени реанимирующего на уровне спины пострадавшего).","В том положении, в котором был обнаружен пострадавший (колени реанимирующего выше уровня спины пострадавшего).",На спине на кровати (колени реанимирующего ниже уровня спины пострадавшего).,1,"На спине, на ровной жесткой поверхности (колени реанимирующего на уровне спины пострадавшего).","Все вопросы / полный банк; Работники ЮЛ / все вопросы; Работники ЮЛ с особыми уставными задачами / Первая помощь; Первая помощь / все вопросы; Первая помощь / СЛР, ИВЛ и критические состояния",
331.0,Работники ЮЛ с особыми уставными задачами,ЮЛ,3.36,Первая помощь,При проведении ИВЛ (искусственной вентиляции легких) методом «рот ко рту» необходимо:,Свободной рукой плотно зажимать нос пострадавшего.,"Зажимать нос пострадавшего только в случае, если носовые ходы свободны.",Нос пострадавшему не зажимать.,1,Свободной рукой плотно зажимать нос пострадавшего.,"Все вопросы / полный банк; Работники ЮЛ / все вопросы; Работники ЮЛ с особыми уставными задачами / Первая помощь; Первая помощь / все вопросы; Первая помощь / СЛР, ИВЛ и критические состояния",
332.0,Работники ЮЛ с особыми уставными задачами,ЮЛ,3.37,Первая помощь,При проведении ИВЛ (искусственной вентиляции легких) методом «рот к носу» необходимо:,Свободной рукой открывать рот пострадавшего для обеспечения выдоха.,"Свободной рукой плотно удерживать нижнюю челюсть пострадавшего, чтобы его рот был закрыт.",Не проводить никаких манипуляций с нижней челюстью пострадавшего.,2,"Свободной рукой плотно удерживать нижнюю челюсть пострадавшего, чтобы его рот был закрыт.","Все вопросы / полный банк; Работники ЮЛ / все вопросы; Работники ЮЛ с особыми уставными задачами / Первая помощь; Первая помощь / все вопросы; Первая помощь / СЛР, ИВЛ и критические состояния",
333.0,Работники ЮЛ с особыми уставными задачами,ЮЛ,3.38,Первая помощь,Особенности проведения ИВЛ (искусственной вентиляции легких) детям:,"Частота вдуваний воздуха и объем вдуваемого воздуха, по сравнению со взрослыми пострадавшими, не меняется.",Увеличивается частота вдуваний воздуха с обязательным уменьшением объема вдуваемого воздуха.,Уменьшается частота вдуваний воздуха с обязательным уменьшением объема вдуваемого воздуха.,2,Увеличивается частота вдуваний воздуха с обязательным уменьшением объема вдуваемого воздуха.,"Все вопросы / полный банк; Работники ЮЛ / все вопросы; Работники ЮЛ с особыми уставными задачами / Первая помощь; Первая помощь / все вопросы; Первая помощь / СЛР, ИВЛ и критические состояния",
334.0,Работники ЮЛ с особыми уставными задачами,ЮЛ,3.39,Первая помощь,Частота вдуваний воздуха в минуту при проведении ИВЛ (искусственной вентиляции легких) составляет:,"6-8 вдуваний в минуту для взрослых, 8-10 для детей.","8-10 вдуваний в минуту для взрослых, 12-20 для детей.","20-24 вдуваний в минуту для взрослых, 30-36 для детей.",2,"8-10 вдуваний в минуту для взрослых, 12-20 для детей.","Все вопросы / полный банк; Работники ЮЛ / все вопросы; Работники ЮЛ с особыми уставными задачами / Первая помощь; Первая помощь / все вопросы; Первая помощь / СЛР, ИВЛ и критические состояния",
335.0,Работники ЮЛ с особыми уставными задачами,ЮЛ,3.40,Первая помощь,"Ритм сердечно-легочной реанимации, выполняемой при оказании первой помощи:",5 надавливаний на грудную клетку – 1 вдувание воздуха.,15 надавливаний на грудную клетку – 2 вдувания воздуха.,30 надавливаний на грудную клетку – 2 вдувания воздуха.,3,30 надавливаний на грудную клетку – 2 вдувания воздуха.,"Все вопросы / полный банк; Работники ЮЛ / все вопросы; Работники ЮЛ с особыми уставными задачами / Первая помощь; Первая помощь / все вопросы; Первая помощь / СЛР, ИВЛ и критические состояния",
336.0,Работники ЮЛ с особыми уставными задачами,ЮЛ,3.41,Первая помощь,Промывание желудка при отравлении в порядке первой помощи (немедицинским персоналом и без желудочного зонда) запрещено:,"При отравлениях у лиц, не имеющих при себе документов, удостоверяющих личность.","При отравлениях кислотами, щелочами, нефтепродуктами, при судорогах, в случае потери сознания пострадавшим.",При отравлениях у несовершеннолетних детей.,2,"При отравлениях кислотами, щелочами, нефтепродуктами, при судорогах, в случае потери сознания пострадавшим.","Все вопросы / полный банк; Работники ЮЛ / все вопросы; Работники ЮЛ с особыми уставными задачами / Первая помощь; Первая помощь / все вопросы; Первая помощь / травмы, переломы, ожоги, отравления",
337.0,Работники ЮЛ с особыми уставными задачами,ЮЛ,4.1,Специальные средства,"Предусмотрено ли нормативными правовыми актами Российской Федерации применение работником юридического лица с особыми уставными задачами специальных средств для отражения нападения, непосредственно угрожающего жизни и здоровью лиц, находящихся на объекте?","Нет, не предусмотрено.",Предусмотрено только в состоянии необходимой обороны.,"Да, предусмотрено.",3,"Да, предусмотрено.",Все вопросы / полный банк; Работники ЮЛ / все вопросы; Работники ЮЛ с особыми уставными задачами / Специальные средства; Специальные средства / все вопросы,
338.0,Работники ЮЛ с особыми уставными задачами,ЮЛ,4.2,Специальные средства,"В каких случаях работнику юридического лица с особыми уставными задачами не запрещается применять специальные средства в отношении женщин с видимыми признаками беременности, лиц с явными признаками инвалидности и малолетних?","В случае оказания указанными лицами вооруженного сопротивления, совершения нападения, угрожающего жизни или здоровью работников юридического лица с особыми уставными задачами, либо лиц, находящихся на охраняемом объекте.","В случаях оказания указанными лицами группового сопротивления или нападения, угрожающего жизни и здоровью работников юридического лица с особыми уставными задачами или охраняемому имуществу.",В случае отказа указанными лицами подчиниться требованию работника юридического лица с особыми уставными задачами проследовать в помещение охраны.,1,"В случае оказания указанными лицами вооруженного сопротивления, совершения нападения, угрожающего жизни или здоровью работников юридического лица с особыми уставными задачами, либо лиц, находящихся на охраняемом объекте.",Все вопросы / полный банк; Работники ЮЛ / все вопросы; Работники ЮЛ с особыми уставными задачами / Специальные средства; Специальные средства / все вопросы,
339.0,Работники ЮЛ с особыми уставными задачами,ЮЛ,4.3,Специальные средства,Как меняется время непрерывного ношения бронежилета (жилета защитного) при повышении температуры и влажности воздуха:,Уменьшается.,Остается неизменным.,Увеличивается.,1,Уменьшается.,Все вопросы / полный банк; Работники ЮЛ / все вопросы; Работники ЮЛ с особыми уставными задачами / Специальные средства; Специальные средства / все вопросы; Спецсредства / бронежилеты и защитные шлемы,
340.0,Работники ЮЛ с особыми уставными задачами,ЮЛ,4.4,Специальные средства,Как меняется время непрерывного ношения бронежилета (жилета защитного) при понижении температуры воздуха:,Уменьшается.,Остается неизменным.,Увеличивается.,3,Увеличивается.,Все вопросы / полный банк; Работники ЮЛ / все вопросы; Работники ЮЛ с особыми уставными задачами / Специальные средства; Специальные средства / все вопросы; Спецсредства / бронежилеты и защитные шлемы,
341.0,Работники ЮЛ с особыми уставными задачами,ЮЛ,4.5,Специальные средства,Каким дополнительным элементом не комплектуются бронешлемы (шлемы защитные)?,Шейно-плечевой накладкой.,Бармицей для защиты шеи.,Встроенной радиогарнитурой.,1,Шейно-плечевой накладкой.,Все вопросы / полный банк; Работники ЮЛ / все вопросы; Работники ЮЛ с особыми уставными задачами / Специальные средства; Специальные средства / все вопросы; Спецсредства / бронежилеты и защитные шлемы,
342.0,Работники ЮЛ с особыми уставными задачами,ЮЛ,4.6,Специальные средства,"Каким способом проверяется фиксация замков наручников, не угрожающая нормальному кровообращению у правонарушителя?",Визуальным осмотром конечностей правонарушителя на предмет посинения.,Периодическим открытием и закрытием замка наручников.,Проверкой возможности браслетов наручников без затруднений поворачиваться на конечностях правонарушителя.,3,Проверкой возможности браслетов наручников без затруднений поворачиваться на конечностях правонарушителя.,Все вопросы / полный банк; Работники ЮЛ / все вопросы; Работники ЮЛ с особыми уставными задачами / Специальные средства; Специальные средства / все вопросы; Спецсредства / наручники,
343.0,Работники ЮЛ с особыми уставными задачами,ЮЛ,4.7,Специальные средства,Перед надеванием наручников на правонарушителя необходимо:,"Подложить на запястья в тех местах, на которые будут надеваться наручники, ткань, салфетку или платок.",Освободить запястья от одежды.,Получить на применение наручников разрешение руководителя охранной организации.,2,Освободить запястья от одежды.,Все вопросы / полный банк; Работники ЮЛ / все вопросы; Работники ЮЛ с особыми уставными задачами / Специальные средства; Специальные средства / все вопросы; Спецсредства / наручники,
344.0,Работники ЮЛ с особыми уставными задачами,ЮЛ,4.8,Специальные средства,"Палка резиновая ПУС-3, разрешенная для использования работниками юридического лица с особыми уставными задачами выпускается в следующих вариантах:",Раскладная и телескопическая.,Прямая и с боковой ручкой.,Произвольная и штатная.,1,Раскладная и телескопическая.,Все вопросы / полный банк; Работники ЮЛ / все вопросы; Работники ЮЛ с особыми уставными задачами / Специальные средства; Специальные средства / все вопросы; Спецсредства / резиновые палки,
345.0,Работники ЮЛ с особыми уставными задачами,ЮЛ,4.9,Специальные средства,"Палки резиновые ПУС-2 и ПР-Т, разрешенные для использования работниками юридического лица с особыми уставными задачами имеют в своей конструкции:",Выступающий кольцевой элемент (мини-гарду) рукоятки.,Боковую ручку.,Металлический наконечник.,2,Боковую ручку.,Все вопросы / полный банк; Работники ЮЛ / все вопросы; Работники ЮЛ с особыми уставными задачами / Специальные средства; Специальные средства / все вопросы; Спецсредства / резиновые палки,
346.0,Работники ЮЛ с особыми уставными задачами,ЮЛ,4.10,Специальные средства,"Палка резиновая ПР-73М, разрешенная для использования работниками юридического лица с особыми уставными задачами имеет в своей конструкции:",Выступающий кольцевой элемент (мини-гарду) рукоятки.,Боковую ручку.,Металлический наконечник.,1,Выступающий кольцевой элемент (мини-гарду) рукоятки.,Все вопросы / полный банк; Работники ЮЛ / все вопросы; Работники ЮЛ с особыми уставными задачами / Специальные средства; Специальные средства / все вопросы; Спецсредства / резиновые палки,
347.0,Работники ЮЛ с особыми уставными задачами,ЮЛ,4.11,Специальные средства,"Какая из палок резиновых, разрешенных для использования работниками юридического лица с особыми уставными задачами выпускается в варианте «телескопическая»:",ПУС-2.,ПР-Т.,ПУС-3.,3,ПУС-3.,Все вопросы / полный банк; Работники ЮЛ / все вопросы; Работники ЮЛ с особыми уставными задачами / Специальные средства; Специальные средства / все вопросы; Спецсредства / резиновые палки,
348.0,Работники ЮЛ с особыми уставными задачами,ЮЛ,4.12,Специальные средства,"Какие из палок резиновых, разрешенных для использования работниками юридического лица с особыми уставными задачами имеют наибольшую длину (650 мм):",ПУС-1 и ПУС-2.,ПР-Т и ПР-К.,ПУС-3.,1,ПУС-1 и ПУС-2.,Все вопросы / полный банк; Работники ЮЛ / все вопросы; Работники ЮЛ с особыми уставными задачами / Специальные средства; Специальные средства / все вопросы,
349.0,Работники ЮЛ с особыми уставными задачами,ЮЛ,4.13,Специальные средства,"Палки резиновые, разрешенные для использования работниками юридического лица с особыми уставными задачами имеют диаметр:",От 30 до 34 мм.,От 34 до 38 мм.,От 38 до 42 мм.,1,От 30 до 34 мм.,Все вопросы / полный банк; Работники ЮЛ / все вопросы; Работники ЮЛ с особыми уставными задачами / Специальные средства; Специальные средства / все вопросы; Спецсредства / резиновые палки,
350.0,Работники ЮЛ с особыми уставными задачами,ЮЛ,4.14,Специальные средства,"Какая из палок резиновых, разрешенных для использования работниками юридического лица с особыми уставными задачами имеет наибольший вес (850 гр):",ПР-К.,ПР-Т.,ПР-73М.,3,ПР-73М.,Все вопросы / полный банк; Работники ЮЛ / все вопросы; Работники ЮЛ с особыми уставными задачами / Специальные средства; Специальные средства / все вопросы,
351.0,Работники ЮЛ с особыми уставными задачами,ЮЛ,4.15,Специальные средства,"Бронежилеты и бронешлемы (жилеты и шлемы защитные), за исключением изготовленных специально для особых условий эксплуатации, могут терять свои свойства:",При воздействии ультрафиолетового излучения.,При намокании.,При температуре +30°С.,2,При намокании.,Все вопросы / полный банк; Работники ЮЛ / все вопросы; Работники ЮЛ с особыми уставными задачами / Специальные средства; Специальные средства / все вопросы; Спецсредства / бронежилеты и защитные шлемы,
352.0,Работники ЮЛ с особыми уставными задачами,ЮЛ,4.16,Специальные средства,Какие вещества (материалы) запрещается хранить совместно с бронежилетами и бронешлемами (жилетами и шлемами защитными)?,Гидросорбенты (влагопоглотители).,Резиновые изделия (резину).,Масла и кислоты.,3,Масла и кислоты.,Все вопросы / полный банк; Работники ЮЛ / все вопросы; Работники ЮЛ с особыми уставными задачами / Специальные средства; Специальные средства / все вопросы; Спецсредства / бронежилеты и защитные шлемы,
353.0,Работники ЮЛ с особыми уставными задачами,ЮЛ,4.17,Специальные средства,"Хранение каких видов специальных средств, используемых юридическими лицами с особыми уставными задачами, допускается ближе 1 метра от отопительных приборов?",Наручников.,Палок резиновых.,Жилетов и шлемов защитных.,1,Наручников.,Все вопросы / полный банк; Работники ЮЛ / все вопросы; Работники ЮЛ с особыми уставными задачами / Специальные средства; Специальные средства / все вопросы; Спецсредства / резиновые палки,
354.0,Работники ЮЛ с особыми уставными задачами,ЮЛ,4.18,Специальные средства,При ношении бронежилетов (жилетов защитных) скрытого ношения рекомендуется использовать одежду:,"Совпадающую по размеру с той, которую носит использующий бронежилет (жилет защитный) или одежду свободного покроя.","На 1-2 размера больше той, которую носит использующий бронежилет (жилет защитный) или одежду свободного покроя.","На 3-4 размера больше той, которую носит использующий бронежилет (жилет защитный) или одежду свободного покроя.",2,"На 1-2 размера больше той, которую носит использующий бронежилет (жилет защитный) или одежду свободного покроя.",Все вопросы / полный банк; Работники ЮЛ / все вопросы; Работники ЮЛ с особыми уставными задачами / Специальные средства; Специальные средства / все вопросы; Спецсредства / бронежилеты и защитные шлемы,
355.0,Работники ЮЛ с особыми уставными задачами,ЮЛ,4.19,Специальные средства,"Согласно рекомендациям предприятий-производителей, не следует применять аэрозольные устройства, снаряженные слезоточивыми веществами:",Во время дождя или в сырую погоду.,"При встречном ветре, а также в замкнутом пространстве (подъездах, лифтах, транспортных средствах и т.п.).",При температуре окружающего воздуха ниже 0ºС.,2,"При встречном ветре, а также в замкнутом пространстве (подъездах, лифтах, транспортных средствах и т.п.).",Все вопросы / полный банк; Работники ЮЛ / все вопросы; Работники ЮЛ с особыми уставными задачами / Специальные средства; Специальные средства / все вопросы,
356.0,Работники ЮЛ с особыми уставными задачами,ЮЛ,4.20,Специальные средства,При эксплуатации электрошоковых устройств (ЭШУ) необходимо:,"Избегать контакта рабочих электродов в области низа живота, поясницы и ягодиц объекта воздействия.","Избегать контакта рабочих электродов в области сердца, головы, шеи и солнечного сплетения объекта воздействия.",Еженедельно зачищать рабочие электроды наждачной бумагой.,2,"Избегать контакта рабочих электродов в области сердца, головы, шеи и солнечного сплетения объекта воздействия.",Все вопросы / полный банк; Работники ЮЛ / все вопросы; Работники ЮЛ с особыми уставными задачами / Специальные средства; Специальные средства / все вопросы; Спецсредства / электрошоковые устройства,
357.0,Работники ЮЛ с особыми уставными задачами,ЮЛ,5.1,Огневая подготовка,В каком из перечисленных случаев работнику юридического лица с особыми уставными задачами разрешено использовать огнестрельное оружие?,При исполнении возложенных на него служебных обязанностей по охране при транспортировании оружия (боеприпасов).,При исполнении возложенных на него служебных обязанностей по охране личного транспорта.,При исполнении любых поручений руководства организации.,1,При исполнении возложенных на него служебных обязанностей по охране при транспортировании оружия (боеприпасов).,"Все вопросы / полный банк; Работники ЮЛ / все вопросы; Работники ЮЛ с особыми уставными задачами / Огневая подготовка; Огневая подготовка / все вопросы; Огневая / теория оружия, боеприпасы, баллистика",
358.0,Работники ЮЛ с особыми уставными задачами,ЮЛ,5.2,Огневая подготовка,В каких случаях работник юридического лица с особыми уставными задачами может не предупреждать о намерении применить огнестрельное оружие?,"В любом случае, независимо от создавшейся ситуации.","В случае, если промедление в применении оружия создает непосредственную опасность для жизни.","В случае если есть предпосылки или догадки о том, что может сложиться ситуация, которая повлечет собой угрозу для жизни.",2,"В случае, если промедление в применении оружия создает непосредственную опасность для жизни.","Все вопросы / полный банк; Работники ЮЛ / все вопросы; Работники ЮЛ с особыми уставными задачами / Огневая подготовка; Огневая подготовка / все вопросы; Огневая / теория оружия, боеприпасы, баллистика",
359.0,Работники ЮЛ с особыми уставными задачами,ЮЛ,5.3,Огневая подготовка,"Какова последовательность действий работника юридического лица с особыми уставными задачами и порядок уведомления должностных лиц о случаях применения им специальных средств или огнестрельного оружия, в результате чего граждане получили телесные повреждения?",Немедленно уведомить прокурора и в возможно короткий срок органы здравоохранения и внутренних дел.,"Обеспечить лицам, получившим телесные повреждения в результате применения специальных средств или огнестрельного оружия, первую помощь. Доложить по подчиненности.","Обеспечить лицам, получившим телесные повреждения в результате применения специальных средств или огнестрельного оружия, первую помощь. Незамедлительно уведомить руководство охраняемого объекта и территориальное подразделение МЧС.",2,"Обеспечить лицам, получившим телесные повреждения в результате применения специальных средств или огнестрельного оружия, первую помощь. Доложить по подчиненности.","Все вопросы / полный банк; Работники ЮЛ / все вопросы; Работники ЮЛ с особыми уставными задачами / Огневая подготовка; Огневая подготовка / все вопросы; Огневая / теория оружия, боеприпасы, баллистика",
360.0,Работники ЮЛ с особыми уставными задачами,ЮЛ,5.4,Огневая подготовка,"Разрешается ли работнику юридического лица с особыми уставными задачами применять, находящееся на законных основаниях, боевое оружие для подачи сигнала тревоги?",Разрешается.,Не разрешается.,"Разрешается, если указанное лицо находится в условиях плохой видимости.",1,Разрешается.,"Все вопросы / полный банк; Работники ЮЛ / все вопросы; Работники ЮЛ с особыми уставными задачами / Огневая подготовка; Огневая подготовка / все вопросы; Огневая / теория оружия, боеприпасы, баллистика",
361.0,Работники ЮЛ с особыми уставными задачами,ЮЛ,5.5,Огневая подготовка,"Обязан ли работник юридического лица с особыми уставными задачами незамедлительно информировать органы внутренних дел в случае, если он произвел выстрел в воздух для предупреждения о намерении применить оружие?",Обязан информировать орган внутренних дел по месту применения оружия.,Не обязан.,Обязан информировать органы внутренних дел по месту нахождения юридического лица с особыми уставными задачами.,2,Не обязан.,"Все вопросы / полный банк; Работники ЮЛ / все вопросы; Работники ЮЛ с особыми уставными задачами / Огневая подготовка; Огневая подготовка / все вопросы; Огневая / теория оружия, боеприпасы, баллистика; Огневая / практическая стрельба и упражнения",
362.0,Работники ЮЛ с особыми уставными задачами,ЮЛ,5.6,Огневая подготовка,В отношении кого работникам юридического лица с особыми уставными задачами запрещается применять огнестрельное оружие?,В отношении детей.,"В отношении граждан, имеющих документ, подтверждающий наличие инвалидности.","В отношении женщин, лиц с явными признаками инвалидности и несовершеннолетних, когда их возраст очевиден или известен охраннику.",3,"В отношении женщин, лиц с явными признаками инвалидности и несовершеннолетних, когда их возраст очевиден или известен охраннику.","Все вопросы / полный банк; Работники ЮЛ / все вопросы; Работники ЮЛ с особыми уставными задачами / Огневая подготовка; Огневая подготовка / все вопросы; Огневая / теория оружия, боеприпасы, баллистика",
363.0,Работники ЮЛ с особыми уставными задачами,ЮЛ,5.7,Огневая подготовка,"В каких случаях работнику юридического лица с особыми уставными задачами не запрещается применять огнестрельное оружие в отношении женщин, лиц с явными признаками инвалидности и несовершеннолетних, возраст которых ему очевиден или известен?",В случае оказания ими группового сопротивления или нападения угрожающего работникам юридического лица с особыми уставными задачами или охраняемому имуществу.,"В случае оказания указанными лицами вооруженного или группового сопротивления работникам юридического лица с особыми уставными задачами, совершения вооруженного или группового нападения на охраняемые объекты, угрожающего жизни или здоровью работников юридического лица с особыми уставными задачами либо лиц, находящихся на охраняемых объектах.",В случае отказа выполнить требование работника юридического лица с особыми уставными задачами проследовать в помещение охраны.,2,"В случае оказания указанными лицами вооруженного или группового сопротивления работникам юридического лица с особыми уставными задачами, совершения вооруженного или группового нападения на охраняемые объекты, угрожающего жизни или здоровью работников юридического лица с особыми уставными задачами либо лиц, находящихся на охраняемых объектах.","Все вопросы / полный банк; Работники ЮЛ / все вопросы; Работники ЮЛ с особыми уставными задачами / Огневая подготовка; Огневая подготовка / все вопросы; Огневая / теория оружия, боеприпасы, баллистика",
364.0,Работники ЮЛ с особыми уставными задачами,ЮЛ,5.8,Огневая подготовка,В каком случае работники юридического лица с особыми уставными задачами вправе привести в готовность к стрельбе огнестрельное оружие?,"Если считают, что в создавшейся обстановке могут возникнуть основания для его применения.",При патрулировании охраняемого периметра объекта в ночное время.,При охране материальных ценностей и служебной документации конфиденциального характера.,1,"Если считают, что в создавшейся обстановке могут возникнуть основания для его применения.","Все вопросы / полный банк; Работники ЮЛ / все вопросы; Работники ЮЛ с особыми уставными задачами / Огневая подготовка; Огневая подготовка / все вопросы; Огневая / теория оружия, боеприпасы, баллистика; Огневая / практическая стрельба и упражнения",
365.0,Работники ЮЛ с особыми уставными задачами,ЮЛ,5.9,Огневая подготовка,Правилами оборота гражданского и служебного оружия на территории Российской Федерации установлен следующий порядок ношения огнестрельного короткоствольного оружия:,"В кобуре, со снаряженным магазином или барабаном, поставленным на предохранитель (при наличии).","В кобуре, с патроном в патроннике, со взведенным курком.","В кобуре, с патроном в патроннике, поставленным на предохранитель (при наличии).",1,"В кобуре, со снаряженным магазином или барабаном, поставленным на предохранитель (при наличии).","Все вопросы / полный банк; Работники ЮЛ / все вопросы; Работники ЮЛ с особыми уставными задачами / Огневая подготовка; Огневая подготовка / все вопросы; Огневая / теория оружия, боеприпасы, баллистика",
366.0,Работники ЮЛ с особыми уставными задачами,ЮЛ,5.10,Огневая подготовка,"Правилами оборота гражданского и служебного оружия на территории Российской Федерации предусмотрено, что досылание патрона в патронник разрешается:","Только при необходимости применения оружия либо для защиты жизни, здоровья и собственности в состоянии необходимой обороны или крайней необходимости.","При необходимости применения оружия, а также в любых других опасных ситуациях.","При необходимости применения оружия, а также при охране денежных средств и ценных грузов.",1,"Только при необходимости применения оружия либо для защиты жизни, здоровья и собственности в состоянии необходимой обороны или крайней необходимости.","Все вопросы / полный банк; Работники ЮЛ / все вопросы; Работники ЮЛ с особыми уставными задачами / Огневая подготовка; Огневая подготовка / все вопросы; Огневая / теория оружия, боеприпасы, баллистика",
367.0,Работники ЮЛ с особыми уставными задачами,ЮЛ,5.11,Огневая подготовка,"На основании правил оборота гражданского и служебного оружия на территории Российской Федерации, работники юридического лица с особыми уставными задачами, осуществляющие ношение оружия при исполнении служебных обязанностей, должны иметь при себе:","Документы, удостоверяющие их личность, приказ на охрану поста (маршрута).","Выданное Федеральной службой войск национальной гвардии Российской Федерации или ее территориальным органом разрешение на хранение и ношение имеющегося у них оружия, медицинские справки форм 002-О/у и 003-О/у.","Документы, удостоверяющие их личность, а также выданное Федеральной службой войск национальной гвардии Российской Федерации или ее территориальным органом разрешение на хранение и ношение имеющегося у них оружия.",3,"Документы, удостоверяющие их личность, а также выданное Федеральной службой войск национальной гвардии Российской Федерации или ее территориальным органом разрешение на хранение и ношение имеющегося у них оружия.","Все вопросы / полный банк; Работники ЮЛ / все вопросы; Работники ЮЛ с особыми уставными задачами / Огневая подготовка; Огневая подготовка / все вопросы; Огневая / теория оружия, боеприпасы, баллистика",
368.0,Работники ЮЛ с особыми уставными задачами,ЮЛ,5.12,Огневая подготовка,Эффективной мерой по обеспечению сохранности короткоствольного служебного оружия в процессе его ношения является: 1 Ношение оружия с использованием пистолетного (револьверного) шнура.,,Обматывание оружия изоляционной лентой.,Ношение патронов отдельно от оружия.,1,,"Все вопросы / полный банк; Работники ЮЛ / все вопросы; Работники ЮЛ с особыми уставными задачами / Огневая подготовка; Огневая подготовка / все вопросы; Огневая / теория оружия, боеприпасы, баллистика",
369.0,Работники ЮЛ с особыми уставными задачами,ЮЛ,5.13,Огневая подготовка,Как определяется термин «короткоствольное оружие» в соответствии с действующим государственным стандартом?,Оружие с длиной ствола (стволов) не более 150 мм и общей длиной не более 300 мм.,Оружие с длиной ствола (стволов) не более 200 мм и общей длиной не более 400 мм.,Оружие с длиной ствола (стволов) не более 300 мм и общей длиной не более 600 мм.,3,Оружие с длиной ствола (стволов) не более 300 мм и общей длиной не более 600 мм.,"Все вопросы / полный банк; Работники ЮЛ / все вопросы; Работники ЮЛ с особыми уставными задачами / Огневая подготовка; Огневая подготовка / все вопросы; Огневая / теория оружия, боеприпасы, баллистика",
370.0,Работники ЮЛ с особыми уставными задачами,ЮЛ,5.14,Огневая подготовка,Как определяется термин «длинноствольное оружие» в соответствии с действующим государственным стандартом?,Оружие с длиной ствола (стволов) более 300 мм и общей длиной более 600 мм.,Оружие с длиной ствола (стволов) более 200 мм и общей длиной более 400 мм.,Оружие с длиной ствола (стволов) более 150 мм и общей длиной более 300 мм.,1,Оружие с длиной ствола (стволов) более 300 мм и общей длиной более 600 мм.,"Все вопросы / полный банк; Работники ЮЛ / все вопросы; Работники ЮЛ с особыми уставными задачами / Огневая подготовка; Огневая подготовка / все вопросы; Огневая / теория оружия, боеприпасы, баллистика",
371.0,Работники ЮЛ с особыми уставными задачами,ЮЛ,5.15,Огневая подготовка,Начальной скоростью пули называется:,Скорость движения пули при прохождении дульного среза ствола.,Скорость движения пули при вхождении в ствол из патронника (каморы барабана).,Скорость движения пули на расстоянии одного метра от дульного среза ствола.,1,Скорость движения пули при прохождении дульного среза ствола.,Все вопросы / полный банк; Работники ЮЛ / все вопросы; Работники ЮЛ с особыми уставными задачами / Огневая подготовка; Огневая подготовка / все вопросы,
372.0,Работники ЮЛ с особыми уставными задачами,ЮЛ,5.16,Огневая подготовка,Линией прицеливания называется:,"Линия, проходящая от центра ствола в точку прицеливания.","Прямая линия, проходящая от глаза стрелка через середину прорези прицела (на уровне с ее краями) и вершину мушки в точку прицеливания.","Линия, описываемая центром тяжести пули в полете.",2,"Прямая линия, проходящая от глаза стрелка через середину прорези прицела (на уровне с ее краями) и вершину мушки в точку прицеливания.",Все вопросы / полный банк; Работники ЮЛ / все вопросы; Работники ЮЛ с особыми уставными задачами / Огневая подготовка; Огневая подготовка / все вопросы; Огневая / практическая стрельба и упражнения,
373.0,Работники ЮЛ с особыми уставными задачами,ЮЛ,5.17,Огневая подготовка,Прямым выстрелом называется:,"Выстрел, при котором траектория полета пули поднимается над линией прицеливания выше цели не более, чем на одной трети своего протяжения.","Выстрел, при котором ствол оружия и линия плеч стрелка составляют прямой угол.","Выстрел, при котором траектория полета пули не поднимается над линией прицеливания выше цели на всем своем протяжении.",3,"Выстрел, при котором траектория полета пули не поднимается над линией прицеливания выше цели на всем своем протяжении.",Все вопросы / полный банк; Работники ЮЛ / все вопросы; Работники ЮЛ с особыми уставными задачами / Огневая подготовка; Огневая подготовка / все вопросы; Огневая / практическая стрельба и упражнения,
374.0,Работники ЮЛ с особыми уставными задачами,ЮЛ,5.18,Огневая подготовка,Траекторией полета пули называется:,"Кривая линия, описываемая центром тяжести пули в полете.","Прямая линия, проходящая от глаза стрелка через середину прорези прицела (на уровне с ее краями) и вершину мушки в точку прицеливания.",Прямая линия от центра ствола до точки попадания.,1,"Кривая линия, описываемая центром тяжести пули в полете.","Все вопросы / полный банк; Работники ЮЛ / все вопросы; Работники ЮЛ с особыми уставными задачами / Огневая подготовка; Огневая подготовка / все вопросы; Огневая / теория оружия, боеприпасы, баллистика",
375.0,Работники ЮЛ с особыми уставными задачами,ЮЛ,5.19,Огневая подготовка,К основным частям огнестрельного оружия относятся:,"Ствол, затвор, барабан, рамка, ствольная коробка.","Ствол, затворная рама, крышка ствольной коробки, приклад, рукоятка.","Ствол, магазин, барабан, рамка, ствольная коробка, патрон.",1,"Ствол, затвор, барабан, рамка, ствольная коробка.","Все вопросы / полный банк; Работники ЮЛ / все вопросы; Работники ЮЛ с особыми уставными задачами / Огневая подготовка; Огневая подготовка / все вопросы; Огневая / теория оружия, боеприпасы, баллистика",
376.0,Работники ЮЛ с особыми уставными задачами,ЮЛ,5.20,Огневая подготовка,По своему назначению шептало пистолета служит:,Для возвращения спускового крючка в крайнее переднее положение.,Для удержания курка на боевом и предохранительном взводе.,"Для приведения в действие курка, рычага взвода и спусковой тяги.",2,Для удержания курка на боевом и предохранительном взводе.,Все вопросы / полный банк; Работники ЮЛ / все вопросы; Работники ЮЛ с особыми уставными задачами / Огневая подготовка; Огневая подготовка / все вопросы,
377.0,Работники ЮЛ с особыми уставными задачами,ЮЛ,5.21,Огневая подготовка,По своему назначению выбрасыватель пистолета служит:,Для отвода неизрасходованной части пороховых газов.,Для удержания гильзы (патрона) в чашечке затвора до встречи с отражателем.,Для извлечения магазина из рукоятки пистолета.,2,Для удержания гильзы (патрона) в чашечке затвора до встречи с отражателем.,Все вопросы / полный банк; Работники ЮЛ / все вопросы; Работники ЮЛ с особыми уставными задачами / Огневая подготовка; Огневая подготовка / все вопросы,
378.0,Работники ЮЛ с особыми уставными задачами,ЮЛ,5.22,Огневая подготовка,По своему назначению боевая пружина пистолета служит:,Для досылания патрона в патронник.,Для возвращения затвора в крайнее переднее положение после выстрела.,"Для приведения в действие курка, рычага взвода и спусковой тяги.",3,"Для приведения в действие курка, рычага взвода и спусковой тяги.",Все вопросы / полный банк; Работники ЮЛ / все вопросы; Работники ЮЛ с особыми уставными задачами / Огневая подготовка; Огневая подготовка / все вопросы,
379.0,Работники ЮЛ с особыми уставными задачами,ЮЛ,5.23,Огневая подготовка,По своему назначению возвратная пружина пистолета служит:,Для возвращения спускового крючка в крайнее переднее положение.,Для возвращения затвора в крайнее переднее положение после выстрела.,"Для приведения в действие курка, рычага взвода и спусковой тяги.",2,Для возвращения затвора в крайнее переднее положение после выстрела.,Все вопросы / полный банк; Работники ЮЛ / все вопросы; Работники ЮЛ с особыми уставными задачами / Огневая подготовка; Огневая подготовка / все вопросы,
380.0,Работники ЮЛ с особыми уставными задачами,ЮЛ,5.24,Огневая подготовка,По своему назначению курок пистолета служит:,Для нанесения удара по ударнику.,Для приведения в действие спусковой тяги с рычагом взвода.,Для нанесения удара по капсюлю гильзы.,1,Для нанесения удара по ударнику.,Все вопросы / полный банк; Работники ЮЛ / все вопросы; Работники ЮЛ с особыми уставными задачами / Огневая подготовка; Огневая подготовка / все вопросы,
381.0,Работники ЮЛ с особыми уставными задачами,ЮЛ,5.25,Огневая подготовка,По своему назначению затвор пистолета служит:,"Для подачи патрона из магазина в патронник, фиксации ствола при выстреле, отвода неизрасходованных пороховых газов и извлечения гильзы после выстрела, для постановки курка на предохранительный взвод.",Для соединения всех частей пистолета.,"Для подачи патрона из магазина в патронник, запирания канала ствола при выстреле, удержания гильзы (извлечения патрона) и постановки курка на боевой взвод.",3,"Для подачи патрона из магазина в патронник, запирания канала ствола при выстреле, удержания гильзы (извлечения патрона) и постановки курка на боевой взвод.",Все вопросы / полный банк; Работники ЮЛ / все вопросы; Работники ЮЛ с особыми уставными задачами / Огневая подготовка; Огневая подготовка / все вопросы,
382.0,Работники ЮЛ с особыми уставными задачами,ЮЛ,5.26,Огневая подготовка,"Неполная разборка пистолета, для пистолетов по конструкции сходных с пистолетом ИЖ-71 (МР-71), производится в следующем порядке:","Отделить затвор, отвинтить винт рукоятки, отделить рукоятку от рамки, снять возвратную пружину.","Выключить предохранитель, отвести спусковую скобу вниз и влево, отделить затвор от рамки, поставить спусковую скобу на место, снять со ствола возвратную пружину.","Извлечь магазин из основания рукоятки, выключить предохранитель, убедится в отсутствии патрона в патроннике, отвести спусковую скобу вниз и влево, отделить затвор от рамки, поставить спусковую скобу на место, снять со ствола возвратную пружину.",3,"Извлечь магазин из основания рукоятки, выключить предохранитель, убедится в отсутствии патрона в патроннике, отвести спусковую скобу вниз и влево, отделить затвор от рамки, поставить спусковую скобу на место, снять со ствола возвратную пружину.","Все вопросы / полный банк; Работники ЮЛ / все вопросы; Работники ЮЛ с особыми уставными задачами / Огневая подготовка; Огневая подготовка / все вопросы; Огневая / чистка, хранение и обслуживание оружия",
383.0,Работники ЮЛ с особыми уставными задачами,ЮЛ,5.27,Огневая подготовка,"Какое действие в процессе полной разборки пистолета ИЖ-71 выполняется в первую очередь? (предполагается, что операции по неполной разборке пистолета уже выполнены).",Отделить рукоятку от основания и боевую пружину.,Отделить спусковой крючок.,Отделить шептало и затворную задержку от рамки.,3,Отделить шептало и затворную задержку от рамки.,"Все вопросы / полный банк; Работники ЮЛ / все вопросы; Работники ЮЛ с особыми уставными задачами / Огневая подготовка; Огневая подготовка / все вопросы; Огневая / чистка, хранение и обслуживание оружия",
384.0,Работники ЮЛ с особыми уставными задачами,ЮЛ,5.28,Огневая подготовка,Какие действия при сборке пистолета после неполной разборки производятся в первую очередь?,Оттянуть спусковую скобу.,Надеть на ствол возвратную пружину.,Вставить магазин в основание рукоятки.,2,Надеть на ствол возвратную пружину.,"Все вопросы / полный банк; Работники ЮЛ / все вопросы; Работники ЮЛ с особыми уставными задачами / Огневая подготовка; Огневая подготовка / все вопросы; Огневая / чистка, хранение и обслуживание оружия",
385.0,Работники ЮЛ с особыми уставными задачами,ЮЛ,5.29,Огневая подготовка,Какая из указанных частей входит в ударно-спусковой механизм пистолета ИЖ-71?,Задвижка боевой пружины.,Ударник.,Возвратная пружина.,1,Задвижка боевой пружины.,"Все вопросы / полный банк; Работники ЮЛ / все вопросы; Работники ЮЛ с особыми уставными задачами / Огневая подготовка; Огневая подготовка / все вопросы; Огневая / теория оружия, боеприпасы, баллистика",
386.0,Работники ЮЛ с особыми уставными задачами,ЮЛ,5.30,Огневая подготовка,Какая из названных частей входит в основные части механизма пистолета ИЖ-71?,Досылатель.,Предохранитель.,Затворная задержка.,3,Затворная задержка.,"Все вопросы / полный банк; Работники ЮЛ / все вопросы; Работники ЮЛ с особыми уставными задачами / Огневая подготовка; Огневая подготовка / все вопросы; Огневая / теория оружия, боеприпасы, баллистика",
387.0,Работники ЮЛ с особыми уставными задачами,ЮЛ,5.31,Огневая подготовка,Назначение кольцевой проточки гильзы 9-мм патрона к пистолету ИЖ-71.,Для уменьшения веса.,Для зацепа выбрасывателя.,Для зацепа отражателя.,2,Для зацепа выбрасывателя.,"Все вопросы / полный банк; Работники ЮЛ / все вопросы; Работники ЮЛ с особыми уставными задачами / Огневая подготовка; Огневая подготовка / все вопросы; Огневая / теория оружия, боеприпасы, баллистика",
388.0,Работники ЮЛ с особыми уставными задачами,ЮЛ,5.32,Огневая подготовка,Из чего состоит пуля 9-мм патрона пистолета ИЖ-71?,"Пуля, гильза, пороховой заряд, капсюль.","Стальной сердечник, свинцовая рубашка, биметаллическая оболочка.",Пуля из свинца в биметаллической оболочке.,3,Пуля из свинца в биметаллической оболочке.,"Все вопросы / полный банк; Работники ЮЛ / все вопросы; Работники ЮЛ с особыми уставными задачами / Огневая подготовка; Огневая подготовка / все вопросы; Огневая / теория оружия, боеприпасы, баллистика",
389.0,Работники ЮЛ с особыми уставными задачами,ЮЛ,5.33,Огневая подготовка,Для чего служит рамка в ПМ -9 мм?,Для производства выстрела.,Для обеспечения безопасности.,Для соединения всех частей пистолета.,3,Для соединения всех частей пистолета.,Все вопросы / полный банк; Работники ЮЛ / все вопросы; Работники ЮЛ с особыми уставными задачами / Огневая подготовка; Огневая подготовка / все вопросы,
390.0,Работники ЮЛ с особыми уставными задачами,ЮЛ,5.34,Огневая подготовка,Элементом какой основной части или механизма является выбрасыватель в ПМ- 9 мм?,Затвора.,Ударно-спускового механизма.,Рамки со стволом и спусковой скобой.,1,Затвора.,"Все вопросы / полный банк; Работники ЮЛ / все вопросы; Работники ЮЛ с особыми уставными задачами / Огневая подготовка; Огневая подготовка / все вопросы; Огневая / теория оружия, боеприпасы, баллистика",
391.0,Работники ЮЛ с особыми уставными задачами,ЮЛ,5.35,Огневая подготовка,Элементом какой основной части или механизма является шептало в ПМ- 9 мм?,Затвора.,Ударно-спускового механизма.,Рамки со стволом.,2,Ударно-спускового механизма.,"Все вопросы / полный банк; Работники ЮЛ / все вопросы; Работники ЮЛ с особыми уставными задачами / Огневая подготовка; Огневая подготовка / все вопросы; Огневая / теория оружия, боеприпасы, баллистика",
392.0,Работники ЮЛ с особыми уставными задачами,ЮЛ,5.36,Огневая подготовка,Из скольких основных частей и механизмов состоит ПМ-9 мм?,5 частей и механизмов.,7 частей и механизмов.,18 частей и механизмов.,2,7 частей и механизмов.,"Все вопросы / полный банк; Работники ЮЛ / все вопросы; Работники ЮЛ с особыми уставными задачами / Огневая подготовка; Огневая подготовка / все вопросы; Огневая / теория оружия, боеприпасы, баллистика",
393.0,Работники ЮЛ с особыми уставными задачами,ЮЛ,5.37,Огневая подготовка,Какова эффективная дальность стрельбы из ПМ-9 мм?,До 50 метров.,До 100 метров.,До 25 метров.,1,До 50 метров.,"Все вопросы / полный банк; Работники ЮЛ / все вопросы; Работники ЮЛ с особыми уставными задачами / Огневая подготовка; Огневая подготовка / все вопросы; Огневая / теория оружия, боеприпасы, баллистика; Огневая / практическая стрельба и упражнения",
394.0,Работники ЮЛ с особыми уставными задачами,ЮЛ,5.38,Огневая подготовка,Какова боевая скорострельность пистолета ПМ-9 мм?,30 выстрелов в минуту.,50 выстрелов в минуту.,10 выстрелов в минуту.,1,30 выстрелов в минуту.,"Все вопросы / полный банк; Работники ЮЛ / все вопросы; Работники ЮЛ с особыми уставными задачами / Огневая подготовка; Огневая подготовка / все вопросы; Огневая / теория оружия, боеприпасы, баллистика",
395.0,Работники ЮЛ с особыми уставными задачами,ЮЛ,5.39,Огневая подготовка,На чем основан принцип автоматики пистолета ПМ-9 мм?,На отдаче свободного затвора.,На сжатии пороховых газов.,На особенностях работы ударно-спускового механизма.,1,На отдаче свободного затвора.,"Все вопросы / полный банк; Работники ЮЛ / все вопросы; Работники ЮЛ с особыми уставными задачами / Огневая подготовка; Огневая подготовка / все вопросы; Огневая / теория оружия, боеприпасы, баллистика",
396.0,Работники ЮЛ с особыми уставными задачами,ЮЛ,5.40,Огневая подготовка,Каков калибр пистолета ПМ-9 мм?,"7,62 мм.",9 мм.,"5,45 мм.",2,9 мм.,"Все вопросы / полный банк; Работники ЮЛ / все вопросы; Работники ЮЛ с особыми уставными задачами / Огневая подготовка; Огневая подготовка / все вопросы; Огневая / теория оружия, боеприпасы, баллистика",
397.0,Работники ЮЛ с особыми уставными задачами,ЮЛ,5.41,Огневая подготовка,Какова емкость магазина пистолета ПМ-9 мм?,10 патронов.,16 патронов.,8 патронов.,3,8 патронов.,"Все вопросы / полный банк; Работники ЮЛ / все вопросы; Работники ЮЛ с особыми уставными задачами / Огневая подготовка; Огневая подготовка / все вопросы; Огневая / теория оружия, боеприпасы, баллистика",
398.0,Работники ЮЛ с особыми уставными задачами,ЮЛ,5.42,Огневая подготовка,Для чего предназначен выбрасыватель в пистолете ПМ - 9 мм?,Для выброса пули.,Для запирания затвора.,Для экстракции гильзы.,3,Для экстракции гильзы.,Все вопросы / полный банк; Работники ЮЛ / все вопросы; Работники ЮЛ с особыми уставными задачами / Огневая подготовка; Огневая подготовка / все вопросы,
399.0,Работники ЮЛ с особыми уставными задачами,ЮЛ,5.43,Огневая подготовка,Какова прицельная дальность стрельбы из ПП-91 «Кедр»?,50 метров.,25 метров.,100 метров.,1,50 метров.,"Все вопросы / полный банк; Работники ЮЛ / все вопросы; Работники ЮЛ с особыми уставными задачами / Огневая подготовка; Огневая подготовка / все вопросы; Огневая / теория оружия, боеприпасы, баллистика; Огневая / практическая стрельба и упражнения",
400.0,Работники ЮЛ с особыми уставными задачами,ЮЛ,5.44,Огневая подготовка,Какова боевая скорострельность очередями ПП-91 «Кедр»?,1000 выстрелов в минуту.,100 выстрелов в минуту.,50 выстрелов в минуту.,1,1000 выстрелов в минуту.,"Все вопросы / полный банк; Работники ЮЛ / все вопросы; Работники ЮЛ с особыми уставными задачами / Огневая подготовка; Огневая подготовка / все вопросы; Огневая / теория оружия, боеприпасы, баллистика",
401.0,Работники ЮЛ с особыми уставными задачами,ЮЛ,5.45,Огневая подготовка,Механизмы автоматики пистолета-пулемёта ПП-91 «Кедр» работают:,За счет действия энергии возвратной пружины.,За счет энергии отдачи свободного затвора.,"На использовании энергии пороховых газов, отводимых из канала ствола в газовую камору.",2,За счет энергии отдачи свободного затвора.,"Все вопросы / полный банк; Работники ЮЛ / все вопросы; Работники ЮЛ с особыми уставными задачами / Огневая подготовка; Огневая подготовка / все вопросы; Огневая / теория оружия, боеприпасы, баллистика",
402.0,Работники ЮЛ с особыми уставными задачами,ЮЛ,5.46,Огневая подготовка,Каков калибр пистолета-пулемета ПП-91 «Кедр»?,9 мм.,"7,62 мм.","5,45 мм.",1,9 мм.,"Все вопросы / полный банк; Работники ЮЛ / все вопросы; Работники ЮЛ с особыми уставными задачами / Огневая подготовка; Огневая подготовка / все вопросы; Огневая / теория оружия, боеприпасы, баллистика",
403.0,Работники ЮЛ с особыми уставными задачами,ЮЛ,5.47,Огневая подготовка,Какова масса пистолета-пулемета ПП-91 «Кедр» без патронов?,"0, 54 кг.","1,54 кг.","2,54 кг.",2,"1,54 кг.","Все вопросы / полный банк; Работники ЮЛ / все вопросы; Работники ЮЛ с особыми уставными задачами / Огневая подготовка; Огневая подготовка / все вопросы; Огневая / теория оружия, боеприпасы, баллистика",
404.0,Работники ЮЛ с особыми уставными задачами,ЮЛ,5.48,Огневая подготовка,Какова прицельная дальность стрельбы из пистолета-пулемёта ОЦ-2 «Кипарис»?,25 метров.,50 метров.,75 метров.,3,75 метров.,"Все вопросы / полный банк; Работники ЮЛ / все вопросы; Работники ЮЛ с особыми уставными задачами / Огневая подготовка; Огневая подготовка / все вопросы; Огневая / теория оружия, боеприпасы, баллистика; Огневая / практическая стрельба и упражнения",
405.0,Работники ЮЛ с особыми уставными задачами,ЮЛ,5.49,Огневая подготовка,Какова боевая скорострельность очередями пистолета-пулемёта ОЦ-2 «Кипарис»?,1000 выстрелов в минуту.,800 выстрелов в минуту.,50 выстрелов в минуту.,2,800 выстрелов в минуту.,"Все вопросы / полный банк; Работники ЮЛ / все вопросы; Работники ЮЛ с особыми уставными задачами / Огневая подготовка; Огневая подготовка / все вопросы; Огневая / теория оружия, боеприпасы, баллистика",
406.0,Работники ЮЛ с особыми уставными задачами,ЮЛ,5.50,Огневая подготовка,Какова масса пистолета-пулемета ОЦ-2 «Кипарис» без патронов?,"0, 57 кг.","1,57 кг.","2,57 кг.",2,"1,57 кг.","Все вопросы / полный банк; Работники ЮЛ / все вопросы; Работники ЮЛ с особыми уставными задачами / Огневая подготовка; Огневая подготовка / все вопросы; Огневая / теория оружия, боеприпасы, баллистика",
407.0,Работники ЮЛ с особыми уставными задачами,ЮЛ,5.51,Огневая подготовка,Каков калибр пистолета-пулемёта «Бизон-2»?,"7,62 мм.",9 мм.,"5,45 мм.",2,9 мм.,"Все вопросы / полный банк; Работники ЮЛ / все вопросы; Работники ЮЛ с особыми уставными задачами / Огневая подготовка; Огневая подготовка / все вопросы; Огневая / теория оружия, боеприпасы, баллистика",
408.0,Работники ЮЛ с особыми уставными задачами,ЮЛ,5.52,Огневая подготовка,Какова ёмкость шнекового магазина пистолета-пулемёта «Бизон-2»?,20 патронов.,30 патронов.,64 патрона.,3,64 патрона.,Все вопросы / полный банк; Работники ЮЛ / все вопросы; Работники ЮЛ с особыми уставными задачами / Огневая подготовка; Огневая подготовка / все вопросы,
409.0,Работники ЮЛ с особыми уставными задачами,ЮЛ,5.53,Огневая подготовка,Какова масса пистолета-пулемёта «Бизон-2» без патронов?,"1,6 кг.","2,6 кг.","3,6 кг.",2,"2,6 кг.","Все вопросы / полный банк; Работники ЮЛ / все вопросы; Работники ЮЛ с особыми уставными задачами / Огневая подготовка; Огневая подготовка / все вопросы; Огневая / теория оружия, боеприпасы, баллистика",
410.0,Работники ЮЛ с особыми уставными задачами,ЮЛ,5.54,Огневая подготовка,Каков калибр пистолета-пулемета ПП-93?,"5,45 мм.","7,62 мм.",9 мм.,3,9 мм.,"Все вопросы / полный банк; Работники ЮЛ / все вопросы; Работники ЮЛ с особыми уставными задачами / Огневая подготовка; Огневая подготовка / все вопросы; Огневая / теория оружия, боеприпасы, баллистика",
411.0,Работники ЮЛ с особыми уставными задачами,ЮЛ,5.55,Огневая подготовка,На чем основан принцип автоматики автомата АКМС?,На действии возвратной пружины.,На отдаче свободного затвора.,"На использовании энергии пороховых газов, отводимых из канала ствола в газовую камору.",3,"На использовании энергии пороховых газов, отводимых из канала ствола в газовую камору.","Все вопросы / полный банк; Работники ЮЛ / все вопросы; Работники ЮЛ с особыми уставными задачами / Огневая подготовка; Огневая подготовка / все вопросы; Огневая / теория оружия, боеприпасы, баллистика",
412.0,Работники ЮЛ с особыми уставными задачами,ЮЛ,5.56,Огневая подготовка,Каков калибр автомата АКМС?,"7,62 мм.",9 мм.,"5,45 мм.",1,"7,62 мм.","Все вопросы / полный банк; Работники ЮЛ / все вопросы; Работники ЮЛ с особыми уставными задачами / Огневая подготовка; Огневая подготовка / все вопросы; Огневая / теория оружия, боеприпасы, баллистика",
413.0,Работники ЮЛ с особыми уставными задачами,ЮЛ,5.57,Огневая подготовка,Какова прицельная дальность стрельбы из автомата АКМС?,800 м.,500 м.,1000 м.,3,1000 м.,"Все вопросы / полный банк; Работники ЮЛ / все вопросы; Работники ЮЛ с особыми уставными задачами / Огневая подготовка; Огневая подготовка / все вопросы; Огневая / теория оружия, боеприпасы, баллистика; Огневая / практическая стрельба и упражнения",
414.0,Работники ЮЛ с особыми уставными задачами,ЮЛ,5.58,Огневая подготовка,Дальность прямого выстрела по грудной фигуре автомата АКМС?,350 м.,500 м.,450 м.,1,350 м.,"Все вопросы / полный банк; Работники ЮЛ / все вопросы; Работники ЮЛ с особыми уставными задачами / Огневая подготовка; Огневая подготовка / все вопросы; Огневая / теория оружия, боеприпасы, баллистика; Огневая / практическая стрельба и упражнения",
415.0,Работники ЮЛ с особыми уставными задачами,ЮЛ,5.59,Огневая подготовка,Какова емкость магазина автомата АКМС?,10 патронов.,16 патронов.,30 патронов.,3,30 патронов.,"Все вопросы / полный банк; Работники ЮЛ / все вопросы; Работники ЮЛ с особыми уставными задачами / Огневая подготовка; Огневая подготовка / все вопросы; Огневая / теория оружия, боеприпасы, баллистика",
416.0,Работники ЮЛ с особыми уставными задачами,ЮЛ,5.60,Огневая подготовка,Какова предельная дальность полета пули автомата АКМС?,2800 м.,3000 м.,3500 м.,,,"Все вопросы / полный банк; Работники ЮЛ / все вопросы; Работники ЮЛ с особыми уставными задачами / Огневая подготовка; Огневая подготовка / все вопросы; Огневая / теория оружия, боеприпасы, баллистика; Экзаменационный тест / только вопросы с ручной проверкой",Проверить: в исходном файле не указан номер правильного ответа.
417.0,Работники ЮЛ с особыми уставными задачами,ЮЛ,5.61,Огневая подготовка,Безопасное использование оружия предполагает в период непосредственного применения:,"Держать указательный палец вдоль спусковой скобы, переставляя его на спусковой крючок только перед выстрелом.",Держать указательный палец всегда на спусковом крючке.,"Удерживая пистолет двумя руками, всегда держать указательные пальцы (один на другом) на спусковом крючке.",1,"Держать указательный палец вдоль спусковой скобы, переставляя его на спусковой крючок только перед выстрелом.","Все вопросы / полный банк; Работники ЮЛ / все вопросы; Работники ЮЛ с особыми уставными задачами / Огневая подготовка; Огневая подготовка / все вопросы; Огневая / теория оружия, боеприпасы, баллистика; Огневая / безопасность обращения и команды",
418.0,Работники ЮЛ с особыми уставными задачами,ЮЛ,5.62,Огневая подготовка,Безопасное использование оружия предполагает в период непосредственного применения:,Не отвлекаться на расчет траектории выстрела (в части исключения вреда посторонним лицам и/или вреда их имуществу).,"Обязательно рассчитывать траекторию выстрела для исключения вреда посторонним лицам, а по возможности и их имуществу.",Обязательно рассчитывать траекторию выстрела для исключения вреда посторонним лицам.,2,"Обязательно рассчитывать траекторию выстрела для исключения вреда посторонним лицам, а по возможности и их имуществу.","Все вопросы / полный банк; Работники ЮЛ / все вопросы; Работники ЮЛ с особыми уставными задачами / Огневая подготовка; Огневая подготовка / все вопросы; Огневая / теория оружия, боеприпасы, баллистика; Огневая / безопасность обращения и команды",
419.0,Работники ЮЛ с особыми уставными задачами,ЮЛ,5.63,Огневая подготовка,Безопасное использование оружия предполагает в период непосредственного применения:,Ни при каких обстоятельствах не ставить оружие на предохранитель.,"Не ставить оружие на предохранитель после досылки патрона в патронник, даже если оружие не применяется сразу после досылки патрона.","Ставить оружие на предохранитель после досылки патрона в патронник, если оружие не применяется сразу после досылки патрона.",3,"Ставить оружие на предохранитель после досылки патрона в патронник, если оружие не применяется сразу после досылки патрона.","Все вопросы / полный банк; Работники ЮЛ / все вопросы; Работники ЮЛ с особыми уставными задачами / Огневая подготовка; Огневая подготовка / все вопросы; Огневая / теория оружия, боеприпасы, баллистика; Огневая / безопасность обращения и команды",
420.0,Работники ЮЛ с особыми уставными задачами,ЮЛ,5.64,Огневая подготовка,Безопасное использование оружия предполагает в период непосредственного применения:,Обязательный контроль направления ствола оружия при досылке патрона в патронник для исключения возможного вреда посторонним лицам.,Не отвлекаться на контроль направления ствола оружия при досылке патрона в патронник.,Контролировать направления ствола оружия при досылке патрона в патронник только в ситуациях близости несовершеннолетних или ценного имущества.,1,Обязательный контроль направления ствола оружия при досылке патрона в патронник для исключения возможного вреда посторонним лицам.,"Все вопросы / полный банк; Работники ЮЛ / все вопросы; Работники ЮЛ с особыми уставными задачами / Огневая подготовка; Огневая подготовка / все вопросы; Огневая / теория оружия, боеприпасы, баллистика; Огневая / безопасность обращения и команды",
421.0,Работники ЮЛ с особыми уставными задачами,ЮЛ,5.65,Огневая подготовка,Каков порядок действий стрелка при проведении стрельб в тирах и на стрельбищах?,"Стрелок самостоятельно выходит на линию огня, по команде «заряжай» заряжает оружие и по команде «огонь» ведет огонь.","Стрелок по команде «на линию огня» выходит на огневой рубеж, заряжает, стреляет.","Стрелок выходит, заряжает, стреляет, производит иные действия только по мере получения отдельных команд.",3,"Стрелок выходит, заряжает, стреляет, производит иные действия только по мере получения отдельных команд.",Все вопросы / полный банк; Работники ЮЛ / все вопросы; Работники ЮЛ с особыми уставными задачами / Огневая подготовка; Огневая подготовка / все вопросы; Огневая / безопасность обращения и команды; Огневая / практическая стрельба и упражнения,
422.0,Работники ЮЛ с особыми уставными задачами,ЮЛ,5.66,Огневая подготовка,"Меры безопасности при проведении на стрелковых объектах специальных упражнений (связанных с поворотами, разворотами, кувырками, перекатами и т.п.) предполагают:","Обязательное применение оружия, предназначенного для подразделений специального назначения.","Нахождение оружия на предохранителе вплоть до момента открытия огня, направление оружия и производство выстрелов только по мишеням, установленным перед пулеприемником (пулеприемниками).","Надежное удержание оружия при передвижениях, без каких-либо дополнительных требований.",2,"Нахождение оружия на предохранителе вплоть до момента открытия огня, направление оружия и производство выстрелов только по мишеням, установленным перед пулеприемником (пулеприемниками).",Все вопросы / полный банк; Работники ЮЛ / все вопросы; Работники ЮЛ с особыми уставными задачами / Огневая подготовка; Огневая подготовка / все вопросы; Огневая / безопасность обращения и команды; Огневая / практическая стрельба и упражнения,
423.0,Работники ЮЛ с особыми уставными задачами,ЮЛ,5.67,Огневая подготовка,В случае задержки при стрельбе из пистолета в тире необходимо:,"Осторожно вынуть магазин из основания рукоятки, устранить причину задержки, продолжить выполнение упражнения.","Поставить оружие на предохранитель, вынуть магазин из основания рукоятки, сдать оружие руководителю стрельб (инструктору).","Не производить никаких действий с оружием и удерживая его в направлении мишени, доложить руководителю стрельб (инструктору) о задержке и действовать по его команде.",3,"Не производить никаких действий с оружием и удерживая его в направлении мишени, доложить руководителю стрельб (инструктору) о задержке и действовать по его команде.",Все вопросы / полный банк; Работники ЮЛ / все вопросы; Работники ЮЛ с особыми уставными задачами / Огневая подготовка; Огневая подготовка / все вопросы; Огневая / безопасность обращения и команды; Огневая / практическая стрельба и упражнения,
424.0,Работники ЮЛ с особыми уставными задачами,ЮЛ,5.68,Огневая подготовка,При стрельбе в тире в противошумовых наушниках или защитных очках действуют следующие правила:,Следует закрепить их во избежание падения во время стрельбы.,"Запрещается надевать, поправлять и снимать их с оружием в руках.","Разрешается надевать, поправлять и снимать их с оружием в руках.",2,"Запрещается надевать, поправлять и снимать их с оружием в руках.",Все вопросы / полный банк; Работники ЮЛ / все вопросы; Работники ЮЛ с особыми уставными задачами / Огневая подготовка; Огневая подготовка / все вопросы; Огневая / безопасность обращения и команды; Огневая / практическая стрельба и упражнения,
425.0,Работники ЮЛ с особыми уставными задачами,ЮЛ,5.69,Огневая подготовка,При необходимости перемещения по тиру или стрельбищу (осмотр мишеней и т.п.) в соответствии с мерами по обеспечению безопасности оружие должно находиться:,Непосредственно в руках стрелка.,В кобуре стрелка или на столике стрелка - в разряженном или поставленном на предохранитель виде.,Какие-либо правила на этот счет отсутствуют.,2,В кобуре стрелка или на столике стрелка - в разряженном или поставленном на предохранитель виде.,"Все вопросы / полный банк; Работники ЮЛ / все вопросы; Работники ЮЛ с особыми уставными задачами / Огневая подготовка; Огневая подготовка / все вопросы; Огневая / теория оружия, боеприпасы, баллистика; Огневая / безопасность обращения и команды; Огневая / практическая стрельба и упражнения",
426.0,Работники ЮЛ с особыми уставными задачами,ЮЛ,5.70,Огневая подготовка,"Действия по временному прекращению стрельбы в тире, на стрельбище и при исполнении служебных обязанностей работника юридического лица с особыми уставными задачами:","Прекратить нажим на хвост спускового крючка; извлечь магазин, произвести контрольный спуск курка (в условиях безопасности по направлению возможного выстрела), включить предохранитель (если таковой имеется).",Прекратить нажим на хвост спускового крючка; включить предохранитель (если таковой имеется); при необходимости – перезарядить оружие.,"Прекратить нажим на хвост спускового крючка; извлечь магазин, произвести контрольный спуск курка (в условиях безопасности по направлению возможного выстрела).",2,Прекратить нажим на хвост спускового крючка; включить предохранитель (если таковой имеется); при необходимости – перезарядить оружие.,Все вопросы / полный банк; Работники ЮЛ / все вопросы; Работники ЮЛ с особыми уставными задачами / Огневая подготовка; Огневая подготовка / все вопросы; Огневая / безопасность обращения и команды; Огневая / практическая стрельба и упражнения,
427.0,Работники ЮЛ с особыми уставными задачами,ЮЛ,5.71,Огневая подготовка,Для временного прекращения стрельбы в тире (на стрельбище) подается команда:,«Оружие к осмотру».,«Разряжай».,«Стой» (при стрельбе в движении - «Прекратить огонь»).,3,«Стой» (при стрельбе в движении - «Прекратить огонь»).,Все вопросы / полный банк; Работники ЮЛ / все вопросы; Работники ЮЛ с особыми уставными задачами / Огневая подготовка; Огневая подготовка / все вопросы; Огневая / безопасность обращения и команды; Огневая / практическая стрельба и упражнения,
428.0,Работники ЮЛ с особыми уставными задачами,ЮЛ,5.72,Огневая подготовка,Для полного прекращения стрельбы в тире (на стрельбище) подается команда:,«Оружие к осмотру».,«Разряжай».,«Стой» (при стрельбе в движении - «Прекратить огонь»).,2,«Разряжай».,Все вопросы / полный банк; Работники ЮЛ / все вопросы; Работники ЮЛ с особыми уставными задачами / Огневая подготовка; Огневая подготовка / все вопросы; Огневая / безопасность обращения и команды; Огневая / практическая стрельба и упражнения,
429.0,Работники ЮЛ с особыми уставными задачами,ЮЛ,5.73,Огневая подготовка,"Контрольный спуск курка оружия (в тире, на стрельбище, после его применения при исполнении служебных обязанностей) производится:","После осмотра оружия руководителем стрельбы (вышестоящим начальником, иным уполномоченным лицом).",После разряжания оружия (до процедуры его осмотра).,Сразу после временного прекращения стрельбы.,1,"После осмотра оружия руководителем стрельбы (вышестоящим начальником, иным уполномоченным лицом).","Все вопросы / полный банк; Работники ЮЛ / все вопросы; Работники ЮЛ с особыми уставными задачами / Огневая подготовка; Огневая подготовка / все вопросы; Огневая / теория оружия, боеприпасы, баллистика; Огневая / безопасность обращения и команды; Огневая / практическая стрельба и упражнения",
430.0,Работники ЮЛ с особыми уставными задачами,ЮЛ,5.74,Огневая подготовка,"При выполнении команды «Заряжай», согласно понятию о заряжании стрелкового оружия, установленному действующим государственным стандартом (с учетом требований безопасности на стрелковых объектах):","Пистолет направляется дульной частью в сторону мишени, снаряженный магазин вставляется в основание рукоятки пистолета (если по условиям упражнения уже не был присоединен), патрон в патронник не досылается, стрелок производит доклад о готовности «Иванов к стрельбе готов».","Пистолет направляется дульной частью в сторону мишени, снаряженный магазин вставляется в основание рукоятки пистолета (если по условиям упражнения уже не был присоединен), пистолет снимается с предохранителя (предохранитель выключается), патрон досылается в патронник, пистолет ставится на предохранитель (предохранитель включается), стрелок производит доклад о готовности «Иванов к стрельбе готов».","Пистолет удерживается дульной частью в произвольном направлении, снаряженный магазин вставляется в основание рукоятки пистолета (если по условиям упражнения уже не был присоединен), пистолет снимается с предохранителя (предохранитель выключается), патрон досылается в патронник, пистолет ставится на предохранитель (предохранитель включается), стрелок производит доклад о готовности «Иванов к стрельбе готов».",2,"Пистолет направляется дульной частью в сторону мишени, снаряженный магазин вставляется в основание рукоятки пистолета (если по условиям упражнения уже не был присоединен), пистолет снимается с предохранителя (предохранитель выключается), патрон досылается в патронник, пистолет ставится на предохранитель (предохранитель включается), стрелок производит доклад о готовности «Иванов к стрельбе готов».","Все вопросы / полный банк; Работники ЮЛ / все вопросы; Работники ЮЛ с особыми уставными задачами / Огневая подготовка; Огневая подготовка / все вопросы; Огневая / теория оружия, боеприпасы, баллистика; Огневая / безопасность обращения и команды",
431.0,Работники ЮЛ с особыми уставными задачами,ЮЛ,5.75,Огневая подготовка,Действия стрелка по полному прекращению стрельбы в тире (на стрельбище):,"Прекратить нажим на хвост спускового крючка, включить предохранитель (если таковой имеется), разрядить оружие (согласно правилам, установленным для данного оружия), далее произвести контрольный спуск курка (в условиях безопасности по направлению возможного выстрела).",Прекратить нажим на хвост спускового крючка; включить предохранитель (если таковой имеется).,"Прекратить нажим на хвост спускового крючка, включить предохранитель (если таковой имеется), разрядить оружие (согласно правилам, установленным для данного оружия); далее действовать по команде «Оружие – к осмотру».",3,"Прекратить нажим на хвост спускового крючка, включить предохранитель (если таковой имеется), разрядить оружие (согласно правилам, установленным для данного оружия); далее действовать по команде «Оружие – к осмотру».",Все вопросы / полный банк; Работники ЮЛ / все вопросы; Работники ЮЛ с особыми уставными задачами / Огневая подготовка; Огневая подготовка / все вопросы; Огневая / безопасность обращения и команды; Огневая / практическая стрельба и упражнения,
432.0,Работники ЮЛ с особыми уставными задачами,ЮЛ,5.76,Огневая подготовка,Действия с пистолетом при получении стрелком в тире (на стрельбище) команды «Оружие – к осмотру»:,"Извлечь магазин, предъявить оружие к осмотру (в положении «на затворной задержке») с приложенным сбоку (под большой палец правой руки) магазином. После осмотра оружия руководителем стрельбы (по команде «осмотрено») поставить оружие на предохранитель; магазин вставить в основание рукоятки, пистолет вложить в кобуру.","Извлечь магазин, предъявить оружие к осмотру (в положении «на затворной задержке») с приложенным сбоку (под большой палец правой руки) магазином. После осмотра оружия руководителем стрельбы (по команде «осмотрено») снять с затворной задержки, произвести контрольный спуск курка, поставить оружие на предохранитель; магазин вставить в основание рукоятки, пистолет вложить в кобуру.","Извлечь магазин, предъявить оружие к осмотру (в положении «на затворной задержке») с приложенным сбоку (под большой палец правой руки) магазином. После осмотра оружия руководителем стрельбы (по команде «осмотрено») снять с затворной задержки, произвести контрольный спуск курка, поставить оружие на предохранитель.",2,"Извлечь магазин, предъявить оружие к осмотру (в положении «на затворной задержке») с приложенным сбоку (под большой палец правой руки) магазином. После осмотра оружия руководителем стрельбы (по команде «осмотрено») снять с затворной задержки, произвести контрольный спуск курка, поставить оружие на предохранитель; магазин вставить в основание рукоятки, пистолет вложить в кобуру.","Все вопросы / полный банк; Работники ЮЛ / все вопросы; Работники ЮЛ с особыми уставными задачами / Огневая подготовка; Огневая подготовка / все вопросы; Огневая / теория оружия, боеприпасы, баллистика; Огневая / безопасность обращения и команды; Огневая / практическая стрельба и упражнения",
433.0,Работники ЮЛ с особыми уставными задачами,ЮЛ,5.77,Огневая подготовка,Действия с оружием по завершении его применения работником юридического лица с особыми уставными задачами при исполнении служебных обязанностей (до прибытия правоохранительных органов):,"Прекратить нажим на хвост спускового крючка, не разряжая оружие и не ставя оружие на предохранитель, дождаться указаний вышестоящего начальника или представителей правоохранительных органов.","Прекратить нажим на хвост спускового крючка, разрядить оружие, включить предохранитель (если таковой имеется), убрать оружие в кобуру (для тех видов оружия, ношение которых осуществляется в кобуре).","Прекратить нажим на хвост спускового крючка, не разряжая оружие, включить предохранитель (если таковой имеется), убрать оружие в кобуру (для тех видов оружия, ношение которых осуществляется в кобуре).",3,"Прекратить нажим на хвост спускового крючка, не разряжая оружие, включить предохранитель (если таковой имеется), убрать оружие в кобуру (для тех видов оружия, ношение которых осуществляется в кобуре).","Все вопросы / полный банк; Работники ЮЛ / все вопросы; Работники ЮЛ с особыми уставными задачами / Огневая подготовка; Огневая подготовка / все вопросы; Огневая / теория оружия, боеприпасы, баллистика",
434.0,Работники ЮЛ с особыми уставными задачами,ЮЛ,5.78,Огневая подготовка,"Безопасное использование оружия при его ношении предполагает передачу оружия лицу, уполномоченному на его проверку:",С патроном в патроннике и присоединенным магазином.,С отсоединенным магазином и после проверки факта отсутствия патрона в патроннике.,"В том состоянии, которого потребовал проверяющий.",2,С отсоединенным магазином и после проверки факта отсутствия патрона в патроннике.,"Все вопросы / полный банк; Работники ЮЛ / все вопросы; Работники ЮЛ с особыми уставными задачами / Огневая подготовка; Огневая подготовка / все вопросы; Огневая / теория оружия, боеприпасы, баллистика; Огневая / безопасность обращения и команды",
435.0,Работники ЮЛ с особыми уставными задачами,ЮЛ,5.79,Огневая подготовка,"Чистка и смазка оружия (пистолетов, револьверов, ружей и карабинов), находящегося без употребления, производится:",Ежедневно.,Не реже одного раза в неделю.,Не реже одного раза в месяц.,2,Не реже одного раза в неделю.,"Все вопросы / полный банк; Работники ЮЛ / все вопросы; Работники ЮЛ с особыми уставными задачами / Огневая подготовка; Огневая подготовка / все вопросы; Огневая / теория оружия, боеприпасы, баллистика; Огневая / чистка, хранение и обслуживание оружия",
436.0,Работники ЮЛ с особыми уставными задачами,ЮЛ,5.80,Огневая подготовка,"Чистка и смазка оружия (пистолетов, револьверов, ружей и карабинов) после стрельбы производится:","Однократно, по возвращении со стрельбы.","Немедленно по окончании стрельбы (частично), по возвращении со стрельбы (окончательно).","Немедленно по окончании стрельбы (частично), по возвращении со стрельбы (окончательно), в последующие 3-4 дня ежедневно.",3,"Немедленно по окончании стрельбы (частично), по возвращении со стрельбы (окончательно), в последующие 3-4 дня ежедневно.","Все вопросы / полный банк; Работники ЮЛ / все вопросы; Работники ЮЛ с особыми уставными задачами / Огневая подготовка; Огневая подготовка / все вопросы; Огневая / теория оружия, боеприпасы, баллистика; Огневая / практическая стрельба и упражнения; Огневая / чистка, хранение и обслуживание оружия",
437.0,Работники ЮЛ с особыми уставными задачами,ЮЛ,5.81,Огневая подготовка,"Чистка и смазка оружия (пистолетов, револьверов, ружей и карабинов), внесенного с мороза в теплое помещение:","Производится после того, как оружие «отпотеет» (появятся капли влаги) и влага высохнет.","Производится, не дожидаясь, пока оружие начнет «отпотевать» (оружие сразу протирается насухо; начинается его чистка).","Производится, когда оружие «отпотеет» - появятся капли влаги (после этого сразу протирается насухо; начинается его чистка).",3,"Производится, когда оружие «отпотеет» - появятся капли влаги (после этого сразу протирается насухо; начинается его чистка).","Все вопросы / полный банк; Работники ЮЛ / все вопросы; Работники ЮЛ с особыми уставными задачами / Огневая подготовка; Огневая подготовка / все вопросы; Огневая / теория оружия, боеприпасы, баллистика; Огневая / чистка, хранение и обслуживание оружия",
438.0,Работники ЮЛ с особыми уставными задачами,ЮЛ,5.82,Огневая подготовка,Смазку оружия положено производить:,Одновременно с чисткой.,По истечении 10 минут после чистки.,Немедленно после чистки.,3,Немедленно после чистки.,"Все вопросы / полный банк; Работники ЮЛ / все вопросы; Работники ЮЛ с особыми уставными задачами / Огневая подготовка; Огневая подготовка / все вопросы; Огневая / теория оружия, боеприпасы, баллистика; Огневая / чистка, хранение и обслуживание оружия",
439.0,Работники ЮЛ с особыми уставными задачами,ЮЛ,5.83,Огневая подготовка,"Произойдет ли выстрел, если работник юридического лица с особыми уставными задачами дослал патрон в патронник пистолета, передернув затвор и сразу поставил его на предохранитель (а при этом курок сорвался с боевого взвода!)?","Произойдет, как и при любом срыве курка с боевого взвода.","Произойдет, но с замедлением до 30 секунд.","Не произойдет, пока не будет произведен повторный взвод и спуск курка при снятом предохранителе.",3,"Не произойдет, пока не будет произведен повторный взвод и спуск курка при снятом предохранителе.","Все вопросы / полный банк; Работники ЮЛ / все вопросы; Работники ЮЛ с особыми уставными задачами / Огневая подготовка; Огневая подготовка / все вопросы; Огневая / теория оружия, боеприпасы, баллистика; Огневая / безопасность обращения и команды; Огневая / практическая стрельба и упражнения",
440.0,Работники ЮЛ с особыми уставными задачами,ЮЛ,5.84,Огневая подготовка,Как следует производить перезарядку служебного (гладкоствольного длинноствольного) ружья с помповым механизмом?,"Быстрым движением цевья назад, и не задерживая в заднем положении, быстрым вперед.",Медленно назад и быстро вперед.,Быстро назад и медленно вперед.,1,"Быстрым движением цевья назад, и не задерживая в заднем положении, быстрым вперед.","Все вопросы / полный банк; Работники ЮЛ / все вопросы; Работники ЮЛ с особыми уставными задачами / Огневая подготовка; Огневая подготовка / все вопросы; Огневая / теория оружия, боеприпасы, баллистика",
